# Blender 5.1.1
# www.blender.org
mtllib Torchic.mtl
o Object_6
v -0.000000 0.183751 0.135794
v -0.046864 0.185989 0.131325
v 0.000000 0.155662 0.106626
v -0.088964 0.166577 0.092333
v -0.045680 0.158370 0.102947
v -0.093490 0.194363 0.116396
v 0.000000 0.135498 0.072169
v -0.084648 0.147163 0.061829
v -0.127348 0.180304 0.073944
v -0.043726 0.138582 0.069421
v 0.000000 0.122112 0.028169
v -0.131432 0.207786 0.090824
v -0.041365 0.125193 0.025963
v -0.157553 0.200150 0.041024
v 0.000000 0.117690 -0.026721
v -0.080219 0.134159 0.021154
v -0.159973 0.226054 0.050531
v -0.148929 0.179852 0.031667
v -0.122427 0.161640 0.048088
v -0.038952 0.120618 -0.027386
v -0.171170 0.234430 0.005559
v -0.117990 0.149973 0.014455
v -0.035588 0.127293 -0.077959
v -0.168281 0.237087 -0.038279
v -0.161867 0.201862 -0.036836
v -0.165203 0.201406 0.005545
v -0.147209 0.173465 0.008289
v -0.076537 0.129775 -0.029101
v 0.000000 0.124512 -0.077986
v -0.158059 0.238539 -0.077608
v -0.152057 0.204140 -0.079025
v -0.142942 0.170885 -0.034444
v -0.112848 0.146456 -0.031627
v -0.069999 0.134482 -0.077932
v -0.030274 0.146077 -0.124889
v -0.138891 0.240716 -0.116612
v -0.133243 0.173873 -0.078767
v -0.104135 0.149676 -0.078142
v 0.000000 0.143770 -0.125477
v -0.060415 0.152112 -0.123492
v -0.133105 0.210089 -0.118922
v -0.117251 0.184176 -0.119080
v -0.024645 0.169753 -0.165293
v 0.000000 0.167466 -0.166377
v -0.091150 0.164033 -0.121287
v -0.114057 0.244953 -0.152464
v -0.017993 0.200686 -0.199661
v -0.000000 0.198987 -0.200933
v -0.048590 0.175798 -0.163437
v -0.095445 0.201156 -0.157580
v -0.085669 0.251457 -0.184271
v -0.108215 0.219779 -0.155288
v -0.012618 0.229297 -0.222536
v -0.000000 0.228429 -0.223361
v -0.036337 0.205253 -0.197417
v -0.073981 0.186189 -0.160999
v -0.080966 0.235057 -0.187320
v -0.010070 0.248654 -0.234940
v -0.000000 0.247438 -0.235443
v -0.025694 0.232337 -0.220505
v -0.053106 0.211729 -0.194618
v -0.055572 0.262016 -0.212582
v -0.068817 0.222007 -0.191000
v -0.009539 0.260772 -0.241170
v -0.000000 0.261742 -0.242900
v -0.017647 0.251036 -0.233863
v -0.033690 0.235547 -0.219033
v -0.051539 0.251354 -0.215088
v -0.009442 0.271912 -0.244942
v -0.000000 0.272964 -0.246553
v -0.021486 0.256708 -0.235244
v -0.027428 0.274076 -0.235139
v -0.025401 0.266068 -0.236028
v -0.009783 0.279972 -0.245679
v -0.043559 0.241628 -0.217097
v -0.000000 0.281501 -0.248043
v -0.000000 0.183751 0.135794
v 0.000000 0.155662 0.106626
v 0.046864 0.185989 0.131325
v 0.045680 0.158370 0.102947
v 0.000000 0.135498 0.072169
v 0.088964 0.166578 0.092333
v 0.093490 0.194363 0.116396
v 0.000000 0.122112 0.028169
v 0.043726 0.138582 0.069420
v 0.127348 0.180305 0.073944
v 0.131432 0.207786 0.090824
v 0.041365 0.125193 0.025963
v 0.084648 0.147163 0.061829
v 0.157553 0.200150 0.041024
v 0.000000 0.117690 -0.026721
v 0.080220 0.134160 0.021154
v 0.159973 0.226055 0.050531
v 0.122427 0.161640 0.048088
v 0.148929 0.179852 0.031667
v 0.038953 0.120618 -0.027386
v 0.171170 0.234431 0.005559
v 0.117990 0.149973 0.014455
v 0.000000 0.124512 -0.077986
v 0.035589 0.127293 -0.077959
v 0.165203 0.201406 0.005545
v 0.076537 0.129775 -0.029101
v 0.147209 0.173466 0.008289
v 0.000000 0.143770 -0.125477
v 0.030274 0.146077 -0.124889
v 0.161867 0.201863 -0.036836
v 0.168281 0.237088 -0.038279
v 0.112848 0.146456 -0.031627
v 0.069999 0.134483 -0.077932
v 0.142942 0.170885 -0.034444
v 0.024645 0.169753 -0.165293
v 0.152057 0.204141 -0.079025
v 0.104136 0.149677 -0.078142
v 0.060416 0.152113 -0.123492
v 0.000000 0.167466 -0.166377
v 0.158059 0.238540 -0.077608
v 0.133243 0.173874 -0.078767
v 0.091151 0.164033 -0.121287
v 0.048590 0.175798 -0.163437
v 0.017993 0.200686 -0.199661
v 0.138891 0.240717 -0.116612
v 0.117251 0.184177 -0.119080
v 0.073981 0.186189 -0.160999
v -0.000000 0.198987 -0.200933
v 0.036336 0.205253 -0.197417
v 0.133105 0.210090 -0.118922
v 0.095445 0.201157 -0.157580
v 0.012618 0.229297 -0.222536
v 0.053106 0.211730 -0.194618
v 0.114057 0.244953 -0.152464
v 0.068817 0.222007 -0.191000
v 0.108215 0.219780 -0.155288
v -0.000000 0.228429 -0.223361
v 0.025694 0.232337 -0.220505
v 0.033690 0.235547 -0.219033
v 0.043559 0.241628 -0.217097
v 0.080965 0.235057 -0.187321
v 0.085669 0.251457 -0.184271
v 0.010069 0.248654 -0.234940
v 0.021486 0.256708 -0.235244
v 0.025401 0.266068 -0.236028
v 0.017646 0.251036 -0.233863
v 0.051539 0.251354 -0.215088
v 0.055572 0.262016 -0.212582
v -0.000000 0.247438 -0.235443
v 0.009539 0.260772 -0.241170
v 0.027428 0.274076 -0.235139
v -0.000000 0.261742 -0.242900
v 0.009442 0.271912 -0.244942
v 0.009783 0.279972 -0.245679
v -0.000000 0.272964 -0.246553
v -0.000000 0.281501 -0.248043
v 0.000000 0.351554 0.118601
v -0.028832 0.349867 0.113771
v 0.000000 0.328056 0.137878
v -0.053917 0.346992 0.095969
v -0.035201 0.327957 0.133996
v -0.069085 0.324599 0.115614
v -0.000000 0.295138 0.154118
v -0.069046 0.341853 0.070367
v -0.092834 0.322031 0.086398
v -0.041085 0.295336 0.148314
v -0.076711 0.336385 0.038826
v -0.108472 0.320528 0.050409
v -0.000000 0.257744 0.161310
v -0.081497 0.295989 0.129675
v -0.075979 0.332202 0.004418
v -0.113814 0.317144 0.006669
v -0.109099 0.298016 0.097005
v -0.044489 0.258420 0.155988
v -0.070808 0.328483 -0.030706
v -0.107515 0.314891 -0.033251
v -0.127793 0.301452 0.055706
v -0.000000 0.219139 0.155253
v -0.090168 0.262641 0.136864
v -0.095802 0.312870 -0.064520
v -0.129413 0.301927 -0.034899
v -0.134448 0.303238 0.006975
v -0.144915 0.280426 0.057397
v -0.123991 0.270822 0.103931
v -0.046406 0.220522 0.150257
v -0.000000 0.183751 0.135794
v -0.062418 0.325907 -0.055629
v -0.117739 0.300896 -0.068718
v -0.147851 0.285351 -0.036879
v -0.152834 0.285305 0.007064
v -0.156380 0.253915 0.056023
v -0.046864 0.185989 0.131325
v -0.094517 0.227285 0.132182
v -0.052071 0.325069 -0.072938
v -0.082556 0.312186 -0.087365
v -0.103451 0.300068 -0.096729
v -0.161852 0.263322 -0.038114
v -0.137058 0.284835 -0.072240
v -0.130871 0.238468 0.101853
v -0.166089 0.261970 0.006875
v -0.093490 0.194363 0.116396
v -0.043889 0.324927 -0.083078
v -0.065283 0.313604 -0.105136
v -0.080410 0.301409 -0.123432
v -0.120578 0.284299 -0.107190
v -0.151790 0.263736 -0.075552
v -0.159973 0.226054 0.050531
v -0.168281 0.237087 -0.038279
v -0.131432 0.207786 0.090824
v -0.034799 0.324455 -0.092204
v -0.053114 0.310243 -0.137708
v -0.097064 0.284409 -0.140290
v -0.109652 0.266687 -0.148504
v -0.133797 0.264482 -0.113410
v -0.171170 0.234430 0.005559
v -0.158059 0.238539 -0.077608
v -0.017757 0.323764 -0.103374
v -0.045804 0.316042 -0.118152
v -0.054757 0.305227 -0.156865
v -0.114057 0.244953 -0.152464
v -0.138891 0.240716 -0.116612
v -0.022431 0.320238 -0.127544
v -0.068343 0.287188 -0.180133
v -0.082110 0.269822 -0.181696
v -0.085669 0.251457 -0.184271
v 0.000000 0.323721 -0.107837
v -0.025145 0.316608 -0.146664
v -0.047295 0.300954 -0.179800
v -0.053971 0.275534 -0.209559
v -0.055572 0.262016 -0.212582
v -0.000000 0.321338 -0.128062
v -0.000000 0.318338 -0.147286
v -0.024908 0.313327 -0.163665
v -0.027428 0.274076 -0.235139
v -0.046856 0.288709 -0.206163
v 0.017757 0.323764 -0.103374
v 0.022431 0.320238 -0.127544
v -0.000000 0.314988 -0.164078
v -0.027820 0.282230 -0.231436
v -0.023011 0.309468 -0.180041
v 0.045803 0.316042 -0.118152
v 0.025144 0.316609 -0.146664
v -0.010228 0.287297 -0.242144
v -0.009783 0.279972 -0.245679
v -0.035803 0.296990 -0.204309
v 0.024907 0.313327 -0.163665
v 0.034799 0.324455 -0.092204
v 0.053114 0.310243 -0.137708
v -0.000000 0.288562 -0.244953
v -0.000000 0.281501 -0.248043
v -0.026288 0.290805 -0.224608
v -0.000000 0.311490 -0.180266
v 0.054756 0.305227 -0.156865
v 0.043889 0.324927 -0.083078
v 0.065283 0.313604 -0.105136
v 0.009783 0.279972 -0.245679
v -0.010622 0.293497 -0.233966
v -0.017890 0.303830 -0.202998
v 0.023011 0.309468 -0.180041
v 0.080409 0.301409 -0.123432
v 0.052071 0.325069 -0.072938
v -0.000000 0.294376 -0.235696
v 0.010228 0.287297 -0.242144
v 0.027428 0.274076 -0.235139
v -0.024105 0.295321 -0.217712
v -0.000000 0.305793 -0.202466
v 0.047294 0.300954 -0.179800
v 0.082556 0.312187 -0.087365
v -0.000000 0.300276 -0.220708
v 0.027820 0.282230 -0.231436
v 0.053970 0.275534 -0.209559
v -0.013346 0.298862 -0.220615
v 0.017889 0.303830 -0.202998
v 0.097063 0.284409 -0.140290
v 0.068343 0.287188 -0.180133
v 0.062418 0.325908 -0.055629
v 0.010622 0.293497 -0.233966
v 0.082110 0.269822 -0.181696
v 0.055572 0.262016 -0.212582
v 0.035803 0.296990 -0.204309
v 0.013346 0.298862 -0.220615
v 0.103450 0.300068 -0.096729
v 0.120578 0.284300 -0.107190
v 0.109652 0.266688 -0.148504
v 0.070808 0.328483 -0.030706
v 0.095802 0.312870 -0.064520
v 0.026287 0.290805 -0.224608
v 0.046856 0.288709 -0.206163
v 0.085669 0.251457 -0.184271
v 0.024105 0.295321 -0.217712
v 0.117739 0.300896 -0.068718
v 0.137057 0.284836 -0.072240
v 0.107515 0.314892 -0.033251
v 0.133797 0.264483 -0.113410
v 0.114057 0.244953 -0.152464
v 0.075980 0.332202 0.004418
v 0.129413 0.301927 -0.034899
v 0.138891 0.240717 -0.116612
v 0.113814 0.317145 0.006669
v 0.147851 0.285351 -0.036879
v 0.151790 0.263736 -0.075552
v 0.076711 0.336385 0.038826
v 0.134448 0.303238 0.006975
v 0.158059 0.238540 -0.077608
v 0.108472 0.320528 0.050409
v 0.152834 0.285306 0.007064
v 0.161852 0.263322 -0.038114
v 0.069046 0.341854 0.070367
v 0.127793 0.301452 0.055706
v 0.168281 0.237088 -0.038279
v 0.144915 0.280426 0.057397
v 0.053917 0.346992 0.095969
v 0.092834 0.322031 0.086398
v 0.166089 0.261971 0.006875
v 0.035201 0.327957 0.133996
v 0.069085 0.324599 0.115614
v 0.109099 0.298016 0.097005
v 0.171170 0.234431 0.005559
v 0.028832 0.349867 0.113771
v 0.123991 0.270822 0.103931
v 0.041085 0.295336 0.148314
v 0.156380 0.253916 0.056023
v 0.000000 0.328056 0.137878
v 0.081497 0.295989 0.129675
v 0.159973 0.226055 0.050531
v 0.000000 0.351554 0.118601
v -0.000000 0.295138 0.154118
v 0.130871 0.238468 0.101853
v 0.044489 0.258420 0.155988
v 0.090168 0.262641 0.136864
v -0.000000 0.257744 0.161310
v 0.131432 0.207786 0.090824
v 0.046406 0.220522 0.150257
v -0.000000 0.219139 0.155253
v 0.094517 0.227285 0.132182
v -0.000000 0.183751 0.135794
v 0.093490 0.194363 0.116396
v 0.046864 0.185989 0.131325
v -0.033690 0.235547 -0.219033
v -0.053106 0.211729 -0.194618
v -0.043559 0.241628 -0.217097
v -0.068817 0.222007 -0.191000
v -0.080966 0.235057 -0.187320
v -0.051539 0.251354 -0.215088
v 0.064677 0.030927 0.144142
v 0.083188 0.033569 0.125316
v 0.064677 0.041357 0.126414
v 0.080778 0.025705 0.142776
v 0.046165 0.033569 0.125316
v 0.075138 0.018326 0.150819
v 0.048576 0.025705 0.142776
v 0.064677 0.019988 0.153699
v 0.054215 0.018326 0.150819
v 0.081351 0.036783 0.100936
v 0.089480 0.017890 0.123122
v 0.087643 0.019843 0.100374
v 0.039873 0.017890 0.123123
v 0.048003 0.036783 0.100936
v 0.041711 0.019843 0.100373
v 0.064677 0.008231 0.155255
v 0.086259 0.012239 0.140422
v 0.077798 0.009009 0.151902
v 0.084547 0.019883 0.065271
v 0.064677 0.043960 0.100936
v 0.078437 0.037342 0.065271
v 0.043095 0.012240 0.140422
v 0.044807 0.019883 0.065271
v 0.051556 0.009009 0.151902
v 0.075911 0.035722 0.028266
v 0.079972 0.018346 0.027915
v 0.050917 0.037342 0.065271
v 0.064677 0.041221 0.065271
v 0.075977 0.040590 0.008735
v 0.053443 0.035722 0.028266
v 0.064677 0.038593 0.028266
v 0.064677 0.043085 0.012171
v 0.064693 0.048819 -0.000264
v 0.078959 0.047208 -0.008246
v 0.049381 0.018346 0.027915
v 0.053377 0.040590 0.008735
v 0.050428 0.047164 -0.008234
v 0.064677 -0.004660 0.119144
v 0.082443 -0.001653 0.120046
v 0.081577 -0.003465 0.138819
v 0.082046 -0.000153 0.099914
v 0.064677 -0.005749 0.138819
v 0.064677 -0.003035 0.099914
v 0.047776 -0.003465 0.138819
v 0.047308 -0.000153 0.099914
v 0.046910 -0.001653 0.120046
v 0.086259 0.012239 0.140422
v 0.087643 0.019843 0.100374
v 0.089480 0.017890 0.123122
v 0.055206 -0.006437 0.150929
v 0.074148 -0.006437 0.150929
v 0.064677 -0.008721 0.154531
v 0.050070 0.003345 0.065271
v 0.079284 0.003345 0.065271
v 0.064677 -0.000994 0.065271
v 0.043095 0.012240 0.140422
v 0.041711 0.019843 0.100373
v 0.039873 0.017890 0.123123
v 0.077798 0.009009 0.151902
v 0.064677 0.008231 0.155255
v 0.051556 0.009009 0.151902
v 0.076660 0.003817 0.028266
v 0.052693 0.003817 0.028266
v 0.064677 -0.000775 0.028266
v 0.084547 0.019883 0.065271
v 0.044807 0.019883 0.065271
v 0.077187 0.001807 0.007868
v 0.079972 0.018346 0.027915
v 0.049381 0.018346 0.027915
v 0.052166 0.001807 0.007868
v 0.064677 -0.001572 0.007707
v 0.110378 0.033634 0.043711
v 0.107107 0.032007 0.012249
v 0.095937 0.036616 0.018698
v 0.122604 0.028647 0.036653
v 0.084766 0.032007 0.025148
v 0.136810 0.031853 0.056362
v 0.098152 0.028647 0.050770
v 0.122464 0.037647 0.064645
v 0.108117 0.031853 0.072928
v 0.097401 0.037267 -0.005589
v 0.111900 0.018346 0.009481
v 0.102525 0.019789 -0.007292
v 0.079972 0.018346 0.027915
v 0.075977 0.040590 0.008735
v 0.150452 0.031867 0.076925
v 0.141860 0.015902 0.053447
v 0.103068 0.015902 0.075843
v 0.119104 0.031867 0.095024
v 0.092995 0.020151 -0.024741
v 0.086311 0.043820 0.001163
v 0.088671 0.044196 -0.024502
v 0.078959 0.047208 -0.008246
v 0.127347 0.016534 0.033914
v 0.093408 0.016534 0.053509
v 0.135185 0.038803 0.086680
v 0.155450 0.014264 0.072175
v 0.145273 0.029657 0.104152
v 0.158198 0.024702 0.095397
v 0.112491 0.014264 0.096977
v 0.161966 0.010356 0.090860
v 0.131228 0.024702 0.110967
v 0.157132 0.018048 0.104629
v 0.139757 0.018048 0.114661
v 0.149343 0.021017 0.111200
v 0.150876 0.007199 0.113858
v 0.125416 0.010356 0.111962
v 0.138880 0.007199 0.117676
v 0.160181 0.007199 0.105377
v 0.064829 0.076820 -0.010517
v 0.078410 0.075238 -0.017341
v 0.078174 0.099512 -0.022780
v 0.079011 0.054624 -0.011752
v 0.064926 0.101087 -0.016067
v 0.064745 0.056224 -0.004561
v 0.051679 0.099431 -0.022759
v 0.050481 0.054536 -0.011728
v 0.051249 0.075154 -0.017318
v 0.086725 0.096545 -0.036194
v 0.087980 0.051579 -0.026254
v 0.087051 0.072235 -0.031038
v 0.051619 0.124332 -0.027686
v 0.078432 0.124413 -0.027708
v 0.065025 0.125884 -0.021100
v 0.050428 0.047164 -0.008234
v 0.078959 0.047208 -0.008246
v 0.064693 0.048819 -0.000264
v 0.043132 0.096412 -0.036158
v 0.041518 0.051437 -0.026216
v 0.042612 0.072099 -0.031001
v 0.078274 0.093345 -0.049418
v 0.086990 0.121657 -0.040930
v 0.078535 0.118672 -0.053965
v 0.088671 0.044196 -0.024502
v 0.079120 0.048308 -0.040549
v 0.051665 0.130084 -0.027732
v 0.043066 0.121523 -0.040894
v 0.043116 0.130113 -0.041711
v 0.040721 0.044122 -0.024482
v 0.065032 0.117308 -0.060461
v 0.078513 0.069007 -0.044540
v 0.064931 0.091882 -0.056015
v 0.087041 0.130180 -0.041728
v 0.078589 0.130220 -0.054978
v 0.079067 0.040958 -0.040525
v 0.065069 0.130096 -0.020945
v 0.078479 0.130125 -0.027743
v 0.043129 0.141075 -0.039927
v 0.064835 0.067527 -0.051260
v 0.051586 0.093263 -0.049396
v 0.078597 0.144277 -0.053068
v 0.065087 0.129949 -0.062764
v 0.065092 0.145924 -0.060386
v 0.064753 0.046806 -0.047647
v 0.064699 0.039506 -0.048457
v 0.078499 0.137375 -0.025921
v 0.051685 0.137375 -0.025921
v 0.065092 0.136000 -0.020146
v 0.051526 0.118589 -0.053943
v 0.051153 0.068924 -0.044518
v 0.043132 0.096412 -0.036158
v 0.042612 0.072099 -0.031001
v 0.087055 0.141075 -0.039927
v 0.051580 0.130179 -0.054967
v 0.050328 0.040914 -0.040513
v 0.051403 0.187835 0.002479
v 0.078781 0.187835 0.002479
v 0.065092 0.186460 0.009617
v 0.042712 0.191535 -0.014522
v 0.050382 0.048220 -0.040526
v 0.041518 0.051437 -0.026216
v 0.043066 0.121523 -0.040894
v 0.078881 0.194737 -0.030612
v 0.065092 0.196385 -0.039339
v 0.087471 0.191535 -0.014522
v 0.040721 0.044122 -0.024482
v 0.043116 0.130113 -0.041711
v 0.051587 0.144277 -0.053068
v 0.051303 0.194737 -0.030612
v 0.043129 0.141075 -0.039927
v 0.042712 0.191535 -0.014522
v 0.064677 -0.001558 -0.024741
v 0.088377 0.005236 -0.024741
v 0.086877 0.001473 -0.000965
v 0.084658 0.003901 -0.040278
v 0.064677 -0.001558 -0.000965
v 0.064677 -0.001204 -0.040278
v 0.042477 0.001473 -0.000965
v 0.044695 0.003901 -0.040278
v 0.040976 0.005236 -0.024741
v 0.088699 0.019531 -0.040278
v 0.092995 0.020151 -0.024741
v 0.077187 0.001807 0.007868
v 0.049603 0.003715 -0.055540
v 0.079751 0.003715 -0.055540
v 0.064677 -0.000026 -0.055540
v 0.052166 0.001807 0.007868
v 0.040654 0.019531 -0.040278
v 0.036358 0.020151 -0.024741
v 0.083670 0.017557 -0.055540
v 0.064677 -0.001572 0.007707
v 0.052876 0.003530 -0.077573
v 0.045683 0.017557 -0.055540
v 0.050345 0.015839 -0.077573
v 0.079008 0.015839 -0.077573
v 0.076477 0.003530 -0.077573
v 0.046479 0.014420 -0.099403
v 0.064677 -0.000350 -0.077573
v 0.049124 0.002034 -0.099114
v 0.064677 -0.001650 -0.098949
v 0.082874 0.014420 -0.099402
v 0.047405 0.012993 -0.115343
v 0.080229 0.002034 -0.099114
v 0.050026 -0.000505 -0.114454
v 0.079328 -0.000505 -0.114454
v 0.064677 -0.003073 -0.114273
v 0.071999 -0.005156 -0.128239
v 0.057355 -0.005156 -0.128239
v 0.064677 -0.006362 -0.131836
v 0.053596 0.010410 -0.127830
v 0.081949 0.012993 -0.115342
v 0.064677 0.010511 -0.130984
v 0.075758 0.010410 -0.127830
v 0.132996 -0.003952 0.082887
v 0.122464 -0.003098 0.064645
v 0.137001 0.001548 0.056252
v 0.107926 0.001548 0.073038
v 0.149526 -0.000636 0.073555
v 0.116648 -0.000636 0.092537
v 0.157218 -0.003846 0.091325
v 0.128192 -0.003846 0.108084
v 0.142705 -0.006397 0.099704
v 0.122778 0.003340 0.036552
v 0.097977 0.003340 0.050871
v 0.110378 -0.001788 0.043711
v 0.161966 0.010356 0.090860
v 0.141860 0.015902 0.053447
v 0.155450 0.014264 0.072175
v 0.125416 0.010356 0.111962
v 0.103068 0.015902 0.075843
v 0.112491 0.014264 0.096977
v 0.155537 -0.007437 0.106568
v 0.142234 -0.007437 0.114249
v 0.150190 -0.009668 0.112669
v 0.106548 0.004700 0.012572
v 0.085325 0.004700 0.024825
v 0.095937 -0.000263 0.018698
v 0.160181 0.007199 0.105377
v 0.127347 0.016534 0.033914
v 0.138880 0.007199 0.117676
v 0.093408 0.016534 0.053509
v 0.150876 0.007199 0.113858
v 0.086877 0.001473 -0.000965
v 0.077187 0.001807 0.007868
v 0.111900 0.018346 0.009481
v 0.079972 0.018346 0.027915
v 0.097730 0.006361 -0.006238
v 0.088377 0.005236 -0.024741
v 0.092995 0.020151 -0.024741
v 0.102525 0.019789 -0.007292
v 0.018976 0.033634 0.043711
v 0.033417 0.036616 0.018698
v 0.022246 0.032007 0.012249
v 0.044588 0.032007 0.025148
v 0.006750 0.028647 0.036653
v 0.031202 0.028647 0.050770
v -0.007457 0.031853 0.056362
v 0.021236 0.031853 0.072928
v 0.006890 0.037647 0.064645
v 0.031952 0.037267 -0.005589
v 0.053377 0.040590 0.008735
v 0.043042 0.043820 0.001163
v -0.012506 0.015902 0.053447
v 0.017453 0.018346 0.009481
v 0.002006 0.016535 0.033914
v 0.026286 0.015902 0.075843
v 0.049381 0.018346 0.027915
v 0.035945 0.016535 0.053509
v -0.021099 0.031867 0.076925
v 0.010249 0.031867 0.095024
v -0.005832 0.038803 0.086680
v 0.050428 0.047164 -0.008234
v 0.026828 0.019789 -0.007292
v 0.040721 0.044122 -0.024482
v 0.036358 0.020151 -0.024741
v -0.015920 0.029657 0.104152
v 0.016862 0.014264 0.096977
v -0.026097 0.014264 0.072175
v -0.001875 0.024702 0.110967
v -0.028844 0.024702 0.095397
v -0.010404 0.018048 0.114660
v -0.027778 0.018048 0.104629
v -0.019989 0.021017 0.111200
v -0.021523 0.007199 0.113858
v 0.003938 0.010356 0.111962
v -0.009526 0.007199 0.117676
v -0.032612 0.010356 0.090860
v -0.030828 0.007199 0.105377
v -0.003642 -0.003952 0.082887
v -0.020173 -0.000636 0.073555
v -0.007648 0.001548 0.056252
v -0.027865 -0.003846 0.091325
v 0.006890 -0.003098 0.064645
v -0.013352 -0.006397 0.099704
v 0.021428 0.001548 0.073038
v 0.001161 -0.003846 0.108084
v 0.012705 -0.000636 0.092537
v -0.012506 0.015902 0.053447
v -0.032612 0.010356 0.090860
v -0.026097 0.014264 0.072175
v 0.031384 0.003340 0.050875
v 0.006567 0.003340 0.036548
v 0.018976 -0.001788 0.043711
v -0.012880 -0.007437 0.114249
v -0.026184 -0.007437 0.106569
v -0.020837 -0.009668 0.112669
v 0.026286 0.015902 0.075843
v 0.003938 0.010356 0.111962
v 0.016862 0.014264 0.096977
v -0.030828 0.007199 0.105377
v 0.022805 0.004700 0.012572
v 0.044029 0.004700 0.024825
v 0.033417 -0.000263 0.018698
v 0.002006 0.016535 0.033914
v -0.021523 0.007199 0.113858
v -0.009526 0.007199 0.117676
v 0.035945 0.016535 0.053509
v 0.042477 0.001473 -0.000965
v 0.052166 0.001807 0.007868
v 0.017453 0.018346 0.009481
v 0.049381 0.018346 0.027915
v 0.031623 0.006361 -0.006238
v 0.040976 0.005236 -0.024741
v 0.036358 0.020151 -0.024741
v 0.026828 0.019789 -0.007292
v 0.064677 0.033540 -0.100070
v 0.077398 0.029798 -0.099833
v 0.077028 0.027230 -0.115525
v 0.075428 0.028378 -0.077573
v 0.064677 0.030972 -0.116313
v 0.064677 0.032120 -0.077573
v 0.052325 0.027230 -0.115525
v 0.053925 0.028378 -0.077573
v 0.051955 0.029798 -0.099833
v 0.082874 0.014420 -0.099402
v 0.079008 0.015839 -0.077573
v 0.055522 0.020931 -0.123601
v 0.073832 0.020931 -0.123601
v 0.064677 0.022765 -0.125980
v 0.064677 0.034647 -0.055922
v 0.046479 0.014420 -0.099403
v 0.050345 0.015839 -0.077573
v 0.083670 0.017557 -0.055540
v 0.081949 0.012993 -0.115342
v 0.064677 0.010511 -0.130984
v 0.047405 0.012993 -0.115343
v 0.053596 0.010410 -0.127830
v 0.051234 0.031514 -0.055922
v 0.078119 0.031514 -0.055922
v 0.064699 0.039506 -0.048457
v 0.045683 0.017557 -0.055540
v 0.075758 0.010410 -0.127830
v 0.079067 0.040958 -0.040525
v 0.050328 0.040914 -0.040513
v 0.088699 0.019531 -0.040278
v 0.040654 0.019531 -0.040278
v 0.088671 0.044196 -0.024502
v 0.040721 0.044122 -0.024482
v 0.036358 0.020151 -0.024741
v 0.092995 0.020151 -0.024741
v -0.110378 0.033634 0.043711
v -0.095937 0.036616 0.018698
v -0.107107 0.032007 0.012249
v -0.084766 0.032007 0.025148
v -0.122604 0.028647 0.036653
v -0.098152 0.028647 0.050770
v -0.136811 0.031853 0.056362
v -0.108117 0.031853 0.072928
v -0.122464 0.037647 0.064645
v -0.097401 0.037267 -0.005589
v -0.075977 0.040590 0.008735
v -0.086311 0.043820 0.001163
v -0.141860 0.015902 0.053447
v -0.111901 0.018346 0.009482
v -0.127348 0.016534 0.033914
v -0.103068 0.015902 0.075843
v -0.079973 0.018346 0.027915
v -0.093409 0.016534 0.053509
v -0.150452 0.031867 0.076925
v -0.119105 0.031867 0.095024
v -0.135186 0.038803 0.086680
v -0.078959 0.047208 -0.008246
v -0.102525 0.019789 -0.007292
v -0.088671 0.044196 -0.024502
v -0.092996 0.020151 -0.024741
v -0.145273 0.029657 0.104152
v -0.112492 0.014264 0.096977
v -0.155450 0.014264 0.072175
v -0.131229 0.024702 0.110967
v -0.158198 0.024702 0.095397
v -0.139757 0.018048 0.114661
v -0.157132 0.018048 0.104630
v -0.149343 0.021017 0.111201
v -0.150877 0.007199 0.113858
v -0.125416 0.010356 0.111962
v -0.138880 0.007199 0.117676
v -0.161966 0.010356 0.090860
v -0.160182 0.007199 0.105377
v -0.064829 0.076820 -0.010517
v -0.064926 0.101087 -0.016067
v -0.078174 0.099512 -0.022780
v -0.051680 0.099431 -0.022759
v -0.078410 0.075238 -0.017341
v -0.051249 0.075154 -0.017318
v -0.079012 0.054624 -0.011752
v -0.050481 0.054536 -0.011728
v -0.064745 0.056224 -0.004561
v -0.078432 0.124414 -0.027708
v -0.051619 0.124332 -0.027686
v -0.065025 0.125884 -0.021100
v -0.087980 0.051579 -0.026254
v -0.086726 0.096545 -0.036194
v -0.087052 0.072235 -0.031038
v -0.041518 0.051437 -0.026216
v -0.043133 0.096412 -0.036158
v -0.042613 0.072099 -0.031001
v -0.078959 0.047208 -0.008246
v -0.050428 0.047164 -0.008234
v -0.064693 0.048819 -0.000264
v -0.078479 0.130125 -0.027743
v -0.086991 0.121657 -0.040930
v -0.087041 0.130180 -0.041728
v -0.043067 0.121523 -0.040894
v -0.051665 0.130084 -0.027732
v -0.043116 0.130113 -0.041711
v -0.079121 0.048308 -0.040549
v -0.088671 0.044196 -0.024502
v -0.040721 0.044122 -0.024482
v -0.087055 0.141075 -0.039927
v -0.065069 0.130096 -0.020945
v -0.078499 0.137375 -0.025921
v -0.078535 0.118672 -0.053965
v -0.078589 0.130220 -0.054978
v -0.043129 0.141075 -0.039927
v -0.078513 0.069007 -0.044540
v -0.078274 0.093345 -0.049418
v -0.079068 0.040958 -0.040525
v -0.087472 0.191535 -0.014522
v -0.078597 0.144277 -0.053068
v -0.078881 0.194738 -0.030612
v -0.051685 0.137375 -0.025921
v -0.065092 0.136000 -0.020146
v -0.064932 0.091882 -0.056015
v -0.064835 0.067527 -0.051260
v -0.065032 0.117308 -0.060461
v -0.064753 0.046806 -0.047647
v -0.064699 0.039506 -0.048457
v -0.078781 0.187835 0.002479
v -0.065092 0.196385 -0.039339
v -0.042712 0.191535 -0.014522
v -0.065088 0.129949 -0.062764
v -0.065092 0.145924 -0.060386
v -0.051587 0.093263 -0.049396
v -0.050328 0.040914 -0.040513
v -0.065092 0.186460 0.009617
v -0.051403 0.187835 0.002479
v -0.051580 0.130179 -0.054967
v -0.051587 0.144277 -0.053068
v -0.051303 0.194738 -0.030612
v -0.051154 0.068924 -0.044518
v -0.050382 0.048220 -0.040526
v -0.040721 0.044122 -0.024482
v -0.051526 0.118589 -0.053943
v -0.043129 0.141075 -0.039927
v -0.042712 0.191535 -0.014522
v -0.041518 0.051437 -0.026216
v -0.042613 0.072099 -0.031001
v -0.043067 0.121523 -0.040894
v -0.043116 0.130113 -0.041711
v -0.043133 0.096412 -0.036158
v -0.064677 -0.001558 -0.024741
v -0.086877 0.001473 -0.000965
v -0.088377 0.005236 -0.024741
v -0.064677 -0.001558 -0.000965
v -0.084659 0.003901 -0.040278
v -0.042477 0.001473 -0.000965
v -0.064677 -0.001204 -0.040278
v -0.040977 0.005236 -0.024741
v -0.044695 0.003901 -0.040278
v -0.077188 0.001807 0.007868
v -0.088699 0.019531 -0.040278
v -0.092996 0.020151 -0.024741
v -0.052166 0.001807 0.007868
v -0.049603 0.003715 -0.055540
v -0.079751 0.003715 -0.055540
v -0.064677 -0.000026 -0.055540
v -0.040655 0.019531 -0.040278
v -0.036358 0.020151 -0.024741
v -0.064677 -0.001572 0.007707
v -0.083671 0.017557 -0.055540
v -0.052877 0.003530 -0.077573
v -0.045683 0.017557 -0.055540
v -0.050345 0.015839 -0.077573
v -0.079009 0.015839 -0.077573
v -0.064677 -0.000350 -0.077573
v -0.076477 0.003530 -0.077573
v -0.046480 0.014420 -0.099402
v -0.064677 -0.001650 -0.098949
v -0.082874 0.014420 -0.099402
v -0.049124 0.002034 -0.099114
v -0.047405 0.012993 -0.115343
v -0.080230 0.002034 -0.099114
v -0.081949 0.012993 -0.115343
v -0.050026 -0.000505 -0.114454
v -0.053596 0.010410 -0.127830
v -0.079328 -0.000505 -0.114454
v -0.075758 0.010410 -0.127830
v -0.057355 -0.005156 -0.128239
v -0.064677 0.010511 -0.130984
v -0.071999 -0.005156 -0.128239
v -0.064677 -0.003073 -0.114273
v -0.064677 -0.006362 -0.131836
v -0.132996 -0.003952 0.082887
v -0.149527 -0.000636 0.073555
v -0.137002 0.001548 0.056252
v -0.157219 -0.003846 0.091325
v -0.122464 -0.003098 0.064645
v -0.142705 -0.006397 0.099704
v -0.107926 0.001548 0.073038
v -0.128192 -0.003846 0.108084
v -0.116649 -0.000636 0.092537
v -0.141860 0.015902 0.053447
v -0.161966 0.010356 0.090860
v -0.155450 0.014264 0.072175
v -0.097977 0.003340 0.050871
v -0.122779 0.003340 0.036552
v -0.110378 -0.001788 0.043711
v -0.142234 -0.007437 0.114249
v -0.155537 -0.007437 0.106569
v -0.150190 -0.009668 0.112669
v -0.103068 0.015902 0.075843
v -0.125416 0.010356 0.111962
v -0.112492 0.014264 0.096977
v -0.160182 0.007199 0.105377
v -0.106548 0.004700 0.012572
v -0.085325 0.004700 0.024825
v -0.095937 -0.000263 0.018698
v -0.127348 0.016534 0.033914
v -0.150877 0.007199 0.113858
v -0.138880 0.007199 0.117676
v -0.093409 0.016534 0.053509
v -0.086877 0.001473 -0.000965
v -0.077188 0.001807 0.007868
v -0.111901 0.018346 0.009482
v -0.079973 0.018346 0.027915
v -0.097731 0.006361 -0.006238
v -0.088377 0.005236 -0.024741
v -0.092996 0.020151 -0.024741
v -0.102525 0.019789 -0.007292
v -0.064677 0.030927 0.144142
v -0.083189 0.033568 0.125316
v -0.080778 0.025705 0.142776
v -0.064677 0.041357 0.126414
v -0.075138 0.018326 0.150819
v -0.046165 0.033568 0.125316
v -0.064677 0.019988 0.153699
v -0.048576 0.025705 0.142776
v -0.054215 0.018326 0.150819
v -0.089480 0.017890 0.123123
v -0.081351 0.036783 0.100936
v -0.087643 0.019843 0.100374
v -0.064677 0.008231 0.155255
v -0.086259 0.012239 0.140422
v -0.077798 0.009009 0.151902
v -0.039873 0.017890 0.123122
v -0.048003 0.036783 0.100936
v -0.041711 0.019843 0.100373
v -0.084547 0.019883 0.065271
v -0.064677 0.043960 0.100936
v -0.078437 0.037342 0.065271
v -0.051556 0.009009 0.151902
v -0.043095 0.012239 0.140422
v -0.044807 0.019883 0.065271
v -0.075911 0.035722 0.028266
v -0.079973 0.018346 0.027915
v -0.050917 0.037342 0.065271
v -0.064677 0.041221 0.065271
v -0.075977 0.040590 0.008735
v -0.053443 0.035722 0.028266
v -0.064677 0.038593 0.028266
v -0.064677 0.043085 0.012172
v -0.064693 0.048819 -0.000264
v -0.078959 0.047208 -0.008246
v -0.049381 0.018346 0.027915
v -0.053377 0.040590 0.008735
v -0.050428 0.047164 -0.008234
v -0.064677 -0.004660 0.119144
v -0.064677 -0.005749 0.138819
v -0.081577 -0.003465 0.138819
v -0.047776 -0.003465 0.138819
v -0.082444 -0.001654 0.120046
v -0.046910 -0.001654 0.120046
v -0.082046 -0.000153 0.099914
v -0.047308 -0.000153 0.099914
v -0.064677 -0.003035 0.099914
v -0.074148 -0.006437 0.150929
v -0.055206 -0.006437 0.150929
v -0.064677 -0.008721 0.154531
v -0.087643 0.019843 0.100374
v -0.086259 0.012239 0.140422
v -0.089480 0.017890 0.123123
v -0.041711 0.019843 0.100373
v -0.043095 0.012239 0.140422
v -0.039873 0.017890 0.123122
v -0.079284 0.003345 0.065271
v -0.050070 0.003345 0.065271
v -0.064677 -0.000994 0.065271
v -0.064677 0.008231 0.155255
v -0.077798 0.009009 0.151902
v -0.051556 0.009009 0.151902
v -0.052694 0.003817 0.028266
v -0.076660 0.003817 0.028266
v -0.064677 -0.000775 0.028266
v -0.044807 0.019883 0.065271
v -0.084547 0.019883 0.065271
v -0.052166 0.001807 0.007868
v -0.049381 0.018346 0.027915
v -0.079973 0.018346 0.027915
v -0.077188 0.001807 0.007868
v -0.064677 -0.001572 0.007707
v -0.018976 0.033634 0.043711
v -0.022247 0.032007 0.012249
v -0.033417 0.036616 0.018698
v -0.006750 0.028647 0.036653
v -0.044588 0.032007 0.025148
v 0.007457 0.031853 0.056362
v -0.031202 0.028647 0.050770
v -0.006890 0.037647 0.064645
v -0.021237 0.031853 0.072928
v -0.031953 0.037267 -0.005589
v -0.017453 0.018346 0.009481
v -0.026829 0.019789 -0.007292
v -0.049381 0.018346 0.027915
v -0.053377 0.040590 0.008735
v 0.021098 0.031867 0.076925
v 0.012506 0.015902 0.053447
v -0.026286 0.015902 0.075843
v -0.010249 0.031867 0.095024
v -0.036358 0.020151 -0.024741
v -0.043043 0.043820 0.001163
v -0.040721 0.044122 -0.024482
v -0.050428 0.047164 -0.008234
v -0.002007 0.016534 0.033914
v -0.035945 0.016534 0.053509
v 0.005832 0.038803 0.086680
v 0.026096 0.014264 0.072175
v 0.015919 0.029657 0.104152
v 0.028844 0.024702 0.095397
v -0.016862 0.014264 0.096977
v 0.032612 0.010356 0.090860
v 0.001875 0.024702 0.110967
v 0.027778 0.018048 0.104629
v 0.010403 0.018048 0.114661
v 0.019989 0.021017 0.111200
v 0.021523 0.007199 0.113858
v -0.003938 0.010356 0.111962
v 0.009526 0.007199 0.117676
v 0.030828 0.007199 0.105377
v 0.003642 -0.003952 0.082887
v -0.006890 -0.003098 0.064645
v 0.007648 0.001548 0.056252
v -0.021428 0.001548 0.073038
v 0.020173 -0.000636 0.073555
v -0.012705 -0.000636 0.092537
v 0.027865 -0.003846 0.091325
v -0.001162 -0.003846 0.108084
v 0.013351 -0.006397 0.099704
v -0.006567 0.003340 0.036548
v -0.031385 0.003340 0.050875
v -0.018976 -0.001788 0.043711
v 0.032612 0.010356 0.090860
v 0.012506 0.015902 0.053447
v 0.026096 0.014264 0.072175
v -0.003938 0.010356 0.111962
v -0.026286 0.015902 0.075843
v -0.016862 0.014264 0.096977
v 0.026183 -0.007437 0.106569
v 0.012880 -0.007437 0.114249
v 0.020836 -0.009668 0.112669
v -0.022806 0.004700 0.012572
v -0.044029 0.004700 0.024825
v -0.033417 -0.000263 0.018698
v 0.030828 0.007199 0.105377
v -0.002007 0.016534 0.033914
v 0.009526 0.007199 0.117676
v -0.035945 0.016534 0.053509
v 0.021523 0.007199 0.113858
v -0.042477 0.001473 -0.000965
v -0.052166 0.001807 0.007868
v -0.017453 0.018346 0.009481
v -0.049381 0.018346 0.027915
v -0.031624 0.006361 -0.006238
v -0.040977 0.005236 -0.024741
v -0.036358 0.020151 -0.024741
v -0.026829 0.019789 -0.007292
v -0.064677 0.033540 -0.100070
v -0.064677 0.030972 -0.116314
v -0.077028 0.027230 -0.115525
v -0.052326 0.027230 -0.115525
v -0.077398 0.029798 -0.099833
v -0.051956 0.029798 -0.099833
v -0.075429 0.028378 -0.077573
v -0.053925 0.028378 -0.077573
v -0.064677 0.032120 -0.077573
v -0.073832 0.020931 -0.123601
v -0.055522 0.020931 -0.123601
v -0.064677 0.022765 -0.125980
v -0.079009 0.015839 -0.077573
v -0.082874 0.014420 -0.099402
v -0.050345 0.015839 -0.077573
v -0.046480 0.014420 -0.099402
v -0.064677 0.034647 -0.055922
v -0.064677 0.010511 -0.130984
v -0.081949 0.012993 -0.115343
v -0.075758 0.010410 -0.127830
v -0.083671 0.017557 -0.055540
v -0.047405 0.012993 -0.115343
v -0.045683 0.017557 -0.055540
v -0.078119 0.031514 -0.055922
v -0.051235 0.031514 -0.055922
v -0.064699 0.039506 -0.048457
v -0.053596 0.010410 -0.127830
v -0.050328 0.040914 -0.040513
v -0.079068 0.040958 -0.040525
v -0.040655 0.019531 -0.040278
v -0.088699 0.019531 -0.040278
v -0.040721 0.044122 -0.024482
v -0.088671 0.044196 -0.024502
v -0.092996 0.020151 -0.024741
v -0.036358 0.020151 -0.024741
v -0.025062 0.311399 -0.169906
v 0.000000 0.317917 -0.188326
v -0.000000 0.308679 -0.148054
v -0.025694 0.308148 -0.225599
v -0.026516 0.309070 -0.139922
v -0.070271 0.316454 -0.175745
v -0.046681 0.306769 -0.129527
v -0.063140 0.313561 -0.157237
v -0.085821 0.296080 -0.147602
v -0.112119 0.300299 -0.182251
v -0.065106 0.305262 -0.115743
v -0.123805 0.305110 -0.130325
v -0.113016 0.302933 -0.123115
v -0.079822 0.303370 -0.098393
v -0.092774 0.301757 -0.082447
v -0.143174 0.281013 -0.114452
v -0.171141 0.274767 -0.130141
v -0.173784 0.298102 -0.087630
v -0.150259 0.297147 -0.080869
v -0.101098 0.301015 -0.067461
v -0.110013 0.301917 -0.045957
v -0.180296 0.273103 -0.054421
v -0.209755 0.266695 -0.058289
v -0.198103 0.289905 -0.018942
v -0.169446 0.294642 -0.020931
v -0.114630 0.302001 -0.023858
v -0.119618 0.303324 0.003747
v -0.181734 0.271333 0.008943
v -0.214426 0.258463 0.012275
v -0.193684 0.290340 0.040603
v -0.169037 0.296395 0.036264
v -0.119234 0.304442 0.027946
v -0.112844 0.303131 0.052823
v -0.169590 0.274726 0.067003
v -0.200293 0.259400 0.076606
v -0.162446 0.292496 0.102091
v -0.144822 0.299336 0.093068
v -0.104280 0.301536 0.075284
v -0.097255 0.300340 0.090949
v -0.132140 0.270901 0.118925
v -0.160082 0.255628 0.141723
v -0.119950 0.287797 0.153143
v -0.103639 0.286847 0.135052
v -0.080106 0.298364 0.111223
v -0.081751 0.281041 0.145654
v -0.063894 0.300330 0.121106
v -0.036976 0.299316 0.147209
v -0.028081 0.310147 0.127850
v -0.106926 0.261912 0.179900
v -0.068920 0.281008 0.165660
v -0.050818 0.261635 0.173715
v 0.025062 0.311399 -0.169906
v -0.000000 0.308679 -0.148054
v 0.000000 0.317917 -0.188326
v 0.026516 0.309070 -0.139922
v 0.025694 0.308148 -0.225599
v 0.046681 0.306769 -0.129527
v 0.070271 0.316454 -0.175745
v 0.063140 0.313561 -0.157237
v 0.065106 0.305262 -0.115743
v 0.085821 0.296080 -0.147602
v 0.112119 0.300299 -0.182251
v 0.123805 0.305110 -0.130325
v 0.113016 0.302933 -0.123115
v 0.079822 0.303370 -0.098393
v 0.092774 0.301757 -0.082447
v 0.143174 0.281013 -0.114452
v 0.171141 0.274767 -0.130142
v 0.173784 0.298102 -0.087630
v 0.150259 0.297147 -0.080869
v 0.101098 0.301015 -0.067461
v 0.110013 0.301917 -0.045957
v 0.180296 0.273103 -0.054421
v 0.209755 0.266695 -0.058289
v 0.198103 0.289906 -0.018942
v 0.169446 0.294643 -0.020931
v 0.114630 0.302001 -0.023859
v 0.119618 0.303324 0.003747
v 0.181734 0.271333 0.008943
v 0.214426 0.258463 0.012275
v 0.193684 0.290340 0.040603
v 0.169038 0.296395 0.036264
v 0.119234 0.304442 0.027946
v 0.112844 0.303131 0.052823
v 0.169590 0.274726 0.067003
v 0.200292 0.259400 0.076606
v 0.162446 0.292496 0.102091
v 0.144822 0.299337 0.093068
v 0.104280 0.301536 0.075284
v 0.097255 0.300340 0.090949
v 0.132141 0.270901 0.118925
v 0.160082 0.255628 0.141723
v 0.119950 0.287797 0.153143
v 0.103639 0.286847 0.135052
v 0.080106 0.298364 0.111223
v 0.081752 0.281041 0.145654
v 0.063894 0.300330 0.121106
v 0.036976 0.299316 0.147209
v 0.028081 0.310147 0.127850
v 0.106926 0.261912 0.179900
v 0.068920 0.281008 0.165660
v 0.050818 0.261635 0.173715
v -0.029136 0.324894 -0.207024
v -0.034887 0.336535 -0.188503
v 0.000000 0.335760 -0.179361
v -0.065844 0.332270 -0.166453
v 0.000000 0.317917 -0.188326
v -0.070271 0.316454 -0.175745
v -0.025694 0.308148 -0.225599
v 0.000000 0.347939 -0.167752
v -0.060954 0.346662 -0.156368
v -0.107645 0.319895 -0.168633
v -0.112119 0.300299 -0.182251
v -0.100626 0.334167 -0.153484
v -0.123805 0.305110 -0.130325
v -0.122007 0.323118 -0.125808
v -0.117373 0.339344 -0.118296
v -0.150586 0.326032 -0.109972
v -0.161310 0.304767 -0.119448
v -0.171141 0.274767 -0.130141
v -0.173784 0.298102 -0.087630
v -0.166599 0.316672 -0.085617
v -0.154712 0.333545 -0.082175
v -0.180676 0.316006 -0.054472
v -0.196167 0.295463 -0.056126
v -0.209755 0.266695 -0.058289
v -0.198103 0.289905 -0.018942
v -0.185623 0.311338 -0.018704
v -0.175041 0.324012 -0.018668
v -0.067099 0.344411 0.136403
v -0.049245 0.367391 0.103649
v -0.102601 0.329136 0.135535
v -0.018165 0.344978 0.119841
v -0.082123 0.325072 0.163968
v -0.028024 0.330914 0.136936
v -0.040733 0.312783 0.158974
v -0.139373 0.340771 0.128141
v -0.088911 0.383522 0.065266
v -0.025746 0.327927 0.135210
v -0.021303 0.335323 0.122727
v -0.101203 0.298892 0.195562
v -0.138476 0.330568 0.090280
v -0.171016 0.345930 0.070341
v -0.095733 0.390809 0.024805
v -0.028081 0.310147 0.127850
v -0.164487 0.309585 0.148542
v -0.036976 0.299316 0.147209
v -0.167956 0.326814 0.036689
v -0.192066 0.342186 0.012364
v -0.092582 0.391731 -0.020850
v -0.208058 0.309727 0.081007
v -0.175041 0.324012 -0.018668
v -0.185048 0.346540 -0.053081
v -0.087333 0.390815 -0.063599
v -0.224593 0.307116 0.014184
v -0.154712 0.333545 -0.082175
v -0.160842 0.350540 -0.111024
v -0.117373 0.339344 -0.118296
v -0.111244 0.361150 -0.152327
v -0.032248 0.387236 -0.110718
v -0.228946 0.310380 -0.059835
v -0.194867 0.322748 -0.134210
v -0.060954 0.346662 -0.156368
v -0.039263 0.365666 -0.181336
v -0.000000 0.385674 -0.122548
v -0.129607 0.338704 -0.188830
v 0.000000 0.347939 -0.167752
v -0.045216 0.343606 -0.217559
v -0.203167 0.290561 0.011108
v -0.180192 0.312090 0.038298
v -0.187050 0.312905 0.010713
v -0.193684 0.290340 0.040603
v -0.185623 0.311338 -0.018704
v -0.214426 0.258463 0.012275
v -0.198103 0.289905 -0.018942
v -0.167956 0.326814 0.036689
v -0.186453 0.293009 0.072002
v -0.171590 0.313880 0.068249
v -0.175041 0.324012 -0.018668
v -0.200293 0.259400 0.076606
v -0.152114 0.311721 0.097167
v -0.138476 0.330568 0.090280
v -0.162446 0.292496 0.102091
v -0.133177 0.314866 0.124021
v -0.147174 0.290835 0.134101
v -0.160082 0.255628 0.141723
v -0.119950 0.287797 0.153143
v -0.111914 0.310843 0.145419
v -0.102601 0.329136 0.135535
v -0.090494 0.302382 0.168479
v -0.096872 0.289428 0.173569
v -0.106926 0.261912 0.179900
v -0.068920 0.281008 0.165660
v -0.067276 0.302357 0.166413
v -0.040733 0.312783 0.158974
v -0.052787 0.292626 0.172351
v -0.036976 0.299316 0.147209
v -0.050818 0.261635 0.173715
v 0.029136 0.324894 -0.207024
v 0.000000 0.335760 -0.179361
v 0.034887 0.336535 -0.188503
v 0.000000 0.317917 -0.188326
v 0.065844 0.332270 -0.166453
v 0.025694 0.308148 -0.225599
v 0.070271 0.316454 -0.175745
v 0.000000 0.347939 -0.167752
v 0.107645 0.319895 -0.168634
v 0.060954 0.346662 -0.156368
v 0.100626 0.334168 -0.153484
v 0.112119 0.300299 -0.182251
v 0.122007 0.323119 -0.125808
v 0.117373 0.339344 -0.118296
v 0.123805 0.305110 -0.130325
v 0.150586 0.326032 -0.109972
v 0.161310 0.304767 -0.119448
v 0.171141 0.274767 -0.130142
v 0.173784 0.298102 -0.087630
v 0.166599 0.316672 -0.085617
v 0.154712 0.333546 -0.082175
v 0.180676 0.316007 -0.054472
v 0.196167 0.295463 -0.056126
v 0.209755 0.266695 -0.058289
v 0.198103 0.289906 -0.018942
v 0.185623 0.311338 -0.018704
v 0.175041 0.324013 -0.018668
v 0.067099 0.344411 0.136403
v 0.102601 0.329136 0.135535
v 0.049245 0.367391 0.103649
v 0.082124 0.325072 0.163968
v 0.018165 0.344978 0.119841
v 0.040733 0.312783 0.158974
v 0.028024 0.330914 0.136936
v 0.139373 0.340772 0.128141
v 0.101204 0.298892 0.195562
v 0.164487 0.309586 0.148542
v 0.025746 0.327927 0.135210
v 0.021303 0.335323 0.122727
v 0.088911 0.383523 0.065266
v 0.138476 0.330569 0.090280
v 0.028081 0.310147 0.127850
v 0.036976 0.299316 0.147209
v 0.171016 0.345931 0.070341
v 0.208058 0.309728 0.081007
v 0.095733 0.390810 0.024805
v 0.167956 0.326815 0.036689
v 0.192066 0.342187 0.012364
v 0.224593 0.307117 0.014184
v 0.092582 0.391732 -0.020850
v 0.175041 0.324013 -0.018668
v 0.185048 0.346540 -0.053081
v 0.228946 0.310381 -0.059835
v 0.087333 0.390815 -0.063599
v 0.154712 0.333546 -0.082175
v 0.160842 0.350541 -0.111024
v 0.194868 0.322748 -0.134210
v 0.117373 0.339344 -0.118296
v 0.111244 0.361150 -0.152327
v 0.032248 0.387236 -0.110718
v 0.060954 0.346662 -0.156368
v 0.129607 0.338704 -0.188830
v 0.039263 0.365666 -0.181336
v -0.000000 0.385674 -0.122548
v 0.045216 0.343606 -0.217559
v 0.000000 0.347939 -0.167752
v 0.203167 0.290561 0.011108
v 0.187050 0.312905 0.010713
v 0.180192 0.312090 0.038298
v 0.185623 0.311338 -0.018704
v 0.193684 0.290340 0.040603
v 0.198103 0.289906 -0.018942
v 0.214426 0.258463 0.012275
v 0.167956 0.326815 0.036689
v 0.175041 0.324013 -0.018668
v 0.186453 0.293009 0.072002
v 0.200292 0.259400 0.076606
v 0.171590 0.313881 0.068249
v 0.162446 0.292496 0.102091
v 0.152114 0.311722 0.097167
v 0.138476 0.330569 0.090280
v 0.133177 0.314866 0.124021
v 0.147174 0.290835 0.134101
v 0.160082 0.255628 0.141723
v 0.119950 0.287797 0.153143
v 0.111914 0.310843 0.145419
v 0.102601 0.329136 0.135535
v 0.090494 0.302382 0.168479
v 0.096872 0.289428 0.173569
v 0.106926 0.261912 0.179900
v 0.068920 0.281008 0.165660
v 0.067276 0.302357 0.166413
v 0.040733 0.312783 0.158974
v 0.052787 0.292626 0.172351
v 0.036976 0.299316 0.147209
v 0.050818 0.261635 0.173715
v -0.045216 0.343606 -0.217559
v -0.034887 0.336535 -0.188503
v -0.060954 0.346662 -0.156368
v 0.000000 0.347939 -0.167752
v -0.129607 0.338704 -0.188830
v -0.100626 0.334167 -0.153484
v -0.117373 0.339344 -0.118296
v -0.060954 0.346662 -0.156368
v -0.101203 0.298892 0.195562
v -0.090494 0.302382 0.168479
v -0.040733 0.312783 0.158974
v -0.102601 0.329136 0.135535
v -0.133177 0.314866 0.124021
v -0.102601 0.329136 0.135535
v -0.164487 0.309585 0.148542
v -0.138476 0.330568 0.090280
v -0.208058 0.309727 0.081007
v -0.171590 0.313880 0.068249
v -0.138476 0.330568 0.090280
v -0.167956 0.326814 0.036689
v -0.224593 0.307116 0.014184
v -0.187050 0.312905 0.010713
v -0.167956 0.326814 0.036689
v -0.175041 0.324012 -0.018668
v -0.228946 0.310380 -0.059835
v -0.180676 0.316006 -0.054472
v -0.175041 0.324012 -0.018668
v -0.154712 0.333545 -0.082175
v -0.194867 0.322748 -0.134210
v -0.150586 0.326032 -0.109972
v -0.154712 0.333545 -0.082175
v -0.117373 0.339344 -0.118296
v 0.034887 0.336535 -0.188503
v 0.045216 0.343606 -0.217559
v 0.060954 0.346662 -0.156368
v 0.000000 0.347939 -0.167752
v 0.100626 0.334168 -0.153484
v 0.129607 0.338704 -0.188830
v 0.117373 0.339344 -0.118296
v 0.060954 0.346662 -0.156368
v 0.090494 0.302382 0.168479
v 0.101204 0.298892 0.195562
v 0.040733 0.312783 0.158974
v 0.102601 0.329136 0.135535
v 0.133177 0.314866 0.124021
v 0.164487 0.309586 0.148542
v 0.102601 0.329136 0.135535
v 0.138476 0.330569 0.090280
v 0.171590 0.313881 0.068249
v 0.208058 0.309728 0.081007
v 0.138476 0.330569 0.090280
v 0.167956 0.326815 0.036689
v 0.187050 0.312905 0.010713
v 0.224593 0.307117 0.014184
v 0.167956 0.326815 0.036689
v 0.175041 0.324013 -0.018668
v 0.180676 0.316007 -0.054472
v 0.228946 0.310381 -0.059835
v 0.175041 0.324013 -0.018668
v 0.154712 0.333546 -0.082175
v 0.150586 0.326032 -0.109972
v 0.194868 0.322748 -0.134210
v 0.154712 0.333546 -0.082175
v 0.117373 0.339344 -0.118296
v 0.000000 0.337945 -0.038399
v -0.044313 0.340314 -0.038606
v 0.000000 0.343665 -0.083383
v -0.043934 0.345666 -0.083717
v -0.087553 0.347386 -0.040274
v -0.043216 0.354993 -0.124176
v 0.000000 0.353726 -0.125863
v -0.087355 0.351968 -0.087230
v -0.081366 0.357929 -0.118558
v -0.046378 0.371737 -0.160851
v -0.000000 0.371119 -0.163935
v -0.000000 0.398656 -0.196001
v -0.088955 0.373707 -0.149893
v -0.051085 0.398937 -0.191522
v -0.118427 0.360289 -0.084829
v -0.127801 0.358993 -0.042665
v -0.103623 0.359555 -0.106453
v -0.122823 0.374144 -0.128790
v -0.148149 0.374490 -0.095780
v -0.142436 0.399150 -0.151508
v -0.099721 0.399755 -0.177959
v -0.054949 0.431612 -0.215237
v -0.000000 0.431511 -0.220127
v -0.000000 0.467693 -0.234989
v -0.165525 0.375015 -0.048939
v -0.176108 0.398685 -0.111046
v -0.198358 0.398452 -0.057658
v -0.158485 0.432188 -0.170713
v -0.199783 0.432274 -0.125837
v -0.228079 0.432970 -0.066965
v -0.108898 0.431901 -0.200486
v -0.167695 0.468043 -0.182429
v -0.212843 0.468701 -0.135516
v -0.245438 0.470351 -0.073212
v -0.220076 0.509069 -0.142117
v -0.254145 0.510941 -0.077253
v -0.251737 0.555276 -0.078391
v -0.057275 0.467893 -0.230439
v -0.114546 0.468038 -0.214540
v -0.173027 0.507794 -0.190326
v -0.117626 0.507212 -0.223367
v -0.058319 0.506732 -0.239913
v -0.000001 0.506474 -0.244613
v -0.218263 0.553948 -0.143601
v -0.171819 0.552879 -0.191020
v -0.116200 0.552645 -0.223534
v -0.057014 0.552018 -0.239923
v -0.000001 0.551767 -0.245235
v -0.000001 0.598719 -0.236004
v -0.237403 0.603249 -0.076490
v -0.206979 0.601888 -0.139963
v -0.205672 0.651151 -0.070726
v -0.163395 0.600674 -0.183886
v -0.182441 0.648528 -0.127533
v -0.168180 0.686282 -0.064137
v -0.110790 0.599884 -0.215799
v -0.146528 0.646864 -0.166903
v -0.151137 0.684024 -0.111672
v -0.136787 0.709595 -0.059641
v -0.055219 0.599087 -0.230854
v -0.100490 0.645780 -0.196417
v -0.050237 0.644327 -0.211809
v -0.000001 0.644607 -0.217171
v -0.000001 0.681038 -0.188992
v -0.044066 0.680667 -0.183066
v -0.000001 0.707362 -0.155029
v -0.123119 0.682912 -0.145023
v -0.088711 0.681680 -0.167588
v -0.038287 0.706644 -0.150663
v -0.076060 0.706732 -0.135024
v -0.000001 0.726323 -0.116887
v -0.032802 0.725869 -0.112276
v -0.000001 0.734937 -0.095611
v -0.029461 0.734617 -0.091134
v -0.063779 0.725493 -0.102217
v -0.061065 0.732917 -0.081492
v -0.095543 0.707565 -0.119429
v -0.087093 0.725178 -0.080979
v -0.121838 0.708876 -0.097341
v -0.103916 0.724611 -0.057725
v -0.094464 0.727476 -0.060158
v -0.076858 0.730217 -0.074118
v 0.000000 0.337945 -0.038399
v 0.000000 0.343665 -0.083383
v 0.044313 0.340314 -0.038606
v 0.043934 0.345666 -0.083717
v 0.087553 0.347386 -0.040274
v 0.043216 0.354993 -0.124176
v 0.000000 0.353726 -0.125863
v 0.087355 0.351968 -0.087230
v 0.081366 0.357929 -0.118558
v 0.046378 0.371737 -0.160851
v -0.000000 0.371119 -0.163935
v -0.000000 0.398656 -0.196001
v 0.088955 0.373708 -0.149893
v 0.051085 0.398938 -0.191522
v 0.118427 0.360289 -0.084829
v 0.127801 0.358994 -0.042665
v 0.103623 0.359555 -0.106453
v 0.122823 0.374145 -0.128791
v 0.148148 0.374491 -0.095780
v 0.142436 0.399152 -0.151508
v 0.099720 0.399756 -0.177959
v 0.054948 0.431612 -0.215237
v -0.000000 0.431511 -0.220127
v -0.000000 0.467693 -0.234989
v 0.165525 0.375016 -0.048939
v 0.176108 0.398687 -0.111046
v 0.198358 0.398453 -0.057658
v 0.158485 0.432189 -0.170713
v 0.199782 0.432276 -0.125837
v 0.228078 0.432972 -0.066965
v 0.108898 0.431902 -0.200486
v 0.167694 0.468044 -0.182430
v 0.212842 0.468702 -0.135516
v 0.245437 0.470353 -0.073212
v 0.220075 0.509070 -0.142117
v 0.254144 0.510943 -0.077253
v 0.251735 0.555278 -0.078391
v 0.057274 0.467894 -0.230439
v 0.114545 0.468039 -0.214540
v 0.173026 0.507795 -0.190326
v 0.117625 0.507213 -0.223367
v 0.058318 0.506733 -0.239913
v -0.000001 0.506474 -0.244613
v 0.218261 0.553950 -0.143601
v 0.171818 0.552880 -0.191020
v 0.116199 0.552646 -0.223534
v 0.057012 0.552019 -0.239923
v -0.000001 0.551767 -0.245235
v -0.000001 0.598719 -0.236004
v 0.237401 0.603251 -0.076490
v 0.206977 0.601890 -0.139963
v 0.205670 0.651153 -0.070726
v 0.163393 0.600675 -0.183886
v 0.182439 0.648529 -0.127533
v 0.168177 0.686283 -0.064137
v 0.110789 0.599885 -0.215799
v 0.146526 0.646865 -0.166903
v 0.151134 0.684025 -0.111672
v 0.136785 0.709596 -0.059641
v 0.055217 0.599087 -0.230854
v 0.100487 0.645780 -0.196417
v 0.050235 0.644327 -0.211809
v -0.000001 0.644607 -0.217171
v -0.000001 0.681038 -0.188992
v 0.044063 0.680667 -0.183066
v -0.000001 0.707362 -0.155029
v 0.123116 0.682913 -0.145023
v 0.088709 0.681681 -0.167588
v 0.038284 0.706644 -0.150663
v 0.076058 0.706733 -0.135024
v -0.000001 0.726323 -0.116887
v 0.032799 0.725869 -0.112276
v -0.000001 0.734937 -0.095611
v 0.029458 0.734617 -0.091134
v 0.063776 0.725493 -0.102217
v 0.061062 0.732918 -0.081492
v 0.095540 0.707566 -0.119429
v 0.087090 0.725178 -0.080979
v 0.121835 0.708877 -0.097341
v 0.103913 0.724612 -0.057725
v 0.094461 0.727477 -0.060158
v 0.076855 0.730218 -0.074118
v -0.065001 0.450946 0.246309
v -0.066600 0.456816 0.248816
v -0.073748 0.448828 0.245139
v -0.078541 0.457817 0.246219
v -0.075478 0.465064 0.250724
v -0.063931 0.461053 0.251523
v -0.063421 0.473677 0.259108
v -0.053363 0.469196 0.258468
v -0.043516 0.481518 0.264655
v -0.036619 0.476725 0.265877
v -0.063502 0.490344 0.260683
v -0.029317 0.493954 0.269009
v -0.024320 0.485813 0.270035
v -0.010192 0.494188 0.273403
v -0.027666 0.523807 0.269095
v -0.062743 0.523763 0.259835
v -0.061488 0.560273 0.254414
v -0.012780 0.504122 0.272469
v -0.000001 0.496776 0.274716
v -0.000001 0.560388 0.265014
v -0.000001 0.528374 0.271328
v -0.000001 0.507342 0.273871
v 0.012779 0.504122 0.272469
v 0.027665 0.523807 0.269095
v 0.010191 0.494188 0.273403
v 0.029316 0.493954 0.269009
v 0.024319 0.485813 0.270035
v 0.036618 0.476725 0.265877
v -0.000001 0.611005 0.242962
v -0.057597 0.610395 0.235642
v 0.061487 0.560274 0.254414
v 0.062742 0.523764 0.259835
v 0.063501 0.490345 0.260683
v 0.043515 0.481518 0.264655
v 0.063420 0.473677 0.259108
v 0.053362 0.469197 0.258468
v 0.063930 0.461054 0.251523
v 0.075477 0.465064 0.250724
v 0.066600 0.456817 0.248816
v 0.078540 0.457818 0.246219
v 0.073747 0.448829 0.245139
v 0.065000 0.450947 0.246309
v 0.057595 0.610396 0.235642
v -0.000001 0.660517 0.202008
v -0.052070 0.659039 0.197379
v -0.045652 0.696646 0.150370
v -0.105166 0.655772 0.181127
v -0.119488 0.608068 0.214673
v -0.172022 0.607039 0.177746
v -0.092616 0.691937 0.137921
v -0.150681 0.653232 0.150374
v -0.211864 0.605772 0.127335
v -0.130522 0.687194 0.116735
v -0.184711 0.651855 0.107637
v -0.041697 0.723512 0.101837
v -0.082787 0.717393 0.093548
v -0.000001 0.698460 0.154108
v -0.000001 0.725742 0.104437
v 0.045649 0.696646 0.150370
v 0.052068 0.659039 0.197379
v 0.105164 0.655773 0.181127
v 0.119486 0.608069 0.214673
v 0.172021 0.607041 0.177746
v -0.157425 0.684065 0.085942
v -0.116558 0.709318 0.080891
v -0.000001 0.740982 0.052325
v -0.038582 0.738378 0.050520
v -0.075869 0.731901 0.046248
v 0.041694 0.723512 0.101837
v 0.092614 0.691937 0.137921
v 0.150679 0.653233 0.150374
v 0.211862 0.605773 0.127335
v -0.237065 0.604540 0.066898
v -0.206002 0.651974 0.054559
v -0.110114 0.721479 0.040769
v -0.139783 0.702510 0.068387
v -0.172056 0.685132 0.043564
v -0.143845 0.706864 0.037212
v -0.034497 0.744650 -0.001827
v -0.070099 0.738101 -0.003215
v -0.105739 0.726128 -0.004978
v -0.143539 0.708660 -0.007129
v -0.174202 0.685957 -0.007955
v -0.212098 0.651370 -0.007324
v -0.245219 0.604448 -0.005311
v 0.082785 0.717393 0.093548
v 0.130519 0.687195 0.116735
v 0.184709 0.651856 0.107637
v 0.038580 0.738378 0.050520
v -0.062128 0.739338 -0.031097
v -0.078934 0.733928 -0.038705
v -0.136787 0.709595 -0.059641
v -0.168180 0.686282 -0.064137
v -0.205672 0.651151 -0.070726
v -0.237403 0.603249 -0.076490
v -0.251737 0.555276 -0.078391
v -0.260864 0.556429 -0.003694
v -0.254145 0.510941 -0.077253
v -0.103916 0.724611 -0.057725
v -0.094464 0.727476 -0.060158
v -0.072467 0.735787 -0.050745
v -0.055764 0.740372 -0.046255
v -0.031881 0.744009 -0.039522
v -0.032495 0.744446 -0.024589
v -0.000001 0.746143 -0.036993
v -0.000001 0.747187 -0.001506
v -0.000001 0.746796 -0.022952
v 0.032492 0.744447 -0.024589
v 0.034495 0.744650 -0.001827
v 0.031878 0.744010 -0.039522
v 0.062125 0.739339 -0.031097
v 0.055761 0.740372 -0.046255
v 0.072465 0.735788 -0.050745
v 0.070096 0.738102 -0.003215
v 0.078931 0.733929 -0.038705
v 0.094461 0.727477 -0.060158
v 0.103913 0.724612 -0.057725
v 0.105736 0.726128 -0.004978
v 0.136785 0.709596 -0.059641
v 0.075866 0.731902 0.046248
v 0.143536 0.708661 -0.007129
v 0.168177 0.686283 -0.064137
v 0.110111 0.721480 0.040769
v 0.116556 0.709319 0.080891
v 0.174200 0.685958 -0.007955
v 0.205670 0.651153 -0.070726
v 0.143842 0.706865 0.037212
v 0.139780 0.702511 0.068387
v 0.172054 0.685133 0.043564
v 0.157422 0.684066 0.085942
v 0.206000 0.651976 0.054558
v 0.212096 0.651371 -0.007324
v 0.237401 0.603251 -0.076490
v 0.245217 0.604450 -0.005311
v 0.251735 0.555278 -0.078391
v 0.237063 0.604541 0.066898
v 0.260862 0.556432 -0.003694
v 0.254144 0.510943 -0.077253
v 0.252357 0.557879 0.072411
v 0.224420 0.558634 0.136214
v 0.264284 0.513452 -0.002084
v 0.254901 0.515649 0.074424
v 0.227262 0.517950 0.139305
v 0.245437 0.470353 -0.073212
v 0.256900 0.473063 -0.000272
v 0.228078 0.432972 -0.066965
v 0.249004 0.477595 0.074542
v 0.223111 0.481552 0.139197
v 0.213007 0.446289 0.136857
v 0.235708 0.439891 0.073498
v 0.192449 0.411250 0.131592
v 0.240724 0.435189 0.001861
v 0.207487 0.403152 0.070877
v 0.209168 0.399558 0.005082
v 0.198358 0.398453 -0.057658
v 0.165525 0.375016 -0.048939
v 0.162019 0.383012 0.125509
v 0.162948 0.422504 0.182764
v 0.173048 0.376876 0.068093
v 0.173204 0.374857 0.007900
v 0.127801 0.358994 -0.042665
v 0.138772 0.396129 0.175310
v 0.126338 0.433154 0.217369
v 0.123134 0.363116 0.119434
v 0.130138 0.358072 0.064842
v 0.131141 0.357457 0.009851
v 0.087553 0.347386 -0.040274
v 0.110857 0.411001 0.209993
v 0.096118 0.441732 0.236347
v 0.108218 0.375961 0.167263
v 0.082568 0.350541 0.114228
v 0.086938 0.345616 0.062525
v 0.088113 0.345082 0.010401
v 0.044313 0.340314 -0.038606
v 0.044344 0.337680 0.010616
v 0.000000 0.337945 -0.038399
v 0.000000 0.335166 0.010554
v 0.000000 0.335925 0.060566
v 0.043573 0.338328 0.061091
v 0.041321 0.343614 0.111113
v 0.000000 0.341440 0.110207
v 0.073286 0.362781 0.161061
v 0.037186 0.355646 0.157625
v 0.000000 0.353456 0.156765
v 0.088854 0.392649 0.204959
v 0.061797 0.379685 0.200991
v 0.031766 0.372415 0.198218
v -0.000000 0.370073 0.197237
v 0.085369 0.427002 0.234933
v 0.068747 0.415356 0.235939
v 0.048596 0.405554 0.236517
v 0.026127 0.399004 0.236432
v -0.000000 0.396674 0.236503
v 0.073747 0.448829 0.245139
v 0.064720 0.440030 0.247405
v 0.065000 0.450947 0.246309
v 0.060148 0.449616 0.244813
v 0.047208 0.443487 0.248627
v 0.051018 0.433708 0.251761
v 0.033697 0.439291 0.254130
v 0.036999 0.428818 0.255722
v 0.020357 0.425750 0.259230
v 0.018325 0.436771 0.256995
v 0.000000 0.435326 0.258542
v -0.000000 0.424284 0.261026
v -0.252358 0.557877 0.072411
v -0.224421 0.558632 0.136214
v -0.264285 0.513450 -0.002084
v -0.245438 0.470351 -0.073212
v -0.254902 0.515647 0.074424
v -0.256901 0.473061 -0.000272
v -0.228079 0.432970 -0.066965
v -0.227263 0.517949 0.139305
v -0.249005 0.477593 0.074542
v -0.223112 0.481550 0.139197
v -0.213008 0.446288 0.136857
v -0.235709 0.439889 0.073498
v -0.192449 0.411248 0.131592
v -0.240725 0.435188 0.001861
v -0.207487 0.403151 0.070877
v -0.209169 0.399557 0.005082
v -0.198358 0.398452 -0.057658
v -0.165525 0.375015 -0.048939
v -0.162019 0.383011 0.125509
v -0.162948 0.422503 0.182764
v -0.173048 0.376875 0.068093
v -0.173204 0.374855 0.007900
v -0.127801 0.358993 -0.042665
v -0.138773 0.396128 0.175310
v -0.126339 0.433154 0.217369
v -0.123134 0.363116 0.119434
v -0.130138 0.358071 0.064842
v -0.131141 0.357456 0.009851
v -0.087553 0.347386 -0.040274
v -0.110857 0.411000 0.209993
v -0.096119 0.441731 0.236347
v -0.108218 0.375960 0.167263
v -0.082568 0.350540 0.114228
v -0.086938 0.345615 0.062525
v -0.088113 0.345082 0.010401
v -0.044313 0.340314 -0.038606
v -0.044344 0.337680 0.010616
v 0.000000 0.337945 -0.038399
v 0.000000 0.335166 0.010554
v 0.000000 0.335925 0.060566
v -0.043573 0.338328 0.061091
v -0.041321 0.343614 0.111113
v 0.000000 0.341440 0.110207
v -0.073286 0.362780 0.161061
v -0.037186 0.355646 0.157625
v 0.000000 0.353456 0.156765
v -0.088854 0.392648 0.204959
v -0.061797 0.379684 0.200991
v -0.031766 0.372415 0.198218
v -0.000000 0.370073 0.197237
v -0.085370 0.427002 0.234933
v -0.068748 0.415356 0.235939
v -0.048596 0.405554 0.236517
v -0.026127 0.399004 0.236432
v -0.000000 0.396674 0.236503
v -0.073748 0.448828 0.245139
v -0.064720 0.440030 0.247405
v -0.065001 0.450946 0.246309
v -0.060148 0.449616 0.244813
v -0.047208 0.443487 0.248627
v -0.051018 0.433708 0.251761
v -0.033697 0.439291 0.254130
v -0.036999 0.428818 0.255722
v -0.020357 0.425750 0.259230
v -0.018325 0.436771 0.256995
v 0.000000 0.435326 0.258542
v -0.000000 0.424284 0.261026
v -0.046841 0.841142 -0.102793
v -0.066555 0.831977 -0.108317
v -0.043660 0.813512 -0.089450
v -0.074258 0.869204 -0.125649
v -0.021646 0.817106 -0.085698
v -0.048753 0.873733 -0.118574
v -0.012501 0.839074 -0.096531
v 0.000000 0.864543 -0.108822
v 0.000000 0.854645 -0.103998
v -0.053820 0.807672 -0.091545
v -0.079374 0.828612 -0.096881
v -0.085312 0.854263 -0.118683
v -0.073458 0.911203 -0.145233
v -0.027809 0.788350 -0.071981
v 0.000000 0.876108 -0.114920
v -0.061785 0.805318 -0.085586
v -0.038618 0.781650 -0.074158
v -0.096920 0.849755 -0.107401
v -0.107634 0.874835 -0.128274
v -0.045826 0.913834 -0.137879
v -0.064435 0.952724 -0.164595
v -0.062274 0.782925 -0.069410
v -0.087221 0.793123 -0.074486
v -0.079362 0.786903 -0.071311
v -0.029944 0.765381 -0.060698
v -0.119265 0.870794 -0.117830
v -0.135079 0.894908 -0.137635
v -0.038738 0.953669 -0.157247
v -0.048120 0.994393 -0.184025
v 0.000000 0.915312 -0.133934
v -0.105921 0.815343 -0.085538
v -0.048152 0.775605 -0.065888
v -0.077919 0.773532 -0.065607
v -0.140763 0.886501 -0.126705
v -0.161343 0.900669 -0.133406
v -0.168907 0.914845 -0.146931
v -0.027225 0.992094 -0.175835
v -0.012979 1.022595 -0.191521
v -0.028673 1.031772 -0.201455
v 0.000000 0.954619 -0.153219
v -0.121499 0.837436 -0.097124
v -0.113242 0.775328 -0.071478
v -0.151063 0.880639 -0.119689
v -0.139233 0.861416 -0.109050
v -0.176021 0.874644 -0.128186
v 0.000000 1.037174 -0.197131
v 0.000000 0.992783 -0.171826
v -0.095384 0.755572 -0.062296
v -0.075040 0.764101 -0.061538
v -0.144413 0.823598 -0.094962
v -0.130482 0.798871 -0.082854
v -0.163074 0.876788 -0.122111
v 0.000000 1.071924 -0.220178
v -0.083627 0.744568 -0.056185
v -0.115088 0.742966 -0.067684
v -0.103484 0.732935 -0.062816
v -0.156447 0.850781 -0.108343
v -0.131471 0.761462 -0.075686
v -0.162494 0.810037 -0.098073
v -0.148609 0.784467 -0.086323
v -0.067066 0.751609 -0.054036
v -0.094464 0.727476 -0.060158
v -0.172412 0.841543 -0.112751
v -0.072467 0.735787 -0.050745
v -0.055764 0.740372 -0.046255
v 0.046841 0.841142 -0.102793
v 0.043661 0.813512 -0.089450
v 0.066555 0.831977 -0.108317
v 0.021646 0.817106 -0.085698
v 0.074258 0.869204 -0.125649
v 0.012501 0.839074 -0.096531
v 0.048753 0.873733 -0.118574
v 0.000000 0.854645 -0.103998
v 0.000000 0.864543 -0.108822
v 0.053820 0.807672 -0.091545
v 0.027809 0.788350 -0.071981
v 0.038618 0.781650 -0.074158
v 0.073458 0.911203 -0.145233
v 0.000000 0.876108 -0.114920
v 0.079374 0.828612 -0.096881
v 0.085312 0.854263 -0.118683
v 0.029944 0.765381 -0.060698
v 0.045826 0.913834 -0.137879
v 0.064435 0.952724 -0.164595
v 0.061785 0.805318 -0.085586
v 0.096920 0.849755 -0.107401
v 0.107634 0.874835 -0.128274
v 0.048153 0.775605 -0.065888
v 0.038738 0.953669 -0.157247
v 0.048120 0.994393 -0.184025
v 0.000000 0.915312 -0.133934
v 0.087221 0.793123 -0.074486
v 0.062273 0.782925 -0.069410
v 0.079362 0.786903 -0.071311
v 0.119265 0.870793 -0.117830
v 0.105921 0.815343 -0.085538
v 0.121499 0.837436 -0.097123
v 0.027225 0.992094 -0.175835
v 0.012979 1.022595 -0.191521
v 0.028673 1.031772 -0.201455
v 0.000000 0.954619 -0.153219
v 0.077919 0.773532 -0.065607
v 0.135079 0.894908 -0.137635
v 0.144413 0.823598 -0.094962
v 0.139233 0.861416 -0.109050
v 0.156447 0.850781 -0.108343
v 0.000000 1.037174 -0.197131
v 0.000000 1.071924 -0.220178
v 0.000000 0.992783 -0.171826
v 0.113242 0.775328 -0.071478
v 0.095384 0.755572 -0.062296
v 0.075040 0.764101 -0.061538
v 0.140763 0.886501 -0.126705
v 0.161343 0.900669 -0.133406
v 0.168907 0.914845 -0.146931
v 0.172411 0.841543 -0.112751
v 0.130483 0.798871 -0.082854
v 0.162494 0.810037 -0.098073
v 0.083626 0.744568 -0.056185
v 0.067065 0.751609 -0.054036
v 0.176021 0.874644 -0.128186
v 0.151063 0.880639 -0.119689
v 0.163074 0.876788 -0.122110
v 0.148609 0.784467 -0.086323
v 0.115087 0.742966 -0.067684
v 0.131471 0.761462 -0.075686
v 0.072465 0.735788 -0.050745
v 0.055761 0.740372 -0.046255
v 0.103482 0.732935 -0.062816
v 0.094461 0.727477 -0.060158
v -0.113242 0.767146 -0.089022
v -0.095384 0.746837 -0.081031
v -0.115088 0.742966 -0.067684
v -0.077919 0.761177 -0.092104
v -0.131471 0.761462 -0.075686
v -0.087741 0.781101 -0.100269
v -0.130482 0.791068 -0.099590
v -0.106686 0.803834 -0.110215
v -0.103484 0.732935 -0.062816
v -0.075040 0.751599 -0.088347
v -0.083627 0.735533 -0.076240
v -0.148609 0.784467 -0.086323
v -0.079374 0.821050 -0.113094
v -0.079107 0.774675 -0.097529
v -0.061785 0.797444 -0.102471
v -0.094464 0.727476 -0.060158
v -0.065408 0.738315 -0.083411
v -0.162494 0.810037 -0.098073
v -0.096920 0.842724 -0.122480
v -0.144413 0.816377 -0.110449
v -0.121499 0.826925 -0.119666
v -0.062274 0.770664 -0.095704
v -0.053820 0.805597 -0.095990
v -0.038618 0.773481 -0.091675
v -0.076858 0.730217 -0.074118
v -0.119265 0.864236 -0.131892
v -0.085312 0.854263 -0.118683
v -0.107634 0.874835 -0.128274
v -0.172412 0.841543 -0.112751
v -0.048152 0.763260 -0.092362
v -0.066555 0.831977 -0.108317
v -0.043660 0.805676 -0.106254
v -0.061065 0.732917 -0.081492
v -0.139233 0.851482 -0.130352
v -0.156447 0.844106 -0.122661
v -0.135079 0.894908 -0.137635
v -0.029944 0.751498 -0.090472
v -0.046841 0.839859 -0.121736
v -0.028587 0.775361 -0.099839
v -0.012501 0.827530 -0.121284
v -0.021646 0.805112 -0.111420
v -0.163074 0.871368 -0.133733
v -0.140763 0.881132 -0.138221
v -0.151063 0.871988 -0.138240
v -0.176021 0.874644 -0.128186
v -0.074258 0.869204 -0.125649
v 0.000000 0.843260 -0.128412
v -0.161343 0.895373 -0.144766
v -0.048753 0.866697 -0.133666
v -0.073458 0.911203 -0.145233
v 0.000000 0.853319 -0.132894
v -0.168907 0.914845 -0.146931
v -0.045825 0.907261 -0.151976
v -0.064435 0.952724 -0.164595
v 0.000000 0.865422 -0.137833
v -0.038738 0.947703 -0.170041
v -0.048120 0.994393 -0.184025
v 0.000000 0.905191 -0.155645
v -0.027225 0.986641 -0.187529
v -0.012979 1.018264 -0.200810
v -0.028673 1.031772 -0.201455
v 0.000000 0.945229 -0.173359
v 0.000000 1.031932 -0.208373
v 0.000000 1.071924 -0.220178
v 0.000000 0.984012 -0.190633
v 0.113242 0.767146 -0.089022
v 0.115087 0.742966 -0.067684
v 0.095384 0.746836 -0.081031
v 0.131471 0.761462 -0.075686
v 0.077919 0.761177 -0.092104
v 0.130482 0.791068 -0.099590
v 0.087741 0.781101 -0.100269
v 0.106686 0.803834 -0.110215
v 0.103482 0.732935 -0.062816
v 0.148609 0.784467 -0.086323
v 0.079107 0.774675 -0.097529
v 0.075040 0.751599 -0.088347
v 0.144413 0.816377 -0.110449
v 0.079374 0.821050 -0.113094
v 0.121499 0.826925 -0.119666
v 0.096920 0.842724 -0.122480
v 0.083626 0.735534 -0.076240
v 0.094461 0.727477 -0.060158
v 0.162494 0.810037 -0.098073
v 0.061785 0.797443 -0.102471
v 0.062273 0.770664 -0.095704
v 0.119265 0.864235 -0.131892
v 0.085312 0.854263 -0.118683
v 0.107634 0.874835 -0.128274
v 0.076855 0.730218 -0.074118
v 0.065407 0.738315 -0.083411
v 0.172411 0.841543 -0.112751
v 0.156447 0.844106 -0.122661
v 0.038618 0.773481 -0.091675
v 0.048153 0.763260 -0.092362
v 0.066555 0.831977 -0.108317
v 0.053820 0.805597 -0.095990
v 0.135079 0.894908 -0.137635
v 0.139233 0.851482 -0.130352
v 0.140763 0.881131 -0.138220
v 0.061062 0.732918 -0.081492
v 0.176021 0.874644 -0.128186
v 0.029944 0.751498 -0.090472
v 0.043661 0.805676 -0.106254
v 0.046841 0.839859 -0.121736
v 0.074258 0.869204 -0.125649
v 0.161343 0.895373 -0.144766
v 0.168907 0.914845 -0.146931
v 0.163074 0.871368 -0.133732
v 0.151063 0.871987 -0.138239
v 0.028587 0.775361 -0.099839
v 0.048753 0.866697 -0.133666
v 0.012501 0.827530 -0.121284
v 0.000000 0.853319 -0.132894
v 0.000000 0.843260 -0.128412
v 0.021646 0.805112 -0.111420
v 0.073458 0.911203 -0.145233
v 0.000000 0.865422 -0.137833
v 0.045826 0.907261 -0.151976
v 0.064435 0.952724 -0.164595
v 0.038738 0.947703 -0.170041
v 0.048120 0.994393 -0.184025
v 0.000000 0.905191 -0.155645
v 0.027225 0.986641 -0.187529
v 0.012979 1.018264 -0.200810
v 0.028673 1.031772 -0.201455
v 0.000000 0.945229 -0.173359
v 0.000000 1.031932 -0.208373
v 0.000000 0.984012 -0.190633
v 0.000000 1.071924 -0.220178
v -0.062308 0.773298 -0.058602
v -0.077919 0.773532 -0.065607
v -0.075040 0.764101 -0.061538
v -0.079362 0.786903 -0.071311
v -0.067066 0.751609 -0.054036
v -0.062274 0.782925 -0.069410
v -0.049693 0.762204 -0.050455
v -0.048152 0.775605 -0.065888
v -0.055764 0.740372 -0.046255
v -0.029944 0.765381 -0.060698
v -0.031881 0.744009 -0.039522
v 0.000000 0.770073 -0.050165
v -0.000001 0.746143 -0.036993
v -0.027809 0.788350 -0.071981
v 0.000000 0.793949 -0.064430
v -0.021646 0.817106 -0.085698
v 0.000000 0.820007 -0.081338
v -0.012501 0.839074 -0.096531
v 0.000000 0.854645 -0.103998
v -0.061549 0.755676 -0.096396
v -0.077919 0.761177 -0.092104
v -0.079107 0.774675 -0.097529
v -0.075040 0.751599 -0.088347
v -0.062274 0.770664 -0.095704
v -0.065408 0.738315 -0.083411
v -0.048152 0.763260 -0.092362
v -0.049378 0.742371 -0.093322
v -0.061065 0.732917 -0.081492
v -0.029944 0.751498 -0.090472
v -0.029461 0.734617 -0.091134
v -0.000000 0.749082 -0.099788
v -0.028587 0.775361 -0.099839
v -0.000001 0.734937 -0.095611
v 0.000000 0.773763 -0.108278
v -0.021646 0.805112 -0.111420
v 0.000000 0.803151 -0.118004
v -0.012501 0.827530 -0.121284
v 0.000000 0.843260 -0.128412
v 0.062308 0.773298 -0.058602
v 0.077919 0.773532 -0.065607
v 0.079362 0.786903 -0.071311
v 0.075040 0.764101 -0.061538
v 0.062273 0.782925 -0.069410
v 0.067065 0.751609 -0.054036
v 0.048153 0.775605 -0.065888
v 0.049693 0.762204 -0.050455
v 0.055761 0.740372 -0.046255
v 0.029944 0.765381 -0.060698
v 0.031878 0.744010 -0.039522
v 0.000000 0.770073 -0.050165
v 0.027809 0.788350 -0.071981
v -0.000001 0.746143 -0.036993
v 0.000000 0.793949 -0.064430
v 0.021646 0.817106 -0.085698
v 0.000000 0.820007 -0.081338
v 0.012501 0.839074 -0.096531
v 0.000000 0.854645 -0.103998
v 0.061549 0.755676 -0.096396
v 0.077919 0.761177 -0.092104
v 0.075040 0.751599 -0.088347
v 0.079107 0.774675 -0.097529
v 0.065407 0.738315 -0.083411
v 0.062273 0.770664 -0.095704
v 0.049378 0.742371 -0.093322
v 0.048153 0.763260 -0.092362
v 0.061062 0.732918 -0.081492
v 0.029944 0.751498 -0.090472
v 0.029458 0.734617 -0.091134
v -0.000000 0.749082 -0.099788
v -0.000001 0.734937 -0.095611
v 0.028587 0.775361 -0.099839
v 0.000000 0.773763 -0.108278
v 0.021646 0.805112 -0.111420
v 0.000000 0.803151 -0.118004
v 0.012501 0.827530 -0.121284
v 0.000000 0.843260 -0.128412
vn -0.0000 -0.6061 0.7954
vn -0.2224 -0.5841 0.7806
vn -0.0000 -0.7957 0.6057
vn -0.3974 -0.7278 0.5589
vn -0.1898 -0.7827 0.5928
vn -0.4646 -0.5027 0.7290
vn -0.0000 -0.9154 0.4026
vn -0.3540 -0.8612 0.3647
vn -0.6366 -0.5909 0.4955
vn -0.1729 -0.9036 0.3918
vn -0.0000 -0.9820 0.1891
vn -0.7314 -0.3295 0.5970
vn -0.1613 -0.9701 0.1814
vn -0.8819 -0.3437 0.3226
vn -0.0000 -0.9997 -0.0253
vn -0.3263 -0.9321 0.1571
vn -0.9239 -0.0936 0.3711
vn -0.7634 -0.6032 0.2312
vn -0.5454 -0.7762 0.3164
vn -0.1518 -0.9880 -0.0278
vn -0.9972 -0.0016 0.0745
vn -0.5178 -0.8483 0.1109
vn -0.1370 -0.9555 -0.2611
vn -0.9867 0.0263 -0.1601
vn -0.9210 -0.3583 -0.1526
vn -0.9364 -0.3478 0.0465
vn -0.7426 -0.6683 0.0440
vn -0.3259 -0.9447 -0.0365
vn -0.0000 -0.9668 -0.2554
vn -0.9374 0.0504 -0.3445
vn -0.8793 -0.3340 -0.3395
vn -0.7390 -0.6627 -0.1209
vn -0.5207 -0.8507 -0.0722
vn -0.2960 -0.9174 -0.2659
vn -0.1398 -0.8804 -0.4532
vn -0.8652 0.0592 -0.4979
vn -0.7118 -0.6299 -0.3109
vn -0.5025 -0.8184 -0.2787
vn -0.0000 -0.8964 -0.4433
vn -0.2728 -0.8368 -0.4746
vn -0.8052 -0.2937 -0.5151
vn -0.6551 -0.5666 -0.4999
vn -0.1689 -0.7841 -0.5972
vn -0.0000 -0.8058 -0.5922
vn -0.4566 -0.7432 -0.4891
vn -0.7896 0.0739 -0.6091
vn -0.1807 -0.6577 -0.7313
vn -0.0000 -0.6780 -0.7351
vn -0.2889 -0.7340 -0.6147
vn -0.5915 -0.4867 -0.6428
vn -0.7310 0.0772 -0.6780
vn -0.7269 -0.2531 -0.6383
vn -0.1732 -0.5536 -0.8146
vn -0.0000 -0.5702 -0.8215
vn -0.2965 -0.6125 -0.7327
vn -0.4268 -0.6427 -0.6362
vn -0.6555 -0.2080 -0.7260
vn -0.1847 -0.4780 -0.8587
vn -0.0000 -0.4993 -0.8664
vn -0.2959 -0.5124 -0.8062
vn -0.4118 -0.5361 -0.7369
vn -0.6727 0.0845 -0.7351
vn -0.5329 -0.4095 -0.7405
vn -0.2329 -0.3656 -0.9012
vn -0.0000 -0.3825 -0.9240
vn -0.2856 -0.4337 -0.8546
vn -0.3793 -0.4591 -0.8034
vn -0.5929 -0.1724 -0.7866
vn -0.2951 -0.1913 -0.9361
vn -0.0001 -0.2180 -0.9759
vn -0.3826 -0.3332 -0.8617
vn -0.5884 0.1261 -0.7987
vn -0.4980 -0.1505 -0.8540
vn -0.3853 0.1360 -0.9127
vn -0.4835 -0.3532 -0.8009
vn -0.0000 0.1403 -0.9901
vn 0.2225 -0.5841 0.7806
vn 0.1898 -0.7827 0.5928
vn 0.3974 -0.7278 0.5589
vn 0.4645 -0.5027 0.7290
vn 0.1729 -0.9036 0.3918
vn 0.6366 -0.5909 0.4955
vn 0.7315 -0.3295 0.5970
vn 0.1613 -0.9701 0.1814
vn 0.3540 -0.8612 0.3647
vn 0.8819 -0.3437 0.3226
vn 0.3263 -0.9321 0.1571
vn 0.9239 -0.0936 0.3710
vn 0.5454 -0.7762 0.3164
vn 0.7634 -0.6032 0.2312
vn 0.1518 -0.9880 -0.0278
vn 0.9972 -0.0016 0.0745
vn 0.5178 -0.8483 0.1109
vn 0.1370 -0.9555 -0.2611
vn 0.9364 -0.3478 0.0465
vn 0.3259 -0.9447 -0.0365
vn 0.7426 -0.6683 0.0440
vn 0.1398 -0.8804 -0.4532
vn 0.9210 -0.3583 -0.1526
vn 0.9868 0.0263 -0.1601
vn 0.5207 -0.8507 -0.0722
vn 0.2960 -0.9174 -0.2659
vn 0.7390 -0.6627 -0.1209
vn 0.1689 -0.7841 -0.5972
vn 0.8793 -0.3340 -0.3395
vn 0.5025 -0.8184 -0.2787
vn 0.2728 -0.8368 -0.4746
vn 0.9374 0.0504 -0.3445
vn 0.7118 -0.6299 -0.3109
vn 0.4566 -0.7432 -0.4891
vn 0.2889 -0.7340 -0.6147
vn 0.1807 -0.6577 -0.7313
vn 0.8652 0.0592 -0.4979
vn 0.6551 -0.5665 -0.4999
vn 0.4268 -0.6427 -0.6362
vn 0.2965 -0.6125 -0.7327
vn 0.8052 -0.2937 -0.5151
vn 0.5915 -0.4867 -0.6428
vn 0.1732 -0.5536 -0.8146
vn 0.4118 -0.5361 -0.7369
vn 0.7896 0.0739 -0.6091
vn 0.5329 -0.4095 -0.7405
vn 0.7269 -0.2531 -0.6383
vn 0.2959 -0.5124 -0.8062
vn 0.3793 -0.4591 -0.8034
vn 0.4835 -0.3532 -0.8009
vn 0.6555 -0.2080 -0.7260
vn 0.7310 0.0772 -0.6780
vn 0.1847 -0.4780 -0.8587
vn 0.3826 -0.3332 -0.8617
vn 0.4980 -0.1505 -0.8540
vn 0.2856 -0.4337 -0.8546
vn 0.5929 -0.1724 -0.7866
vn 0.6727 0.0845 -0.7351
vn 0.2329 -0.3656 -0.9012
vn 0.5884 0.1261 -0.7986
vn 0.2951 -0.1913 -0.9361
vn 0.3853 0.1360 -0.9127
vn 0.0001 -0.2180 -0.9759
vn -0.0001 0.6343 0.7731
vn -0.3066 0.6774 0.6687
vn -0.0000 0.5539 0.8326
vn -0.5013 0.7516 0.4287
vn -0.2786 0.5744 0.7697
vn -0.5016 0.6376 0.5847
vn -0.0000 0.3092 0.9510
vn -0.5336 0.8364 0.1249
vn -0.6121 0.7200 0.3270
vn -0.2726 0.3318 0.9031
vn -0.4348 0.8989 -0.0545
vn -0.5895 0.8022 0.0945
vn -0.0000 0.0211 0.9998
vn -0.5060 0.4324 0.7463
vn -0.3632 0.9233 -0.1247
vn -0.4939 0.8683 -0.0462
vn -0.6764 0.5654 0.4720
vn -0.2551 0.0448 0.9659
vn -0.3262 0.9295 -0.1719
vn -0.4185 0.8937 -0.1618
vn -0.7060 0.6728 0.2211
vn -0.0000 -0.3203 0.9473
vn -0.5132 0.1276 0.8487
vn -0.3732 0.9017 -0.2182
vn -0.5798 0.7993 -0.1576
vn -0.6376 0.7700 0.0235
vn -0.8096 0.5000 0.3076
vn -0.7434 0.3101 0.5927
vn -0.2458 -0.3006 0.9215
vn -0.0000 -0.6060 0.7955
vn -0.3028 0.9301 -0.2076
vn -0.5170 0.8200 -0.2456
vn -0.7491 0.6436 -0.1570
vn -0.7903 0.6105 0.0518
vn -0.9085 0.1974 0.3684
vn -0.2225 -0.5841 0.7806
vn -0.5095 -0.2185 0.8322
vn -0.2822 0.9339 -0.2195
vn -0.3459 0.9058 -0.2447
vn -0.4626 0.8314 -0.3080
vn -0.9085 0.3867 -0.1585
vn -0.6860 0.6728 -0.2771
vn -0.7703 -0.0438 0.6361
vn -0.9389 0.3363 0.0737
vn -0.2430 0.9383 -0.2460
vn -0.3163 0.9185 -0.2375
vn -0.4466 0.8451 -0.2939
vn -0.6172 0.6963 -0.3665
vn -0.8547 0.4125 -0.3151
vn -0.9867 0.0264 -0.1601
vn -0.7315 -0.3295 0.5970
vn -0.1896 0.9499 -0.2485
vn -0.3229 0.9244 -0.2031
vn -0.5693 0.7249 -0.3878
vn -0.7215 0.4542 -0.5226
vn -0.7930 0.4205 -0.4408
vn -0.9972 -0.0015 0.0745
vn -0.9374 0.0505 -0.3445
vn -0.1092 0.9800 -0.1662
vn -0.2313 0.9547 -0.1872
vn -0.4071 0.8738 -0.2660
vn -0.7896 0.0740 -0.6091
vn -0.8652 0.0593 -0.4979
vn -0.1481 0.9787 -0.1422
vn -0.5956 0.6823 -0.4240
vn -0.7092 0.4099 -0.5736
vn -0.7310 0.0773 -0.6780
vn -0.0000 0.9917 -0.1284
vn -0.1816 0.9669 -0.1793
vn -0.4203 0.8508 -0.3153
vn -0.6776 0.3757 -0.6321
vn -0.0000 0.9907 -0.1358
vn -0.0000 0.9838 -0.1792
vn -0.1937 0.9555 -0.2225
vn -0.5884 0.1262 -0.7986
vn -0.5865 0.6418 -0.4942
vn 0.1092 0.9800 -0.1662
vn 0.1481 0.9787 -0.1422
vn -0.0000 0.9780 -0.2086
vn -0.5865 0.4451 -0.6767
vn -0.2064 0.9434 -0.2598
vn 0.2313 0.9547 -0.1872
vn 0.1816 0.9669 -0.1793
vn -0.4005 0.5764 -0.7123
vn -0.3853 0.1361 -0.9127
vn -0.4117 0.8302 -0.3758
vn 0.1937 0.9555 -0.2225
vn 0.1896 0.9499 -0.2485
vn 0.3229 0.9244 -0.2031
vn -0.0000 0.6451 -0.7641
vn -0.0000 0.1404 -0.9901
vn -0.4794 0.6998 -0.5296
vn -0.0000 0.9727 -0.2322
vn 0.4071 0.8738 -0.2660
vn 0.2430 0.9383 -0.2460
vn 0.3163 0.9185 -0.2375
vn 0.3853 0.1361 -0.9127
vn -0.2995 0.8097 -0.5046
vn -0.2138 0.9289 -0.3022
vn 0.2063 0.9434 -0.2598
vn 0.4466 0.8451 -0.2939
vn 0.2822 0.9339 -0.2195
vn -0.0000 0.8783 -0.4781
vn 0.4005 0.5764 -0.7123
vn 0.5884 0.1262 -0.7986
vn -0.3636 0.8428 -0.3969
vn -0.0000 0.9629 -0.2697
vn 0.4203 0.8508 -0.3153
vn 0.3459 0.9058 -0.2447
vn -0.0000 0.9424 -0.3346
vn 0.5865 0.4451 -0.6767
vn 0.6776 0.3757 -0.6321
vn -0.2403 0.9003 -0.3630
vn 0.2138 0.9289 -0.3022
vn 0.5693 0.7249 -0.3878
vn 0.5956 0.6823 -0.4240
vn 0.3028 0.9301 -0.2076
vn 0.2995 0.8097 -0.5046
vn 0.7092 0.4099 -0.5736
vn 0.4117 0.8302 -0.3758
vn 0.2403 0.9003 -0.3630
vn 0.4626 0.8314 -0.3080
vn 0.6172 0.6963 -0.3665
vn 0.7215 0.4542 -0.5226
vn 0.3262 0.9295 -0.1719
vn 0.3732 0.9017 -0.2182
vn 0.4794 0.6998 -0.5296
vn 0.5865 0.6418 -0.4942
vn 0.7310 0.0773 -0.6780
vn 0.3636 0.8428 -0.3969
vn 0.5170 0.8200 -0.2456
vn 0.6860 0.6728 -0.2771
vn 0.4185 0.8937 -0.1618
vn 0.7930 0.4205 -0.4408
vn 0.7896 0.0740 -0.6091
vn 0.3632 0.9233 -0.1247
vn 0.5798 0.7993 -0.1576
vn 0.8652 0.0593 -0.4979
vn 0.4939 0.8683 -0.0462
vn 0.7491 0.6436 -0.1570
vn 0.8547 0.4125 -0.3151
vn 0.4348 0.8989 -0.0545
vn 0.6376 0.7700 0.0235
vn 0.9374 0.0505 -0.3445
vn 0.5896 0.8022 0.0945
vn 0.7903 0.6105 0.0518
vn 0.9085 0.3867 -0.1585
vn 0.5336 0.8364 0.1249
vn 0.7060 0.6728 0.2211
vn 0.9867 0.0264 -0.1601
vn 0.8096 0.5000 0.3076
vn 0.5013 0.7516 0.4287
vn 0.6121 0.7200 0.3270
vn 0.9389 0.3363 0.0737
vn 0.2786 0.5744 0.7697
vn 0.5016 0.6376 0.5847
vn 0.6764 0.5654 0.4720
vn 0.9972 -0.0015 0.0745
vn 0.3065 0.6774 0.6687
vn 0.7434 0.3101 0.5927
vn 0.2726 0.3318 0.9031
vn 0.9085 0.1974 0.3684
vn 0.5060 0.4324 0.7463
vn 0.9239 -0.0936 0.3711
vn 0.0001 0.6342 0.7731
vn 0.7703 -0.0438 0.6361
vn 0.2551 0.0448 0.9659
vn 0.5132 0.1276 0.8487
vn 0.2458 -0.3006 0.9215
vn 0.5095 -0.2185 0.8322
vn 0.4646 -0.5027 0.7290
vn -0.4118 -0.5360 -0.7370
vn -0.0000 0.7844 0.6203
vn 0.7038 0.6778 0.2126
vn -0.0000 0.9531 0.3026
vn 0.6250 0.5499 0.5540
vn -0.7038 0.6778 0.2126
vn 0.4501 0.3591 0.8176
vn -0.6250 0.5499 0.5540
vn -0.0000 0.4168 0.9090
vn -0.4501 0.3591 0.8176
vn 0.7184 0.6957 -0.0054
vn 0.9979 0.0337 0.0560
vn 0.9963 0.0446 -0.0740
vn -0.9979 0.0337 0.0560
vn -0.7184 0.6957 -0.0054
vn -0.9963 0.0446 -0.0740
vn -0.0000 0.0256 0.9997
vn 0.9281 -0.0269 0.3712
vn 0.5960 -0.0008 0.8030
vn 0.9956 0.0128 -0.0931
vn -0.0000 0.9994 0.0333
vn 0.6848 0.7249 -0.0751
vn -0.9281 -0.0269 0.3712
vn -0.9956 0.0128 -0.0931
vn -0.5960 -0.0008 0.8030
vn 0.7314 0.6811 0.0345
vn 0.4400 -0.0713 0.8951
vn -0.6848 0.7249 -0.0751
vn -0.0000 0.9975 -0.0706
vn 0.1894 0.9004 0.3916
vn -0.7314 0.6811 0.0345
vn -0.0000 0.9947 0.1033
vn -0.0001 0.9456 0.3254
vn -0.0010 0.7830 0.6221
vn 0.5246 0.7141 0.4635
vn -0.4400 -0.0712 0.8952
vn -0.1893 0.9007 0.3909
vn -0.5234 0.7180 0.4589
vn -0.0000 -0.9970 -0.0768
vn 0.6626 -0.7467 -0.0582
vn 0.6893 -0.7124 0.1313
vn 0.6696 -0.7363 -0.0980
vn -0.0000 -0.9935 -0.1139
vn -0.0000 -0.9958 -0.0917
vn -0.6894 -0.7124 0.1313
vn -0.6696 -0.7363 -0.0980
vn -0.6626 -0.7467 -0.0582
vn 0.9282 -0.0270 0.3712
vn 0.9963 0.0445 -0.0740
vn 0.9979 0.0336 0.0560
vn -0.5132 -0.6985 0.4986
vn 0.5132 -0.6985 0.4986
vn -0.0000 -0.7507 0.6607
vn -0.7022 -0.7070 -0.0841
vn 0.7022 -0.7070 -0.0841
vn -0.0000 -0.9991 -0.0436
vn -0.9282 -0.0270 0.3712
vn -0.9963 0.0445 -0.0740
vn -0.9979 0.0336 0.0560
vn 0.5960 -0.0009 0.8030
vn -0.0000 0.0255 0.9997
vn -0.5960 -0.0009 0.8030
vn 0.7542 -0.6564 0.0178
vn -0.7542 -0.6564 0.0178
vn -0.0000 -0.9992 0.0389
vn 0.9956 0.0127 -0.0931
vn -0.9956 0.0127 -0.0932
vn 0.1135 -0.9841 0.1364
vn 0.4401 -0.0713 0.8951
vn -0.4400 -0.0714 0.8951
vn -0.1135 -0.9841 0.1364
vn -0.0000 -0.9998 0.0183
vn -0.0166 0.9995 -0.0287
vn 0.6650 0.7028 -0.2528
vn 0.1359 0.9733 0.1852
vn 0.5757 0.7173 -0.3926
vn -0.5264 0.6882 0.4993
vn 0.5488 0.7143 -0.4343
vn -0.6278 0.7173 0.3022
vn -0.0484 0.9953 -0.0839
vn -0.6505 0.7143 0.2581
vn 0.7555 0.6254 -0.1951
vn 0.8664 -0.0098 -0.4992
vn 0.8806 -0.0043 -0.4738
vn 0.4400 -0.0714 0.8951
vn 0.6712 0.7061 -0.2259
vn 0.8022 0.0032 -0.5970
vn -0.9181 0.0032 0.3962
vn -0.5312 0.7060 0.4683
vn 0.9336 -0.0428 -0.3559
vn 0.2687 0.9458 0.1824
vn 0.9350 0.3123 -0.1679
vn 0.8217 0.0149 -0.5697
vn -0.9043 0.0149 0.4267
vn 0.0927 0.9827 0.1606
vn 0.8858 0.0051 -0.4641
vn 0.2857 0.8207 0.4948
vn 0.8083 0.5705 0.1454
vn -0.8448 0.0051 0.5350
vn 0.9914 -0.0235 -0.1285
vn -0.2782 0.5705 0.7727
vn 0.7888 0.3755 0.4866
vn 0.0270 0.3755 0.9264
vn 0.4355 0.4914 0.7543
vn 0.4994 0.0480 0.8650
vn -0.6070 -0.0235 0.7943
vn -0.0844 -0.0140 0.9963
vn 0.9051 -0.0140 0.4251
vn -0.0000 0.2514 0.9679
vn 0.6808 0.1872 0.7082
vn 0.6788 0.1502 0.7188
vn 0.6902 0.2559 0.6769
vn 0.0001 0.2082 0.9781
vn 0.0003 0.3864 0.9223
vn -0.6788 0.1554 0.7177
vn -0.6897 0.2634 0.6745
vn -0.6808 0.1924 0.7068
vn 1.0000 0.0020 -0.0051
vn 0.9976 0.0670 -0.0146
vn 0.9995 0.0290 -0.0088
vn -0.6827 0.0814 0.7262
vn 0.6824 0.0726 0.7273
vn -0.0007 0.0820 0.9966
vn 0.5246 0.7140 0.4636
vn -0.0010 0.7829 0.6221
vn -0.9999 0.0096 -0.0070
vn -0.9968 0.0782 -0.0173
vn -0.9993 0.0366 -0.0107
vn 0.6732 -0.1374 -0.7266
vn 0.9998 -0.0077 -0.0157
vn 0.6644 -0.1046 -0.7400
vn 0.9351 0.3122 -0.1678
vn 0.6888 -0.0659 -0.7220
vn -0.6892 -0.0788 0.7203
vn -0.9999 0.0016 -0.0171
vn -0.9988 0.0014 -0.0479
vn -0.9320 0.3199 -0.1704
vn -0.0003 -0.1595 -0.9872
vn 0.6754 -0.1297 -0.7259
vn -0.0004 -0.1817 -0.9833
vn 0.9989 -0.0056 -0.0475
vn 0.6751 0.0078 -0.7377
vn 0.7083 0.3023 -0.6379
vn 0.0011 -0.1038 0.9946
vn 0.6896 -0.0876 0.7189
vn -0.9984 0.0084 -0.0562
vn -0.0002 -0.1815 -0.9834
vn -0.6730 -0.1326 -0.7277
vn 0.6780 0.1967 -0.7083
vn 0.0004 -0.0170 -0.9999
vn -0.0000 0.2635 -0.9647
vn 0.0006 -0.0407 -0.9992
vn -0.0013 0.6170 -0.7870
vn 0.6837 -0.2627 0.6808
vn -0.6837 -0.2601 0.6819
vn 0.0005 -0.3248 0.9458
vn -0.6645 -0.0993 -0.7407
vn -0.6753 -0.1240 -0.7270
vn -0.9999 0.0096 -0.0069
vn 0.9984 0.0070 -0.0559
vn -0.6746 0.0107 -0.7381
vn -0.7077 0.3088 -0.6355
vn -0.6647 -0.3763 0.6454
vn 0.6647 -0.3763 0.6454
vn -0.0000 -0.5080 0.8613
vn -0.9968 -0.0509 0.0617
vn -0.6884 -0.0574 -0.7231
vn 0.7434 0.2775 -0.6086
vn -0.0000 0.4004 -0.9163
vn 0.9968 -0.0509 0.0616
vn -0.9320 0.3200 -0.1704
vn -0.6779 0.1967 -0.7084
vn -0.7434 0.2775 -0.6086
vn -0.0000 -0.9992 -0.0393
vn 0.6685 -0.7120 -0.2150
vn 0.1941 -0.9772 -0.0856
vn 0.6930 -0.7033 -0.1588
vn -0.0000 -0.9994 0.0355
vn -0.0000 -0.9989 -0.0479
vn -0.1928 -0.9775 -0.0857
vn -0.6930 -0.7033 -0.1588
vn -0.6685 -0.7120 -0.2150
vn 0.9490 0.0336 -0.3136
vn 0.9336 -0.0429 -0.3558
vn 0.1135 -0.9842 0.1361
vn -0.6727 -0.7226 -0.1589
vn 0.6727 -0.7226 -0.1589
vn -0.0000 -0.9989 -0.0460
vn -0.1135 -0.9841 0.1365
vn -0.9490 0.0346 -0.3134
vn -0.9335 -0.0420 -0.3561
vn 0.9646 0.0363 -0.2612
vn -0.7147 -0.6985 0.0365
vn -0.9646 0.0363 -0.2612
vn -0.9991 0.0378 -0.0197
vn 0.9991 0.0378 -0.0198
vn 0.7147 -0.6985 0.0365
vn -0.9963 0.0673 0.0531
vn -0.0000 -0.9993 0.0379
vn -0.7396 -0.6632 0.1143
vn -0.0000 -0.9941 0.1081
vn 0.9963 0.0673 0.0532
vn -0.9617 0.0676 -0.2655
vn 0.7396 -0.6632 0.1144
vn -0.7400 -0.6687 -0.0722
vn 0.7400 -0.6687 -0.0722
vn -0.0000 -0.9876 0.1573
vn 0.5390 -0.7029 -0.4641
vn -0.5390 -0.7029 -0.4641
vn -0.0000 -0.6909 -0.7230
vn -0.6469 0.1068 -0.7550
vn 0.9617 0.0676 -0.2655
vn -0.0000 0.1904 -0.9817
vn 0.6469 0.1068 -0.7550
vn -0.0556 -0.9938 -0.0962
vn -0.0313 -0.9980 -0.0542
vn 0.5093 -0.7438 -0.4329
vn -0.6295 -0.7438 0.2246
vn 0.5326 -0.7441 -0.4033
vn -0.6156 -0.7441 0.2596
vn 0.6503 -0.7260 -0.2235
vn -0.5187 -0.7260 0.4515
vn -0.0788 -0.9875 -0.1365
vn 0.5467 -0.7222 -0.4237
vn -0.6403 -0.7222 0.2616
vn -0.0303 -0.9982 -0.0525
vn 0.9914 -0.0235 -0.1286
vn 0.8858 0.0050 -0.4641
vn -0.6071 -0.0236 0.7943
vn -0.9181 0.0032 0.3963
vn -0.8448 0.0050 0.5350
vn 0.6715 -0.7164 0.1893
vn -0.1718 -0.7164 0.6762
vn 0.3111 -0.7828 0.5389
vn 0.5727 -0.7316 -0.3700
vn -0.6141 -0.7093 0.3460
vn 0.0063 -0.9995 -0.0323
vn 0.9051 -0.0141 0.4251
vn 0.8217 0.0149 -0.5698
vn -0.0844 -0.0141 0.9963
vn 0.4994 0.0479 0.8650
vn 0.1134 -0.9841 0.1365
vn 0.8665 -0.0099 -0.4992
vn 0.6461 -0.6797 -0.3473
vn 0.6685 -0.7119 -0.2151
vn 0.8806 -0.0044 -0.4738
vn 0.0166 0.9995 -0.0287
vn -0.1359 0.9733 0.1852
vn -0.6650 0.7028 -0.2528
vn 0.5265 0.6881 0.4993
vn -0.5757 0.7173 -0.3926
vn 0.6278 0.7173 0.3022
vn -0.5488 0.7143 -0.4343
vn 0.6505 0.7143 0.2581
vn 0.0484 0.9953 -0.0839
vn -0.7546 0.6262 -0.1962
vn -0.1892 0.9008 0.3909
vn -0.2678 0.9464 0.1804
vn -0.8023 0.0033 -0.5970
vn -0.8664 -0.0098 -0.4992
vn -0.8217 0.0152 -0.5698
vn 0.9181 0.0033 0.3963
vn -0.4401 -0.0712 0.8951
vn 0.9043 0.0152 0.4267
vn -0.6712 0.7060 -0.2259
vn 0.5312 0.7060 0.4683
vn -0.0927 0.9827 0.1606
vn -0.8806 -0.0043 -0.4738
vn -0.9335 -0.0419 -0.3562
vn -0.2857 0.8207 0.4948
vn 0.8448 0.0051 0.5350
vn -0.8858 0.0051 -0.4641
vn 0.2782 0.5705 0.7727
vn -0.8083 0.5705 0.1454
vn -0.0270 0.3755 0.9264
vn -0.7888 0.3755 0.4866
vn -0.4355 0.4914 0.7543
vn -0.4994 0.0480 0.8650
vn 0.6070 -0.0235 0.7943
vn 0.0844 -0.0140 0.9963
vn -0.9914 -0.0235 -0.1285
vn -0.9051 -0.0140 0.4251
vn 0.0556 -0.9938 -0.0962
vn -0.5326 -0.7441 -0.4033
vn -0.5094 -0.7438 -0.4327
vn -0.6503 -0.7260 -0.2235
vn 0.0313 -0.9980 -0.0542
vn 0.0788 -0.9875 -0.1365
vn 0.6294 -0.7438 0.2247
vn 0.5187 -0.7260 0.4514
vn 0.6156 -0.7441 0.2596
vn -0.8023 0.0032 -0.5969
vn -0.9914 -0.0235 -0.1286
vn -0.8858 0.0050 -0.4641
vn 0.6405 -0.7220 0.2616
vn -0.5468 -0.7220 -0.4239
vn 0.0303 -0.9982 -0.0525
vn 0.1718 -0.7164 0.6762
vn -0.6715 -0.7164 0.1893
vn -0.3111 -0.7828 0.5389
vn 0.9181 0.0032 0.3963
vn 0.8448 0.0050 0.5350
vn -0.9051 -0.0141 0.4251
vn -0.5726 -0.7316 -0.3700
vn 0.6141 -0.7093 0.3460
vn -0.0063 -0.9995 -0.0323
vn -0.8217 0.0151 -0.5698
vn -0.4994 0.0479 0.8650
vn 0.0844 -0.0141 0.9963
vn 0.9043 0.0151 0.4267
vn -0.1941 -0.9772 -0.0856
vn -0.1134 -0.9841 0.1365
vn -0.8665 -0.0099 -0.4992
vn -0.4410 -0.0739 0.8945
vn -0.6461 -0.6797 -0.3473
vn -0.6685 -0.7119 -0.2151
vn -0.8806 -0.0044 -0.4738
vn -0.0000 0.9991 -0.0416
vn 0.6836 0.7298 -0.0074
vn 0.6508 0.6622 -0.3713
vn 0.7095 0.7031 -0.0474
vn -0.0000 0.9090 -0.4167
vn -0.0000 0.9996 -0.0271
vn -0.6508 0.6622 -0.3713
vn -0.7095 0.7031 -0.0474
vn -0.6836 0.7298 -0.0074
vn 0.9963 0.0674 0.0531
vn 0.9991 0.0379 -0.0197
vn -0.5224 0.4862 -0.7005
vn 0.5224 0.4862 -0.7005
vn -0.0000 0.5880 -0.8089
vn -0.0002 0.9295 -0.3688
vn -0.9963 0.0674 0.0531
vn -0.9991 0.0379 -0.0198
vn 0.9646 0.0364 -0.2611
vn 0.9617 0.0677 -0.2655
vn -0.0000 0.1905 -0.9817
vn -0.9617 0.0677 -0.2656
vn -0.6469 0.1068 -0.7551
vn -0.6530 0.6823 -0.3287
vn 0.6530 0.6817 -0.3298
vn -0.9646 0.0364 -0.2611
vn 0.7083 0.3024 -0.6379
vn -0.7077 0.3089 -0.6354
vn 0.9489 0.0337 -0.3136
vn -0.9490 0.0347 -0.3134
vn 0.9350 0.3122 -0.1679
vn -0.9335 -0.0419 -0.3561
vn 0.9336 -0.0428 -0.3558
vn -0.6649 0.7028 -0.2528
vn 0.5264 0.6882 0.4993
vn -0.7555 0.6254 -0.1951
vn -0.1894 0.9004 0.3916
vn -0.2687 0.9458 0.1824
vn -0.8022 0.0032 -0.5970
vn -0.8217 0.0149 -0.5697
vn -0.4400 -0.0713 0.8951
vn 0.9043 0.0149 0.4267
vn -0.6712 0.7061 -0.2259
vn -0.5246 0.7141 0.4635
vn -0.9350 0.3123 -0.1679
vn -0.9336 -0.0428 -0.3558
vn -0.9050 -0.0141 0.4251
vn -0.0001 0.2082 0.9781
vn -0.6788 0.1502 0.7188
vn 0.6788 0.1554 0.7177
vn -0.6808 0.1872 0.7082
vn 0.6808 0.1924 0.7068
vn -0.6902 0.2559 0.6769
vn 0.6897 0.2634 0.6745
vn -0.0003 0.3864 0.9223
vn -0.6824 0.0725 0.7273
vn 0.6827 0.0814 0.7262
vn 0.0008 0.0820 0.9966
vn -0.9976 0.0670 -0.0146
vn -1.0000 0.0020 -0.0052
vn -0.9995 0.0290 -0.0088
vn 0.9968 0.0782 -0.0173
vn 0.9999 0.0096 -0.0070
vn 0.9993 0.0367 -0.0107
vn -0.5247 0.7140 0.4635
vn 0.5234 0.7180 0.4589
vn 0.0010 0.7829 0.6221
vn -0.6896 -0.0876 0.7189
vn -0.9998 -0.0077 -0.0157
vn -0.9989 -0.0056 -0.0475
vn 0.9999 0.0017 -0.0171
vn 0.6892 -0.0788 0.7203
vn 0.9988 0.0015 -0.0479
vn -0.6888 -0.0659 -0.7220
vn -0.9351 0.3122 -0.1678
vn 0.9320 0.3200 -0.1704
vn -0.9984 0.0070 -0.0559
vn -0.0012 -0.1038 0.9946
vn -0.6837 -0.2627 0.6808
vn -0.6644 -0.1046 -0.7400
vn -0.6751 0.0078 -0.7377
vn 0.9984 0.0084 -0.0562
vn -0.6754 -0.1297 -0.7259
vn -0.6732 -0.1374 -0.7266
vn -0.7083 0.3023 -0.6379
vn -0.9968 -0.0509 0.0616
vn -0.6780 0.1967 -0.7083
vn 0.6837 -0.2601 0.6819
vn -0.0005 -0.3248 0.9458
vn 0.0004 -0.1817 -0.9834
vn 0.0002 -0.1815 -0.9834
vn 0.0003 -0.1596 -0.9872
vn -0.0006 -0.0407 -0.9992
vn 0.0013 0.6170 -0.7870
vn 0.9968 -0.0509 0.0617
vn -0.0004 -0.0170 -0.9999
vn 0.6730 -0.1326 -0.7277
vn 0.7077 0.3088 -0.6355
vn 0.6746 0.0107 -0.7381
vn 0.6779 0.1967 -0.7084
vn 0.6753 -0.1240 -0.7270
vn 0.6884 -0.0574 -0.7231
vn 0.9320 0.3199 -0.1704
vn 0.6645 -0.0993 -0.7407
vn 0.9993 0.0366 -0.0107
vn 0.9999 0.0016 -0.0171
vn 0.9988 0.0014 -0.0479
vn -0.9490 0.0336 -0.3136
vn -0.9336 -0.0429 -0.3558
vn 0.9490 0.0346 -0.3134
vn 0.9335 -0.0420 -0.3561
vn 0.9991 0.0378 -0.0197
vn 0.9963 0.0673 0.0531
vn -0.7396 -0.6632 0.1144
vn -0.5093 -0.7438 -0.4329
vn 0.6295 -0.7438 0.2246
vn 0.6403 -0.7222 0.2616
vn -0.5467 -0.7222 -0.4237
vn 0.6071 -0.0236 0.7943
vn -0.5727 -0.7316 -0.3700
vn -0.9282 -0.0269 0.3712
vn 0.9281 -0.0270 0.3712
vn 0.0001 0.9456 0.3254
vn 0.0010 0.7830 0.6221
vn 0.1893 0.9007 0.3909
vn 0.5233 0.7180 0.4589
vn -0.6893 -0.7124 0.1313
vn 0.6894 -0.7124 0.1313
vn 0.9956 0.0127 -0.0932
vn 0.6649 0.7028 -0.2528
vn -0.5265 0.6881 0.4993
vn 0.7546 0.6262 -0.1962
vn 0.4400 -0.0713 0.8952
vn 0.1892 0.9007 0.3910
vn 0.6712 0.7060 -0.2259
vn 0.8023 0.0033 -0.5969
vn -0.9181 0.0033 0.3963
vn 0.9335 -0.0420 -0.3562
vn 0.2678 0.9464 0.1804
vn 0.8217 0.0152 -0.5698
vn -0.9043 0.0152 0.4267
vn 0.5094 -0.7438 -0.4327
vn -0.6294 -0.7438 0.2247
vn -0.5187 -0.7260 0.4514
vn 0.5468 -0.7220 -0.4239
vn -0.6405 -0.7220 0.2616
vn 0.8023 0.0032 -0.5969
vn -0.6071 -0.0235 0.7943
vn 0.5726 -0.7316 -0.3700
vn 0.9051 -0.0141 0.4250
vn 0.8217 0.0151 -0.5698
vn -0.9043 0.0151 0.4267
vn -0.6508 0.6623 -0.3713
vn 0.0002 0.9295 -0.3688
vn -0.9617 0.0677 -0.2655
vn 0.9617 0.0677 -0.2656
vn -0.6530 0.6817 -0.3298
vn 0.6530 0.6823 -0.3287
vn 0.6469 0.1068 -0.7551
vn 0.7077 0.3089 -0.6354
vn -0.7083 0.3024 -0.6379
vn 0.9490 0.0347 -0.3134
vn -0.9490 0.0337 -0.3136
vn -0.9351 0.3122 -0.1679
vn 0.9335 -0.0419 -0.3561
vn 0.0161 -0.9972 -0.0735
vn -0.0000 -0.6466 -0.7628
vn -0.0000 -0.9894 -0.1455
vn 0.0812 -0.3345 -0.9389
vn 0.0334 -0.9966 -0.0758
vn -0.1660 -0.3556 -0.9198
vn -0.0564 -0.9841 -0.1686
vn 0.1844 -0.9614 -0.2041
vn 0.2012 -0.9773 -0.0660
vn -0.4745 -0.3921 -0.7881
vn 0.1291 -0.9911 -0.0314
vn -0.3978 -0.4667 -0.7899
vn 0.1472 -0.9755 -0.1637
vn 0.0564 -0.9967 -0.0580
vn 0.1598 -0.9871 0.0101
vn 0.2555 -0.9665 -0.0237
vn -0.5629 -0.6255 -0.5403
vn -0.7985 -0.3458 -0.4928
vn 0.1318 -0.9912 0.0064
vn 0.0711 -0.9971 0.0268
vn 0.1895 -0.9808 0.0465
vn 0.2623 -0.9648 -0.0172
vn -0.7283 -0.6547 -0.2024
vn -0.9338 -0.3029 -0.1903
vn 0.2658 -0.9640 -0.0055
vn 0.1355 -0.9896 0.0489
vn 0.2492 -0.9675 0.0436
vn 0.3658 -0.9305 -0.0199
vn -0.6442 -0.7627 0.0572
vn -0.9165 -0.2620 0.3022
vn 0.3054 -0.9521 -0.0163
vn 0.1559 -0.9875 -0.0219
vn 0.2122 -0.9732 -0.0882
vn 0.3869 -0.9072 -0.1653
vn -0.6241 -0.7494 0.2210
vn -0.8308 -0.3134 0.4599
vn 0.2253 -0.9480 -0.2249
vn 0.0185 -0.9965 -0.0810
vn 0.1722 -0.9348 -0.3107
vn 0.2543 -0.9019 -0.3491
vn -0.5364 -0.7429 0.4005
vn -0.5588 -0.3246 0.7632
vn 0.1532 -0.9799 -0.1278
vn 0.2101 -0.9127 -0.3505
vn 0.1564 -0.9146 -0.3728
vn 0.3461 -0.8508 -0.3953
vn 0.7848 -0.6182 0.0450
vn 0.8395 -0.5397 0.0630
vn -0.3635 -0.7320 0.5763
vn 0.1270 -0.8460 0.5178
vn 0.1641 -0.9268 0.3377
vn -0.0161 -0.9972 -0.0735
vn -0.0000 -0.6467 -0.7628
vn -0.0334 -0.9966 -0.0758
vn -0.0811 -0.3345 -0.9389
vn 0.0564 -0.9841 -0.1686
vn 0.1661 -0.3556 -0.9198
vn -0.1844 -0.9614 -0.2041
vn -0.1291 -0.9911 -0.0314
vn -0.2012 -0.9773 -0.0660
vn 0.4746 -0.3921 -0.7881
vn 0.3978 -0.4667 -0.7899
vn -0.1472 -0.9755 -0.1637
vn -0.0564 -0.9967 -0.0581
vn -0.1598 -0.9871 0.0101
vn -0.2555 -0.9665 -0.0237
vn 0.5629 -0.6255 -0.5402
vn 0.7985 -0.3458 -0.4928
vn -0.1318 -0.9912 0.0064
vn -0.0711 -0.9971 0.0268
vn -0.1895 -0.9808 0.0465
vn -0.2623 -0.9648 -0.0172
vn 0.7283 -0.6547 -0.2024
vn 0.9338 -0.3029 -0.1903
vn -0.2658 -0.9640 -0.0055
vn -0.1355 -0.9896 0.0489
vn -0.2492 -0.9675 0.0436
vn -0.3658 -0.9305 -0.0199
vn 0.6442 -0.7627 0.0572
vn 0.9165 -0.2620 0.3022
vn -0.3054 -0.9521 -0.0163
vn -0.1559 -0.9875 -0.0219
vn -0.2122 -0.9732 -0.0882
vn -0.3869 -0.9072 -0.1654
vn 0.6241 -0.7494 0.2211
vn 0.8309 -0.3134 0.4598
vn -0.2253 -0.9480 -0.2249
vn -0.0185 -0.9965 -0.0810
vn -0.1722 -0.9348 -0.3107
vn -0.2543 -0.9019 -0.3491
vn 0.5364 -0.7429 0.4005
vn 0.5587 -0.3246 0.7632
vn -0.1532 -0.9799 -0.1278
vn -0.2101 -0.9127 -0.3505
vn -0.1564 -0.9146 -0.3728
vn -0.3461 -0.8509 -0.3953
vn -0.7848 -0.6182 0.0450
vn -0.8395 -0.5396 0.0629
vn 0.3634 -0.7320 0.5763
vn -0.1270 -0.8461 0.5178
vn -0.1641 -0.9268 0.3377
vn -0.0657 0.7411 -0.6681
vn -0.2208 -0.0925 -0.9709
vn 0.0001 0.6700 -0.7423
vn -0.3741 0.6066 -0.7015
vn -0.1661 -0.3556 -0.9198
vn 0.0810 -0.3345 -0.9389
vn -0.0000 0.6799 -0.7333
vn -0.3907 0.6400 -0.6616
vn -0.5561 0.6012 -0.5739
vn -0.4746 -0.3921 -0.7881
vn -0.5476 -0.3104 -0.7770
vn -0.3978 -0.4668 -0.7899
vn -0.6374 0.4178 -0.6474
vn -0.6595 0.5027 -0.5589
vn -0.5262 -0.4446 -0.7249
vn -0.6334 0.4634 -0.6197
vn -0.5630 -0.6255 -0.5402
vn -0.7985 -0.3459 -0.4928
vn -0.7916 0.5109 -0.3352
vn -0.7869 0.5713 -0.2331
vn -0.8259 -0.3844 -0.4125
vn -0.8406 0.4883 -0.2343
vn -0.7284 -0.6546 -0.2024
vn -0.8067 0.5888 -0.0502
vn -0.8049 0.5896 -0.0676
vn -0.0695 0.8258 0.5597
vn -0.0095 0.8108 0.5852
vn -0.2851 0.6416 0.7121
vn 0.4406 0.5965 0.6709
vn -0.0623 0.8050 0.5900
vn 0.5253 0.4832 0.7004
vn 0.6263 0.2639 0.7336
vn -0.4919 0.7691 0.4081
vn -0.3387 0.8669 0.3657
vn 0.8937 -0.0167 0.4483
vn 0.9504 -0.2426 0.1946
vn -0.4495 -0.3568 0.8189
vn -0.6878 0.5855 0.4291
vn -0.5835 0.7706 0.2565
vn -0.4705 0.8765 0.1017
vn 0.8395 -0.5397 0.0629
vn -0.7128 -0.4052 0.5725
vn 0.7847 -0.6182 0.0450
vn -0.7720 0.5919 0.2316
vn -0.6599 0.7467 0.0834
vn -0.4731 0.8804 -0.0332
vn -0.8702 -0.3861 0.3059
vn -0.5859 0.8075 -0.0679
vn -0.4028 0.8897 -0.2151
vn -0.9009 -0.4253 0.0870
vn -0.7869 0.5714 -0.2331
vn -0.4700 0.8582 -0.2065
vn -0.6595 0.5028 -0.5588
vn -0.4674 0.8337 -0.2940
vn -0.1727 0.9223 -0.3457
vn -0.9225 -0.3507 -0.1613
vn -0.8110 -0.2829 -0.5121
vn -0.3907 0.6401 -0.6616
vn -0.1976 0.8726 -0.4468
vn 0.0001 0.9168 -0.3992
vn -0.5674 -0.1611 -0.8075
vn -0.0000 0.6798 -0.7334
vn -0.2357 -0.1294 -0.9632
vn -0.8946 0.4423 0.0638
vn -0.7779 0.5968 0.1966
vn -0.8938 -0.4240 0.1459
vn -0.9165 -0.2621 0.3023
vn -0.6443 -0.7626 0.0572
vn -0.7975 0.4787 0.3672
vn -0.8070 -0.3806 0.4515
vn -0.6241 -0.7494 0.2212
vn -0.6787 0.5800 0.4504
vn -0.8309 -0.3134 0.4598
vn -0.7004 -0.3742 0.6078
vn -0.6605 0.4599 0.5935
vn -0.5364 -0.7428 0.4005
vn -0.5587 -0.3247 0.7631
vn -0.5157 0.5410 0.6644
vn -0.2851 0.6415 0.7121
vn -0.5223 -0.4512 0.7236
vn -0.2044 0.3224 0.9243
vn -0.3634 -0.7319 0.5764
vn 0.0234 0.3041 0.9523
vn 0.6263 0.2638 0.7336
vn 0.2597 0.1651 0.9515
vn 0.0657 0.7411 -0.6681
vn -0.0001 0.6701 -0.7423
vn 0.2209 -0.0925 -0.9709
vn -0.0001 -0.6467 -0.7628
vn 0.3741 0.6066 -0.7015
vn -0.0812 -0.3345 -0.9389
vn -0.0001 0.6799 -0.7333
vn 0.5561 0.6012 -0.5739
vn 0.3907 0.6400 -0.6616
vn 0.5477 -0.3104 -0.7770
vn 0.6374 0.4178 -0.6474
vn 0.6595 0.5027 -0.5589
vn 0.3977 -0.4668 -0.7899
vn 0.5263 -0.4446 -0.7248
vn 0.6334 0.4634 -0.6197
vn 0.5629 -0.6255 -0.5403
vn 0.7985 -0.3459 -0.4928
vn 0.7916 0.5109 -0.3352
vn 0.7869 0.5713 -0.2331
vn 0.8259 -0.3844 -0.4125
vn 0.8406 0.4883 -0.2343
vn 0.7283 -0.6546 -0.2025
vn 0.8067 0.5888 -0.0502
vn 0.8049 0.5896 -0.0676
vn 0.0694 0.8258 0.5597
vn 0.2851 0.6416 0.7121
vn 0.0095 0.8108 0.5852
vn 0.0623 0.8050 0.5900
vn -0.4406 0.5965 0.6709
vn -0.6263 0.2639 0.7336
vn -0.5253 0.4832 0.7004
vn 0.4919 0.7691 0.4081
vn 0.4495 -0.3568 0.8189
vn 0.7128 -0.4052 0.5725
vn -0.8937 -0.0167 0.4483
vn -0.9504 -0.2426 0.1946
vn 0.3387 0.8669 0.3657
vn 0.6878 0.5855 0.4291
vn -0.8395 -0.5397 0.0630
vn -0.7848 -0.6182 0.0449
vn 0.5835 0.7706 0.2565
vn 0.8702 -0.3862 0.3059
vn 0.4705 0.8765 0.1017
vn 0.7720 0.5919 0.2316
vn 0.6599 0.7467 0.0834
vn 0.9009 -0.4253 0.0870
vn 0.4731 0.8804 -0.0332
vn 0.5859 0.8075 -0.0679
vn 0.9225 -0.3507 -0.1613
vn 0.4028 0.8897 -0.2151
vn 0.7869 0.5714 -0.2331
vn 0.4700 0.8582 -0.2065
vn 0.8110 -0.2829 -0.5120
vn 0.6595 0.5028 -0.5588
vn 0.4674 0.8337 -0.2940
vn 0.1727 0.9223 -0.3457
vn 0.3907 0.6401 -0.6616
vn 0.5674 -0.1611 -0.8075
vn 0.1976 0.8726 -0.4468
vn -0.0001 0.9169 -0.3992
vn 0.2357 -0.1295 -0.9632
vn 0.8946 0.4423 0.0638
vn 0.8938 -0.4240 0.1459
vn 0.7779 0.5968 0.1966
vn 0.9165 -0.2621 0.3023
vn 0.6443 -0.7626 0.0572
vn 0.7975 0.4787 0.3672
vn 0.6242 -0.7493 0.2210
vn 0.8070 -0.3806 0.4515
vn 0.8308 -0.3134 0.4599
vn 0.6787 0.5800 0.4505
vn 0.7004 -0.3742 0.6078
vn 0.6605 0.4599 0.5935
vn 0.5364 -0.7428 0.4005
vn 0.5587 -0.3247 0.7632
vn 0.5157 0.5410 0.6644
vn 0.2851 0.6415 0.7122
vn 0.5222 -0.4512 0.7237
vn 0.2044 0.3224 0.9243
vn 0.3635 -0.7319 0.5764
vn -0.1270 -0.8460 0.5178
vn -0.0234 0.3041 0.9523
vn -0.6263 0.2638 0.7336
vn -0.2597 0.1651 0.9515
vn -0.7847 -0.6182 0.0449
vn -0.1642 -0.9268 0.3377
vn -0.2357 -0.1295 -0.9632
vn -0.2209 -0.0925 -0.9709
vn -0.3906 0.6401 -0.6616
vn -0.0001 0.6798 -0.7334
vn -0.5674 -0.1612 -0.8075
vn -0.5476 -0.3105 -0.7770
vn -0.3907 0.6401 -0.6615
vn -0.4496 -0.3568 0.8189
vn -0.5222 -0.4513 0.7237
vn 0.6263 0.2639 0.7335
vn -0.7004 -0.3743 0.6077
vn -0.2852 0.6416 0.7121
vn -0.7128 -0.4053 0.5725
vn -0.6879 0.5855 0.4290
vn -0.8702 -0.3862 0.3059
vn -0.8070 -0.3807 0.4515
vn -0.9008 -0.4253 0.0872
vn -0.8938 -0.4241 0.1459
vn -0.8049 0.5895 -0.0677
vn -0.9225 -0.3508 -0.1612
vn -0.8258 -0.3845 -0.4126
vn -0.8049 0.5896 -0.0675
vn -0.8111 -0.2829 -0.5120
vn -0.5262 -0.4447 -0.7249
vn -0.6595 0.5027 -0.5588
vn 0.2358 -0.1295 -0.9631
vn 0.3906 0.6401 -0.6616
vn 0.5476 -0.3105 -0.7770
vn 0.5674 -0.1612 -0.8075
vn 0.3907 0.6401 -0.6615
vn 0.5223 -0.4512 0.7236
vn 0.7004 -0.3743 0.6078
vn 0.7127 -0.4053 0.5725
vn 0.2850 0.6416 0.7121
vn 0.6879 0.5855 0.4291
vn 0.8070 -0.3807 0.4515
vn 0.8938 -0.4241 0.1458
vn 0.9008 -0.4253 0.0870
vn 0.7720 0.5919 0.2317
vn 0.8049 0.5895 -0.0677
vn 0.8258 -0.3845 -0.4126
vn 0.9225 -0.3508 -0.1612
vn 0.8049 0.5896 -0.0675
vn 0.5262 -0.4447 -0.7248
vn 0.8110 -0.2829 -0.5121
vn 0.7869 0.5713 -0.2332
vn 0.6595 0.5027 -0.5588
vn -0.0000 -0.9959 -0.0904
vn -0.1053 -0.9908 -0.0854
vn -0.0000 -0.9846 -0.1748
vn -0.0874 -0.9823 -0.1658
vn -0.2122 -0.9745 -0.0731
vn -0.0818 -0.9429 -0.3229
vn -0.0000 -0.9456 -0.3254
vn -0.1909 -0.9704 -0.1480
vn -0.1715 -0.9323 -0.3186
vn -0.1114 -0.8360 -0.5373
vn -0.0000 -0.8401 -0.5425
vn -0.0000 -0.6755 -0.7373
vn -0.2348 -0.8275 -0.5100
vn -0.1401 -0.6738 -0.7256
vn -0.3305 -0.9315 -0.1522
vn -0.3297 -0.9409 -0.0774
vn -0.2866 -0.9242 -0.2523
vn -0.3819 -0.8326 -0.4010
vn -0.4590 -0.8532 -0.2476
vn -0.4767 -0.6865 -0.5491
vn -0.2949 -0.6769 -0.6745
vn -0.1560 -0.4920 -0.8565
vn -0.0000 -0.4868 -0.8735
vn -0.0000 -0.3121 -0.9501
vn -0.4744 -0.8719 -0.1212
vn -0.5938 -0.7170 -0.3652
vn -0.6408 -0.7450 -0.1856
vn -0.5533 -0.4965 -0.6688
vn -0.7080 -0.5242 -0.4733
vn -0.7975 -0.5504 -0.2471
vn -0.3444 -0.4944 -0.7981
vn -0.5963 -0.3104 -0.7403
vn -0.7738 -0.3234 -0.5446
vn -0.9003 -0.3312 -0.2825
vn -0.8077 -0.1083 -0.5795
vn -0.9505 -0.0900 -0.2975
vn -0.9423 0.1639 -0.2920
vn -0.1666 -0.3129 -0.9351
vn -0.3768 -0.3084 -0.8734
vn -0.6170 -0.1138 -0.7787
vn -0.3913 -0.1126 -0.9134
vn -0.1747 -0.1171 -0.9776
vn -0.0000 -0.1244 -0.9922
vn -0.8066 0.1248 -0.5778
vn -0.6110 0.1119 -0.7837
vn -0.3888 0.1024 -0.9156
vn -0.1756 0.0961 -0.9798
vn -0.0000 0.0893 -0.9960
vn -0.0000 0.2896 -0.9571
vn -0.8707 0.4178 -0.2594
vn -0.7577 0.3711 -0.5369
vn -0.7391 0.6414 -0.2054
vn -0.5788 0.3403 -0.7411
vn -0.6631 0.5998 -0.4479
vn -0.6225 0.7655 -0.1628
vn -0.3729 0.3134 -0.8733
vn -0.5241 0.5602 -0.6414
vn -0.5648 0.7421 -0.3610
vn -0.5000 0.8563 -0.1295
vn -0.1704 0.2982 -0.9392
vn -0.3415 0.5368 -0.7715
vn -0.1665 0.5094 -0.8443
vn -0.0000 0.4967 -0.8679
vn -0.0000 0.7062 -0.7080
vn -0.1529 0.7106 -0.6868
vn -0.0000 0.8436 -0.5370
vn -0.4276 0.7370 -0.5234
vn -0.2903 0.7296 -0.6192
vn -0.1340 0.8431 -0.5207
vn -0.2470 0.8498 -0.4656
vn -0.0000 0.9114 -0.4115
vn -0.1093 0.9082 -0.4041
vn -0.0000 0.4582 -0.8889
vn -0.1381 0.5120 -0.8478
vn -0.2173 0.9055 -0.3644
vn -0.4100 0.2806 -0.8678
vn -0.3048 0.8605 -0.4082
vn -0.3041 0.9138 -0.2691
vn -0.4102 0.8572 -0.3113
vn -0.3600 0.9255 -0.1172
vn -0.6747 0.7363 0.0514
vn -0.4937 0.2792 -0.8236
vn 0.1053 -0.9908 -0.0854
vn 0.0874 -0.9823 -0.1658
vn 0.2122 -0.9745 -0.0731
vn 0.0818 -0.9429 -0.3229
vn 0.1909 -0.9704 -0.1480
vn 0.1716 -0.9323 -0.3186
vn 0.1114 -0.8360 -0.5373
vn 0.2348 -0.8275 -0.5100
vn 0.1401 -0.6738 -0.7256
vn 0.3305 -0.9315 -0.1522
vn 0.3297 -0.9409 -0.0774
vn 0.2866 -0.9242 -0.2523
vn 0.3819 -0.8326 -0.4010
vn 0.4590 -0.8532 -0.2476
vn 0.4768 -0.6865 -0.5491
vn 0.2949 -0.6769 -0.6745
vn 0.1560 -0.4920 -0.8565
vn -0.0000 -0.4867 -0.8735
vn 0.4744 -0.8719 -0.1212
vn 0.5938 -0.7170 -0.3652
vn 0.6408 -0.7450 -0.1856
vn 0.5533 -0.4965 -0.6688
vn 0.7080 -0.5242 -0.4733
vn 0.7975 -0.5504 -0.2471
vn 0.3444 -0.4944 -0.7981
vn 0.5963 -0.3104 -0.7403
vn 0.7738 -0.3234 -0.5446
vn 0.9003 -0.3312 -0.2825
vn 0.8077 -0.1083 -0.5795
vn 0.9505 -0.0900 -0.2975
vn 0.9423 0.1639 -0.2920
vn 0.1666 -0.3129 -0.9351
vn 0.3768 -0.3084 -0.8734
vn 0.6170 -0.1138 -0.7787
vn 0.3913 -0.1126 -0.9134
vn 0.1747 -0.1171 -0.9776
vn 0.8066 0.1248 -0.5778
vn 0.6110 0.1119 -0.7837
vn 0.3888 0.1024 -0.9156
vn 0.1756 0.0961 -0.9798
vn 0.8707 0.4178 -0.2594
vn 0.7577 0.3711 -0.5369
vn 0.7391 0.6415 -0.2054
vn 0.5788 0.3403 -0.7411
vn 0.6631 0.5998 -0.4479
vn 0.6225 0.7655 -0.1628
vn 0.3729 0.3134 -0.8733
vn 0.5241 0.5602 -0.6414
vn 0.5647 0.7421 -0.3610
vn 0.4999 0.8563 -0.1295
vn 0.1704 0.2982 -0.9392
vn 0.3415 0.5368 -0.7715
vn 0.1665 0.5094 -0.8443
vn 0.1529 0.7106 -0.6868
vn 0.4276 0.7370 -0.5234
vn 0.2903 0.7296 -0.6192
vn 0.1340 0.8431 -0.5207
vn 0.2470 0.8498 -0.4656
vn 0.1093 0.9082 -0.4041
vn -0.0000 0.4582 -0.8888
vn 0.1381 0.5120 -0.8478
vn 0.2173 0.9056 -0.3644
vn 0.4100 0.2805 -0.8678
vn 0.3048 0.8605 -0.4082
vn 0.3041 0.9138 -0.2691
vn 0.4102 0.8572 -0.3113
vn 0.3600 0.9255 -0.1172
vn 0.6748 0.7362 0.0514
vn 0.4938 0.2792 -0.8235
vn 0.0410 -0.0906 0.9950
vn -0.1741 -0.3828 0.9073
vn -0.2576 -0.2053 0.9442
vn -0.2810 -0.3122 0.9075
vn -0.3176 -0.3499 0.8813
vn -0.2091 -0.4713 0.8568
vn -0.3168 -0.2683 0.9097
vn -0.1573 -0.4010 0.9025
vn -0.2430 -0.1420 0.9596
vn -0.2681 -0.1221 0.9556
vn -0.3141 -0.0481 0.9482
vn -0.2358 -0.0170 0.9716
vn -0.2542 -0.0342 0.9665
vn -0.1859 0.0368 0.9819
vn -0.1834 0.1174 0.9760
vn -0.3047 0.0889 0.9483
vn -0.2548 0.2668 0.9295
vn -0.1644 0.0592 0.9846
vn -0.0000 0.0700 0.9975
vn -0.0000 0.3074 0.9516
vn -0.0000 0.1537 0.9881
vn -0.0000 0.1029 0.9947
vn 0.1644 0.0592 0.9846
vn 0.1834 0.1174 0.9760
vn 0.1859 0.0368 0.9819
vn 0.2358 -0.0170 0.9716
vn 0.2542 -0.0342 0.9665
vn 0.2681 -0.1221 0.9556
vn -0.0000 0.5106 0.8598
vn -0.2025 0.4923 0.8466
vn 0.2548 0.2668 0.9295
vn 0.3047 0.0889 0.9483
vn 0.3142 -0.0481 0.9482
vn 0.2430 -0.1420 0.9596
vn 0.3168 -0.2683 0.9097
vn 0.1573 -0.4010 0.9025
vn 0.2091 -0.4713 0.8568
vn 0.3176 -0.3499 0.8813
vn 0.1741 -0.3828 0.9073
vn 0.2810 -0.3122 0.9075
vn 0.2576 -0.2053 0.9442
vn -0.0410 -0.0906 0.9950
vn 0.2024 0.4923 0.8465
vn -0.0000 0.7101 0.7041
vn -0.1659 0.7027 0.6918
vn -0.1482 0.8274 0.5418
vn -0.3439 0.6887 0.6383
vn -0.4097 0.4736 0.7796
vn -0.6141 0.4633 0.6389
vn -0.2949 0.8137 0.5010
vn -0.5184 0.6715 0.5294
vn -0.7722 0.4519 0.4466
vn -0.4389 0.7914 0.4255
vn -0.6566 0.6558 0.3726
vn -0.1396 0.9169 0.3738
vn -0.2666 0.9007 0.3430
vn -0.0000 0.8318 0.5551
vn -0.0000 0.9229 0.3851
vn 0.1482 0.8274 0.5418
vn 0.1659 0.7027 0.6918
vn 0.3439 0.6887 0.6383
vn 0.4097 0.4736 0.7796
vn 0.6141 0.4633 0.6389
vn -0.5640 0.7645 0.3121
vn -0.3748 0.8764 0.3024
vn -0.0000 0.9803 0.1976
vn -0.1322 0.9729 0.1896
vn -0.2497 0.9535 0.1689
vn 0.1396 0.9169 0.3738
vn 0.2949 0.8137 0.5010
vn 0.5184 0.6715 0.5294
vn 0.7722 0.4519 0.4466
vn -0.8664 0.4483 0.2199
vn -0.7379 0.6513 0.1769
vn -0.3556 0.9252 0.1326
vn -0.4794 0.8368 0.2644
vn -0.6323 0.7633 0.1324
vn -0.5022 0.8587 0.1020
vn -0.1259 0.9909 0.0470
vn -0.2520 0.9671 0.0346
vn -0.3667 0.9302 0.0139
vn -0.5100 0.8602 -0.0069
vn -0.6379 0.7700 -0.0147
vn -0.7560 0.6545 -0.0107
vn -0.8974 0.4412 -0.0066
vn 0.2666 0.9007 0.3430
vn 0.4389 0.7914 0.4255
vn 0.6566 0.6558 0.3726
vn 0.1322 0.9729 0.1896
vn -0.2266 0.9737 -0.0240
vn -0.3144 0.9487 -0.0331
vn -0.5000 0.8563 -0.1294
vn -0.7392 0.6415 -0.2054
vn -0.8707 0.4178 -0.2593
vn -0.9423 0.1639 -0.2919
vn -0.9812 0.1927 -0.0100
vn -0.9505 -0.0900 -0.2974
vn -0.6755 0.7358 0.0480
vn -0.3917 0.7377 0.5498
vn -0.3225 0.7635 0.5596
vn -0.1440 0.8880 0.4367
vn -0.1158 0.9929 -0.0274
vn -0.0000 0.8776 0.4793
vn -0.0000 0.9988 0.0490
vn -0.0000 0.9995 -0.0319
vn 0.1158 0.9929 -0.0274
vn 0.1259 0.9909 0.0470
vn 0.1440 0.8880 0.4367
vn 0.2266 0.9737 -0.0240
vn 0.3225 0.7635 0.5596
vn 0.3917 0.7378 0.5498
vn 0.2520 0.9671 0.0346
vn 0.3144 0.9487 -0.0331
vn 0.6748 0.7363 0.0514
vn 0.3667 0.9302 0.0139
vn 0.4999 0.8563 -0.1294
vn 0.2497 0.9535 0.1689
vn 0.5100 0.8602 -0.0069
vn 0.3555 0.9252 0.1326
vn 0.3748 0.8764 0.3024
vn 0.6379 0.7700 -0.0147
vn 0.7392 0.6415 -0.2054
vn 0.5022 0.8587 0.1020
vn 0.4794 0.8368 0.2644
vn 0.6323 0.7633 0.1324
vn 0.5640 0.7645 0.3121
vn 0.7379 0.6513 0.1769
vn 0.7560 0.6545 -0.0107
vn 0.8707 0.4179 -0.2593
vn 0.8974 0.4412 -0.0066
vn 0.9423 0.1639 -0.2919
vn 0.8664 0.4483 0.2199
vn 0.9812 0.1927 -0.0100
vn 0.9505 -0.0899 -0.2974
vn 0.9479 0.1976 0.2500
vn 0.8476 0.2045 0.4896
vn 0.9985 -0.0548 -0.0097
vn 0.9649 -0.0385 0.2597
vn 0.8725 -0.0021 0.4885
vn 0.9003 -0.3312 -0.2824
vn 0.9584 -0.2848 -0.0177
vn 0.7976 -0.5504 -0.2470
vn 0.9412 -0.2315 0.2462
vn 0.8601 -0.1843 0.4758
vn 0.8038 -0.3899 0.4492
vn 0.8584 -0.4662 0.2141
vn 0.6793 -0.6217 0.3900
vn 0.8495 -0.5268 -0.0279
vn 0.6938 -0.7028 0.1576
vn 0.6677 -0.7440 -0.0249
vn 0.4744 -0.8719 -0.1211
vn 0.5051 -0.8019 0.3192
vn 0.5871 -0.5454 0.5981
vn 0.5026 -0.8577 0.1081
vn 0.4807 -0.8767 -0.0194
vn 0.4623 -0.7164 0.5225
vn 0.4647 -0.4588 0.7573
vn 0.3384 -0.9079 0.2475
vn 0.3355 -0.9392 0.0734
vn 0.3303 -0.9438 -0.0157
vn 0.4163 -0.6024 0.6811
vn 0.3615 -0.3403 0.8681
vn 0.3385 -0.8350 0.4339
vn 0.2111 -0.9562 0.2028
vn 0.2191 -0.9736 0.0631
vn 0.2213 -0.9751 -0.0166
vn 0.1053 -0.9908 -0.0853
vn 0.1112 -0.9936 -0.0197
vn -0.0000 -0.9998 -0.0208
vn -0.0000 -0.9981 0.0612
vn 0.1093 -0.9921 0.0615
vn 0.1021 -0.9775 0.1844
vn -0.0000 -0.9836 0.1805
vn 0.2150 -0.9063 0.3638
vn 0.1039 -0.9395 0.3264
vn -0.0000 -0.9487 0.3161
vn 0.3436 -0.7207 0.6020
vn 0.2283 -0.8145 0.5333
vn 0.1098 -0.8651 0.4895
vn -0.0000 -0.8804 0.4743
vn 0.3865 -0.4231 0.8195
vn 0.3437 -0.5326 0.7734
vn 0.2561 -0.6437 0.7211
vn 0.1390 -0.7208 0.6791
vn -0.0000 -0.7484 0.6632
vn 0.2576 -0.2052 0.9442
vn 0.2586 -0.0566 0.9643
vn -0.0410 -0.0905 0.9951
vn -0.0843 0.2224 0.9713
vn 0.1853 0.3582 0.9151
vn 0.3033 -0.0590 0.9511
vn 0.1874 0.2421 0.9520
vn 0.2623 -0.1971 0.9446
vn 0.1580 -0.2397 0.9579
vn 0.1038 0.2160 0.9708
vn -0.0000 0.2166 0.9763
vn 0.0001 -0.2626 0.9649
vn -0.9479 0.1976 0.2500
vn -0.8476 0.2045 0.4896
vn -0.9985 -0.0548 -0.0097
vn -0.9003 -0.3312 -0.2824
vn -0.9649 -0.0385 0.2597
vn -0.9584 -0.2848 -0.0177
vn -0.7975 -0.5504 -0.2470
vn -0.8725 -0.0021 0.4885
vn -0.9412 -0.2315 0.2462
vn -0.8601 -0.1843 0.4758
vn -0.8038 -0.3899 0.4492
vn -0.8584 -0.4662 0.2141
vn -0.6793 -0.6217 0.3900
vn -0.8495 -0.5269 -0.0279
vn -0.6937 -0.7028 0.1576
vn -0.6677 -0.7440 -0.0249
vn -0.4744 -0.8720 -0.1211
vn -0.5051 -0.8019 0.3192
vn -0.5871 -0.5455 0.5981
vn -0.5026 -0.8577 0.1081
vn -0.4807 -0.8767 -0.0194
vn -0.4623 -0.7164 0.5225
vn -0.4647 -0.4588 0.7573
vn -0.3384 -0.9079 0.2475
vn -0.3355 -0.9392 0.0734
vn -0.3303 -0.9438 -0.0157
vn -0.4163 -0.6024 0.6811
vn -0.3615 -0.3403 0.8681
vn -0.3385 -0.8350 0.4339
vn -0.2111 -0.9562 0.2028
vn -0.2191 -0.9736 0.0631
vn -0.2213 -0.9751 -0.0166
vn -0.1053 -0.9908 -0.0853
vn -0.1112 -0.9936 -0.0197
vn -0.1093 -0.9921 0.0615
vn -0.1021 -0.9775 0.1844
vn -0.2150 -0.9063 0.3638
vn -0.1039 -0.9395 0.3264
vn -0.3436 -0.7207 0.6020
vn -0.2283 -0.8145 0.5333
vn -0.1097 -0.8651 0.4895
vn -0.3865 -0.4231 0.8195
vn -0.3437 -0.5326 0.7734
vn -0.2560 -0.6437 0.7211
vn -0.1390 -0.7208 0.6791
vn -0.2576 -0.2052 0.9442
vn -0.2586 -0.0566 0.9643
vn 0.0410 -0.0905 0.9951
vn 0.0843 0.2225 0.9713
vn -0.1853 0.3582 0.9151
vn -0.3033 -0.0590 0.9511
vn -0.1874 0.2421 0.9520
vn -0.2623 -0.1971 0.9446
vn -0.1580 -0.2397 0.9579
vn -0.1038 0.2160 0.9708
vn -0.0001 -0.2625 0.9649
vn -0.2613 0.4036 0.8768
vn 0.0698 0.8728 -0.4831
vn -0.3156 0.3912 0.8645
vn -0.9993 -0.0331 0.0149
vn -0.2232 0.4759 0.8507
vn -0.2030 0.4241 0.8826
vn -0.1583 0.5127 0.8438
vn -0.0000 0.4485 0.8938
vn -0.0000 0.4769 0.8790
vn -0.0149 0.5468 0.8371
vn 0.2607 0.5897 0.7644
vn 0.7515 0.5980 -0.2786
vn -0.9915 0.1178 -0.0549
vn -0.3500 0.4303 0.8321
vn -0.0000 0.4520 0.8920
vn 0.2290 0.5894 0.7747
vn -0.1154 0.5481 0.8284
vn 0.2428 0.6045 0.7587
vn 0.6726 0.6707 -0.3127
vn -0.1825 0.4455 0.8765
vn -0.9644 0.2396 -0.1117
vn 0.1381 0.6661 0.7329
vn -0.0154 0.4420 0.8969
vn -0.0275 0.4978 0.8669
vn -0.1132 0.6393 0.7606
vn 0.2151 0.6329 0.7438
vn 0.5837 0.7359 -0.3431
vn -0.1833 0.4643 0.8665
vn -0.9221 0.3508 -0.1636
vn -0.0000 0.4411 0.8975
vn -0.0205 0.4403 0.8976
vn 0.1990 0.7055 0.6802
vn -0.2609 0.3257 0.9087
vn 0.2074 0.6506 0.7306
vn -0.1217 0.6183 0.7765
vn -0.3974 0.8317 -0.3878
vn -0.2005 0.4918 0.8473
vn -0.2020 0.5049 0.8392
vn -0.8803 0.4299 -0.2005
vn -0.0000 0.4464 0.8948
vn -0.0218 0.4508 0.8924
vn -0.2422 0.2477 0.9381
vn -0.0576 0.4942 0.8674
vn -0.0428 0.4608 0.8865
vn -1.0000 -0.0022 0.0010
vn -0.0000 0.5340 0.8455
vn -0.0000 0.4711 0.8821
vn -0.2573 0.2182 0.9414
vn -0.2929 0.3114 0.9040
vn -0.2585 0.3239 0.9101
vn -0.2468 0.2846 0.9263
vn -0.3712 0.3792 0.8476
vn -0.0000 0.9063 -0.4226
vn -0.3066 0.1892 0.9328
vn -0.7518 -0.6004 0.2724
vn -0.6652 -0.6739 0.3215
vn -0.3071 0.3422 0.8880
vn -0.8120 -0.5270 0.2508
vn -0.9346 -0.3217 0.1518
vn -0.8638 -0.4568 0.2125
vn -0.3182 0.2958 0.9007
vn -0.6748 0.7362 0.0514
vn -0.9767 -0.1946 0.0908
vn -0.3916 0.7378 0.5498
vn -0.3225 0.7635 0.5595
vn 0.2613 0.4036 0.8768
vn 0.3156 0.3912 0.8645
vn -0.0698 0.8728 -0.4831
vn 0.2232 0.4759 0.8507
vn 0.9993 -0.0330 0.0149
vn 0.1583 0.5127 0.8438
vn 0.2030 0.4241 0.8826
vn 0.0149 0.5468 0.8371
vn 0.3500 0.4303 0.8321
vn 0.1154 0.5481 0.8284
vn 0.9915 0.1179 -0.0550
vn -0.2607 0.5897 0.7644
vn -0.7516 0.5979 -0.2785
vn 0.1132 0.6393 0.7606
vn 0.1825 0.4455 0.8765
vn 0.9644 0.2396 -0.1117
vn -0.2290 0.5894 0.7747
vn -0.2428 0.6045 0.7587
vn -0.6727 0.6707 -0.3127
vn -0.1990 0.7055 0.6802
vn 0.1833 0.4643 0.8665
vn 0.9220 0.3509 -0.1636
vn 0.0154 0.4420 0.8969
vn -0.1381 0.6661 0.7329
vn 0.0275 0.4978 0.8669
vn -0.2151 0.6329 0.7438
vn 0.0205 0.4403 0.8976
vn 0.0218 0.4508 0.8924
vn 0.2005 0.4918 0.8473
vn 0.2020 0.5049 0.8392
vn 0.8803 0.4299 -0.2005
vn 0.2609 0.3257 0.9087
vn -0.5838 0.7358 -0.3430
vn 0.2585 0.3239 0.9101
vn 0.0428 0.4608 0.8865
vn 0.3071 0.3422 0.8880
vn 0.2422 0.2477 0.9381
vn 0.2573 0.2182 0.9414
vn 0.2929 0.3114 0.9040
vn -0.2074 0.6506 0.7306
vn 0.1217 0.6183 0.7765
vn 0.3973 0.8317 -0.3878
vn 0.9767 -0.1945 0.0908
vn 0.2468 0.2846 0.9263
vn 0.9346 -0.3217 0.1518
vn 0.3066 0.1892 0.9328
vn 0.3182 0.2958 0.9007
vn 1.0000 -0.0022 0.0010
vn 0.0576 0.4942 0.8674
vn 0.3712 0.3792 0.8476
vn 0.8638 -0.4568 0.2125
vn 0.7519 -0.6004 0.2724
vn 0.8120 -0.5270 0.2508
vn 0.6652 -0.6739 0.3215
vn -0.2520 -0.5390 -0.8037
vn -0.2672 -0.5722 -0.7754
vn -0.7519 -0.6004 0.2724
vn -0.2521 -0.4194 -0.8721
vn -0.8121 -0.5269 0.2507
vn -0.0123 -0.3864 -0.9223
vn -0.2483 -0.5198 -0.8174
vn -0.0208 -0.4020 -0.9154
vn -0.2739 -0.4723 -0.8378
vn -0.2878 -0.6280 -0.7230
vn 0.2889 -0.2145 -0.9330
vn 0.0097 -0.2920 -0.9564
vn 0.3509 -0.1030 -0.9308
vn -0.3001 -0.5235 -0.7974
vn -0.9346 -0.3217 0.1517
vn 0.2424 -0.1924 -0.9509
vn -0.2602 -0.4850 -0.8349
vn -0.0213 -0.3925 -0.9195
vn 0.1517 -0.0951 -0.9838
vn -0.0415 -0.2773 -0.9599
vn -0.2101 -0.2406 -0.9476
vn -0.4938 0.2792 -0.8235
vn 0.2151 -0.1628 -0.9629
vn 0.7516 0.5979 -0.2786
vn 0.6727 0.6706 -0.3127
vn 0.1789 -0.0140 -0.9838
vn -0.4204 -0.4212 -0.8037
vn -0.4100 0.2807 -0.8678
vn -0.0430 -0.3826 -0.9229
vn -0.3072 -0.4601 -0.8330
vn 0.5838 0.7358 -0.3431
vn -0.1434 -0.0869 -0.9858
vn -0.2433 -0.4189 -0.8749
vn -0.3968 -0.3314 -0.8560
vn -0.1895 -0.3120 -0.9310
vn -0.2596 -0.3005 -0.9178
vn -0.3713 -0.4055 -0.8353
vn 0.2074 -0.1414 -0.9680
vn -0.0577 -0.3468 -0.9361
vn -0.9993 -0.0331 0.0148
vn -0.0000 -0.3588 -0.9334
vn -0.1217 -0.1973 -0.9728
vn -0.2033 -0.4032 -0.8922
vn -0.9915 0.1179 -0.0550
vn -0.0000 -0.3958 -0.9183
vn -0.3973 0.8317 -0.3879
vn -0.1825 -0.3850 -0.9047
vn -0.9644 0.2396 -0.1118
vn -0.0000 -0.3928 -0.9196
vn -0.1833 -0.3654 -0.9126
vn -0.9220 0.3509 -0.1636
vn -0.0000 -0.4040 -0.9148
vn -0.2005 -0.3330 -0.9214
vn -0.2020 -0.3183 -0.9262
vn -0.0000 -0.3986 -0.9171
vn -0.0001 -0.3045 -0.9525
vn -0.0000 -0.3729 -0.9279
vn 0.2520 -0.5390 -0.8037
vn 0.7518 -0.6005 0.2724
vn 0.2672 -0.5722 -0.7754
vn 0.2521 -0.4194 -0.8721
vn 0.2483 -0.5198 -0.8174
vn 0.0123 -0.3864 -0.9223
vn 0.0208 -0.4020 -0.9154
vn 0.8638 -0.4569 0.2125
vn -0.0097 -0.2920 -0.9564
vn 0.2739 -0.4723 -0.8378
vn 0.2601 -0.4850 -0.8349
vn -0.2889 -0.2145 -0.9330
vn 0.0213 -0.3925 -0.9195
vn -0.2424 -0.1924 -0.9509
vn 0.2878 -0.6281 -0.7230
vn 0.9346 -0.3218 0.1517
vn -0.3509 -0.1030 -0.9308
vn -0.1517 -0.0951 -0.9838
vn -0.2151 -0.1628 -0.9629
vn -0.7516 0.5980 -0.2786
vn -0.6726 0.6707 -0.3127
vn 0.4938 0.2791 -0.8235
vn 0.3001 -0.5236 -0.7974
vn 0.9767 -0.1946 0.0908
vn 0.3072 -0.4601 -0.8330
vn 0.2101 -0.2406 -0.9476
vn -0.1789 -0.0140 -0.9838
vn 0.0415 -0.2773 -0.9599
vn -0.5837 0.7359 -0.3432
vn 0.0430 -0.3826 -0.9229
vn -0.2074 -0.1414 -0.9680
vn 0.4101 0.2806 -0.8678
vn 0.1434 -0.0869 -0.9858
vn 0.4204 -0.4212 -0.8037
vn 0.2433 -0.4189 -0.8749
vn 0.9993 -0.0331 0.0148
vn 0.1217 -0.1973 -0.9728
vn 0.3974 0.8317 -0.3878
vn 0.3713 -0.4055 -0.8353
vn 0.0577 -0.3468 -0.9361
vn 0.3968 -0.3314 -0.8560
vn 0.2033 -0.4032 -0.8922
vn 0.1895 -0.3120 -0.9310
vn 0.2596 -0.3005 -0.9178
vn 0.9915 0.1178 -0.0549
vn 0.1825 -0.3850 -0.9047
vn 0.9644 0.2396 -0.1118
vn 0.1833 -0.3654 -0.9126
vn 0.9221 0.3508 -0.1636
vn -0.0000 -0.4039 -0.9148
vn 0.2005 -0.3330 -0.9214
vn 0.2020 -0.3183 -0.9262
vn 0.0001 -0.3045 -0.9525
vn -0.1008 0.5471 0.8310
vn -0.2610 0.3257 0.9087
vn -0.3183 0.2958 0.9007
vn 0.1381 0.6662 0.7329
vn -0.0486 0.5259 0.8492
vn -0.3224 0.7635 0.5596
vn -0.0000 0.5499 0.8352
vn -0.0000 0.8777 0.4793
vn -0.0000 0.5118 0.8591
vn -0.0000 0.5369 0.8436
vn -0.0579 -0.2312 -0.9712
vn 0.0096 -0.2920 -0.9564
vn -0.0806 -0.3556 -0.9312
vn -0.1434 -0.0869 -0.9859
vn -0.0000 -0.2613 -0.9653
vn -0.3967 -0.3314 -0.8560
vn -0.0000 0.4583 -0.8888
vn -0.0000 -0.3157 -0.9489
vn -0.2597 -0.3005 -0.9178
vn -0.0000 -0.2965 -0.9550
vn -0.1895 -0.3119 -0.9310
vn -0.0001 -0.3588 -0.9334
vn 0.1008 0.5471 0.8310
vn 0.2610 0.3257 0.9087
vn -0.1381 0.6662 0.7329
vn 0.3183 0.2958 0.9007
vn 0.0486 0.5258 0.8492
vn 0.0001 0.8777 0.4793
vn 0.0001 0.5118 0.8591
vn 0.0579 -0.2312 -0.9712
vn -0.0096 -0.2920 -0.9564
vn 0.0806 -0.3556 -0.9311
vn 0.1433 -0.0869 -0.9859
vn 0.3967 -0.3314 -0.8560
vn 0.0001 -0.3157 -0.9489
vn 0.2597 -0.3005 -0.9178
vn 0.0001 -0.3588 -0.9334
vt 0.000000 0.271066
vt 0.029413 0.269309
vt 0.000000 0.247455
vt 0.051189 0.239476
vt 0.025873 0.245609
vt 0.060645 0.260597
vt 0.000000 0.225871
vt 0.044992 0.220216
vt 0.074461 0.228225
vt 0.022968 0.224453
vt 0.000000 0.202510
vt 0.087740 0.243311
vt 0.020521 0.201330
vt 0.095059 0.208756
vt 0.000000 0.175766
vt 0.040319 0.198620
vt 0.109800 0.216490
vt 0.083162 0.203011
vt 0.066253 0.212319
vt 0.018662 0.175288
vt 0.116940 0.187500
vt 0.060770 0.194623
vt 0.017037 0.150897
vt 0.115311 0.161350
vt 0.094937 0.165427
vt 0.097441 0.188422
vt 0.079807 0.190752
vt 0.037222 0.173966
vt 0.000000 0.151116
vt 0.109477 0.136318
vt 0.089421 0.141957
vt 0.075949 0.168924
vt 0.056637 0.171802
vt 0.033865 0.150349
vt 0.015088 0.126211
vt 0.098161 0.110179
vt 0.070760 0.146075
vt 0.051944 0.148899
vt 0.000000 0.126252
vt 0.030457 0.126144
vt 0.080414 0.118009
vt 0.064332 0.123420
vt 0.013019 0.102298
vt 0.000000 0.102353
vt 0.047175 0.125636
vt 0.081760 0.084727
vt 0.010496 0.077270
vt 0.000000 0.077373
vt 0.026147 0.101776
vt 0.055389 0.098634
vt 0.060317 0.063074
vt 0.067771 0.093916
vt 0.007441 0.056595
vt 0.000000 0.056683
vt 0.021640 0.076569
vt 0.040935 0.100668
vt 0.053160 0.070695
vt 0.006091 0.043296
vt 0.000000 0.043752
vt 0.015295 0.055981
vt 0.032271 0.075383
vt 0.038143 0.044039
vt 0.043428 0.073887
vt 0.005915 0.035420
vt 0.000000 0.034504
vt 0.010705 0.042407
vt 0.020217 0.055060
vt 0.033259 0.049235
vt 0.005782 0.028540
vt 0.000000 0.027752
vt 0.013226 0.039070
vt 0.018189 0.028945
vt 0.016181 0.033664
vt 0.005875 0.023681
vt 0.026586 0.053197
vt 0.000000 0.022919
vt 1.000000 0.271066
vt 1.000000 0.247455
vt 0.970587 0.269309
vt 0.974127 0.245609
vt 1.000000 0.225871
vt 0.948811 0.239476
vt 0.939355 0.260597
vt 1.000000 0.202510
vt 0.977032 0.224453
vt 0.925539 0.228225
vt 0.912260 0.243311
vt 0.979479 0.201330
vt 0.955008 0.220216
vt 0.904941 0.208756
vt 1.000000 0.175766
vt 0.959681 0.198620
vt 0.890200 0.216490
vt 0.933747 0.212319
vt 0.916838 0.203011
vt 0.981338 0.175288
vt 0.883060 0.187500
vt 0.939230 0.194623
vt 1.000000 0.151116
vt 0.982963 0.150897
vt 0.902560 0.188422
vt 0.962778 0.173966
vt 0.920193 0.190752
vt 1.000000 0.126252
vt 0.984913 0.126211
vt 0.905063 0.165427
vt 0.884689 0.161350
vt 0.943363 0.171802
vt 0.966135 0.150349
vt 0.924051 0.168924
vt 0.986982 0.102298
vt 0.910579 0.141957
vt 0.948056 0.148899
vt 0.969543 0.126144
vt 1.000000 0.102353
vt 0.890523 0.136318
vt 0.929240 0.146075
vt 0.952825 0.125636
vt 0.973853 0.101776
vt 0.989504 0.077270
vt 0.901839 0.110179
vt 0.935668 0.123420
vt 0.959065 0.100668
vt 1.000000 0.077373
vt 0.978360 0.076569
vt 0.919586 0.118009
vt 0.944611 0.098634
vt 0.992559 0.056595
vt 0.967729 0.075383
vt 0.918240 0.084727
vt 0.956572 0.073887
vt 0.932229 0.093916
vt 1.000000 0.056683
vt 0.984705 0.055981
vt 0.979783 0.055060
vt 0.973414 0.053197
vt 0.946840 0.070695
vt 0.939683 0.063074
vt 0.993909 0.043296
vt 0.986774 0.039070
vt 0.983819 0.033664
vt 0.989295 0.042407
vt 0.966742 0.049235
vt 0.961857 0.044039
vt 1.000000 0.043752
vt 0.994085 0.035420
vt 0.981811 0.028945
vt 1.000000 0.034504
vt 0.994218 0.028540
vt 0.994125 0.023681
vt 1.000000 0.027752
vt 1.000000 0.022919
vt 0.445818 0.606554
vt 0.444445 0.578580
vt 0.420181 0.606554
vt 0.444285 0.549787
vt 0.419272 0.579281
vt 0.417214 0.549990
vt 0.393959 0.606554
vt 0.445623 0.522122
vt 0.417854 0.521644
vt 0.393823 0.578474
vt 0.448620 0.493104
vt 0.419809 0.492529
vt 0.369241 0.606554
vt 0.393573 0.548687
vt 0.453626 0.465230
vt 0.423652 0.461925
vt 0.396481 0.520168
vt 0.369407 0.578113
vt 0.457971 0.438579
vt 0.430578 0.435195
vt 0.401035 0.489842
vt 0.344341 0.606554
vt 0.371338 0.546928
vt 0.438411 0.414210
vt 0.413998 0.432147
vt 0.407328 0.458526
vt 0.384129 0.485719
vt 0.376413 0.517477
vt 0.345204 0.576355
vt 0.317045 0.606554
vt 0.462568 0.420647
vt 0.422198 0.410380
vt 0.398568 0.428554
vt 0.391453 0.455049
vt 0.366764 0.481194
vt 0.319043 0.572886
vt 0.349281 0.543469
vt 0.468350 0.408684
vt 0.446615 0.398537
vt 0.431068 0.391675
vt 0.382636 0.424805
vt 0.406370 0.406383
vt 0.356246 0.513665
vt 0.375320 0.451605
vt 0.325754 0.538724
vt 0.473012 0.401790
vt 0.457580 0.386212
vt 0.445597 0.373198
vt 0.416630 0.383478
vt 0.390553 0.401585
vt 0.349500 0.475965
vt 0.365972 0.420825
vt 0.336090 0.507812
vt 0.478102 0.395479
vt 0.464817 0.364295
vt 0.431011 0.360532
vt 0.417505 0.352786
vt 0.402051 0.376909
vt 0.358333 0.447665
vt 0.374692 0.395793
vt 0.488158 0.387648
vt 0.470144 0.377577
vt 0.463227 0.351173
vt 0.404443 0.344638
vt 0.387471 0.369654
vt 0.485441 0.371730
vt 0.450779 0.333221
vt 0.436109 0.329196
vt 0.425124 0.321922
vt 0.500000 0.384864
vt 0.483619 0.358958
vt 0.467691 0.335297
vt 0.456887 0.309937
vt 0.449807 0.302678
vt 0.500000 0.371486
vt 0.500000 0.358699
vt 0.483684 0.347508
vt 0.475570 0.290297
vt 0.465961 0.315822
vt 0.511842 0.387648
vt 0.514559 0.371730
vt 0.500000 0.347393
vt 0.478122 0.296444
vt 0.484777 0.336290
vt 0.529856 0.377577
vt 0.516381 0.358958
vt 0.492695 0.291480
vt 0.491554 0.285513
vt 0.475135 0.318620
vt 0.516316 0.347508
vt 0.521898 0.395479
vt 0.535183 0.364295
vt 0.500000 0.290549
vt 0.500000 0.284891
vt 0.481106 0.303740
vt 0.500000 0.336399
vt 0.536773 0.351173
vt 0.526988 0.401790
vt 0.542420 0.386212
vt 0.508446 0.285513
vt 0.492775 0.298584
vt 0.487979 0.320523
vt 0.515223 0.336290
vt 0.554403 0.373198
vt 0.531650 0.408684
vt 0.500000 0.297805
vt 0.507305 0.291480
vt 0.524430 0.290297
vt 0.483087 0.309308
vt 0.500000 0.321100
vt 0.532309 0.335297
vt 0.553385 0.398537
vt 0.500000 0.308449
vt 0.521878 0.296444
vt 0.543113 0.309937
vt 0.490978 0.308257
vt 0.512021 0.320523
vt 0.568989 0.360532
vt 0.549221 0.333221
vt 0.537432 0.420647
vt 0.507225 0.298584
vt 0.563891 0.329196
vt 0.550193 0.302678
vt 0.524865 0.318620
vt 0.509022 0.308257
vt 0.568932 0.391675
vt 0.583370 0.383478
vt 0.582495 0.352786
vt 0.542029 0.438579
vt 0.561589 0.414210
vt 0.518894 0.303740
vt 0.534039 0.315822
vt 0.574876 0.321922
vt 0.516913 0.309308
vt 0.577802 0.410380
vt 0.593630 0.406383
vt 0.569422 0.435195
vt 0.597949 0.376909
vt 0.595557 0.344638
vt 0.546374 0.465230
vt 0.586002 0.432147
vt 0.612529 0.369654
vt 0.576348 0.461925
vt 0.601432 0.428554
vt 0.609447 0.401585
vt 0.551380 0.493104
vt 0.592672 0.458526
vt 0.625308 0.395793
vt 0.580191 0.492529
vt 0.608547 0.455049
vt 0.617364 0.424805
vt 0.554377 0.522122
vt 0.598965 0.489842
vt 0.634027 0.420825
vt 0.615871 0.485719
vt 0.555715 0.549787
vt 0.582146 0.521644
vt 0.624680 0.451605
vt 0.580728 0.579281
vt 0.582786 0.549990
vt 0.603519 0.520168
vt 0.641667 0.447665
vt 0.555555 0.578580
vt 0.623587 0.517477
vt 0.606177 0.578474
vt 0.633236 0.481194
vt 0.579819 0.606554
vt 0.606427 0.548687
vt 0.650500 0.475965
vt 0.554182 0.606554
vt 0.606041 0.606554
vt 0.643754 0.513665
vt 0.630593 0.578113
vt 0.628662 0.546928
vt 0.630759 0.606554
vt 0.663910 0.507812
vt 0.654796 0.576355
vt 0.655659 0.606554
vt 0.650719 0.543469
vt 0.682955 0.606554
vt 0.674246 0.538724
vt 0.680957 0.572886
vt 0.066301 0.022439
vt 0.086176 0.061446
vt 0.078950 0.018993
vt 0.106721 0.055721
vt 0.125000 0.046875
vt 0.091233 0.011846
vt 0.816406 0.979445
vt 0.823915 0.971348
vt 0.816406 0.971348
vt 0.823291 0.979445
vt 0.808897 0.971348
vt 0.821750 0.984993
vt 0.809521 0.979445
vt 0.816406 0.985224
vt 0.811063 0.984993
vt 0.823933 0.960937
vt 0.830942 0.971348
vt 0.831953 0.960937
vt 0.801870 0.971348
vt 0.808879 0.960937
vt 0.800860 0.960937
vt 0.816406 0.990805
vt 0.829704 0.979445
vt 0.825191 0.987613
vt 0.832225 0.944233
vt 0.816406 0.960937
vt 0.823245 0.944233
vt 0.803109 0.979445
vt 0.800587 0.944233
vt 0.807621 0.987613
vt 0.822741 0.924930
vt 0.831850 0.924930
vt 0.809568 0.944233
vt 0.816406 0.944233
vt 0.822006 0.915096
vt 0.810071 0.924930
vt 0.816406 0.924930
vt 0.816406 0.915096
vt 0.816406 0.909236
vt 0.823855 0.906185
vt 0.800963 0.924930
vt 0.810806 0.915096
vt 0.808959 0.906212
vt 0.871094 0.971348
vt 0.863358 0.971348
vt 0.864401 0.979445
vt 0.863183 0.960937
vt 0.871094 0.979445
vt 0.871094 0.960937
vt 0.877787 0.979445
vt 0.879004 0.960937
vt 0.878829 0.971348
vt 0.856948 0.979445
vt 0.853644 0.960937
vt 0.853951 0.971348
vt 0.875640 0.984931
vt 0.866548 0.984931
vt 0.871094 0.985180
vt 0.878731 0.944233
vt 0.863457 0.944233
vt 0.871094 0.944233
vt 0.885239 0.979445
vt 0.888543 0.960937
vt 0.888237 0.971348
vt 0.862227 0.987581
vt 0.871094 0.990805
vt 0.879961 0.987581
vt 0.864435 0.924930
vt 0.877753 0.924930
vt 0.871094 0.924930
vt 0.854833 0.944233
vt 0.887355 0.944233
vt 0.864884 0.915096
vt 0.856831 0.924930
vt 0.885357 0.924930
vt 0.877304 0.915096
vt 0.871094 0.915096
vt 0.761719 0.944316
vt 0.768813 0.929294
vt 0.761719 0.929294
vt 0.769794 0.944316
vt 0.754581 0.929294
vt 0.769718 0.957031
vt 0.753656 0.944316
vt 0.761719 0.957031
vt 0.753725 0.957031
vt 0.768183 0.919578
vt 0.776327 0.929294
vt 0.775958 0.919578
vt 0.747325 0.929294
vt 0.756400 0.919578
vt 0.769381 0.968480
vt 0.777919 0.957031
vt 0.745527 0.957031
vt 0.754059 0.968480
vt 0.776735 0.912702
vt 0.761719 0.919578
vt 0.767718 0.909773
vt 0.761719 0.913843
vt 0.776819 0.944316
vt 0.746646 0.944316
vt 0.761719 0.968480
vt 0.777780 0.968480
vt 0.761719 0.978112
vt 0.768503 0.978112
vt 0.745662 0.968480
vt 0.775558 0.978112
vt 0.754936 0.978112
vt 0.767241 0.983344
vt 0.756200 0.983345
vt 0.761720 0.982887
vt 0.761720 0.989765
vt 0.747882 0.978112
vt 0.753829 0.986754
vt 0.769611 0.986754
vt 0.630261 0.318930
vt 0.639961 0.318930
vt 0.639961 0.303455
vt 0.639961 0.331614
vt 0.630261 0.303455
vt 0.630261 0.331614
vt 0.620574 0.303455
vt 0.620574 0.331614
vt 0.620574 0.318930
vt 0.650666 0.303455
vt 0.650666 0.331614
vt 0.650666 0.318930
vt 0.620574 0.285889
vt 0.639961 0.285846
vt 0.630261 0.284773
vt 0.620574 0.335937
vt 0.639961 0.335937
vt 0.630261 0.335937
vt 0.609375 0.303455
vt 0.609375 0.331614
vt 0.609375 0.318930
vt 0.660254 0.303455
vt 0.650666 0.287652
vt 0.660254 0.289129
vt 0.650666 0.335937
vt 0.660254 0.331614
vt 0.620574 0.281673
vt 0.609375 0.287679
vt 0.609375 0.282562
vt 0.609375 0.335937
vt 0.669049 0.289593
vt 0.660254 0.318930
vt 0.669049 0.303455
vt 0.650666 0.282619
vt 0.660254 0.283209
vt 0.660254 0.335937
vt 0.630261 0.281205
vt 0.639961 0.281656
vt 0.609375 0.276163
vt 0.669049 0.318930
vt 0.677745 0.303455
vt 0.660254 0.276163
vt 0.669049 0.283504
vt 0.669049 0.276163
vt 0.669049 0.331614
vt 0.669049 0.335937
vt 0.639961 0.276163
vt 0.620574 0.276163
vt 0.630261 0.276163
vt 0.677745 0.289153
vt 0.677745 0.318930
vt 0.687500 0.303455
vt 0.687500 0.318930
vt 0.650666 0.276163
vt 0.677745 0.283206
vt 0.677745 0.335937
vt 0.620574 0.239574
vt 0.639961 0.239925
vt 0.630261 0.238386
vt 0.609375 0.241806
vt 0.677745 0.331614
vt 0.687500 0.331614
vt 0.687500 0.287679
vt 0.660254 0.244892
vt 0.669049 0.245903
vt 0.650666 0.242666
vt 0.687500 0.335937
vt 0.687500 0.282562
vt 0.677745 0.276163
vt 0.677745 0.244683
vt 0.687500 0.276163
vt 0.687500 0.241806
vt 0.773438 0.821037
vt 0.788387 0.821122
vt 0.787351 0.806127
vt 0.785836 0.830865
vt 0.773438 0.806067
vt 0.773438 0.830865
vt 0.759557 0.806127
vt 0.761069 0.830865
vt 0.758584 0.821122
vt 0.795278 0.831509
vt 0.797534 0.821897
vt 0.781524 0.800451
vt 0.763542 0.840259
vt 0.783285 0.840259
vt 0.773438 0.840259
vt 0.765366 0.800451
vt 0.751687 0.830865
vt 0.749795 0.821897
vt 0.792081 0.840259
vt 0.773438 0.800451
vt 0.765314 0.853864
vt 0.754624 0.840259
vt 0.757376 0.853864
vt 0.789463 0.853864
vt 0.781542 0.853864
vt 0.756819 0.867187
vt 0.773438 0.853864
vt 0.764350 0.867187
vt 0.773438 0.867187
vt 0.790044 0.867187
vt 0.757818 0.877131
vt 0.782517 0.867187
vt 0.765961 0.877131
vt 0.780910 0.877131
vt 0.773438 0.877131
vt 0.778064 0.884438
vt 0.768804 0.884436
vt 0.773434 0.885025
vt 0.764153 0.887731
vt 0.789051 0.877131
vt 0.773437 0.892125
vt 0.782719 0.887731
vt 0.707031 0.968480
vt 0.707031 0.957031
vt 0.698350 0.957031
vt 0.715749 0.957031
vt 0.698023 0.968480
vt 0.716055 0.968480
vt 0.699797 0.978112
vt 0.714271 0.978112
vt 0.707031 0.978112
vt 0.699182 0.944316
vt 0.714989 0.944316
vt 0.707031 0.944316
vt 0.692576 0.978112
vt 0.690582 0.957031
vt 0.690255 0.968480
vt 0.721495 0.978112
vt 0.723531 0.957031
vt 0.723827 0.968480
vt 0.702947 0.983690
vt 0.711111 0.983688
vt 0.707027 0.983814
vt 0.700324 0.929294
vt 0.714165 0.929294
vt 0.707031 0.929294
vt 0.698517 0.986804
vt 0.691825 0.944316
vt 0.715551 0.986800
vt 0.722391 0.944316
vt 0.707036 0.989765
vt 0.707031 0.919578
vt 0.712639 0.919578
vt 0.692603 0.929294
vt 0.722067 0.929294
vt 0.700126 0.919578
vt 0.701272 0.907821
vt 0.692740 0.908500
vt 0.692494 0.919578
vt 0.652344 0.944776
vt 0.652344 0.930063
vt 0.645411 0.930063
vt 0.659278 0.930063
vt 0.644525 0.944776
vt 0.660139 0.944776
vt 0.644678 0.957031
vt 0.660001 0.957031
vt 0.652344 0.957031
vt 0.645965 0.920739
vt 0.657549 0.920739
vt 0.652344 0.920739
vt 0.636842 0.957031
vt 0.638092 0.930063
vt 0.637715 0.944776
vt 0.667832 0.957031
vt 0.666316 0.930063
vt 0.666930 0.944776
vt 0.645024 0.967790
vt 0.659660 0.967790
vt 0.652344 0.967790
vt 0.652344 0.914900
vt 0.638287 0.920739
vt 0.646412 0.910753
vt 0.637358 0.913674
vt 0.652344 0.977041
vt 0.667659 0.967790
vt 0.637022 0.967790
vt 0.658844 0.977041
vt 0.645841 0.977041
vt 0.657657 0.982103
vt 0.647026 0.982103
vt 0.652342 0.981651
vt 0.652342 0.988252
vt 0.665619 0.977041
vt 0.659956 0.985404
vt 0.639065 0.977041
vt 0.644729 0.985404
vt 0.597656 0.967790
vt 0.605988 0.967790
vt 0.605859 0.957031
vt 0.604460 0.977041
vt 0.597656 0.957031
vt 0.597658 0.977041
vt 0.589411 0.957031
vt 0.590845 0.977041
vt 0.589307 0.967790
vt 0.613246 0.957031
vt 0.611328 0.977041
vt 0.613271 0.967790
vt 0.589995 0.944776
vt 0.605196 0.944776
vt 0.597656 0.944776
vt 0.593789 0.982424
vt 0.601526 0.982428
vt 0.597658 0.982544
vt 0.582008 0.957031
vt 0.583974 0.977041
vt 0.582018 0.967790
vt 0.605750 0.985367
vt 0.604089 0.930063
vt 0.590755 0.930063
vt 0.597656 0.930063
vt 0.612302 0.944776
vt 0.597658 0.988252
vt 0.589565 0.985364
vt 0.582836 0.944776
vt 0.597656 0.920739
vt 0.592256 0.920739
vt 0.611524 0.930063
vt 0.583086 0.930063
vt 0.604187 0.920739
vt 0.603186 0.910099
vt 0.610969 0.910696
vt 0.611342 0.920739
vt 0.835938 0.867187
vt 0.829065 0.867187
vt 0.829601 0.877131
vt 0.828749 0.853864
vt 0.835938 0.877131
vt 0.835938 0.853864
vt 0.842271 0.877131
vt 0.843122 0.853864
vt 0.842808 0.867187
vt 0.819852 0.867187
vt 0.820728 0.853864
vt 0.842077 0.883231
vt 0.829791 0.883231
vt 0.835933 0.883618
vt 0.835938 0.840259
vt 0.852020 0.867187
vt 0.851141 0.853864
vt 0.819274 0.840259
vt 0.821374 0.877131
vt 0.835935 0.892125
vt 0.850498 0.877131
vt 0.844379 0.887919
vt 0.843776 0.840259
vt 0.828091 0.840259
vt 0.835945 0.836146
vt 0.852580 0.840259
vt 0.827490 0.887919
vt 0.831128 0.830780
vt 0.840751 0.830861
vt 0.818542 0.830865
vt 0.853270 0.830865
vt 0.830670 0.820628
vt 0.841140 0.820788
vt 0.854209 0.821897
vt 0.817518 0.821897
vt 0.238281 0.944316
vt 0.238281 0.929294
vt 0.231187 0.929294
vt 0.245419 0.929294
vt 0.230206 0.944316
vt 0.246344 0.944316
vt 0.230282 0.957031
vt 0.246275 0.957031
vt 0.238281 0.957031
vt 0.231817 0.919578
vt 0.243600 0.919578
vt 0.238281 0.919578
vt 0.222081 0.957031
vt 0.223673 0.929294
vt 0.223181 0.944316
vt 0.254473 0.957031
vt 0.252675 0.929294
vt 0.253354 0.944316
vt 0.230619 0.968480
vt 0.245941 0.968480
vt 0.238281 0.968480
vt 0.238281 0.913843
vt 0.224042 0.919578
vt 0.232282 0.909773
vt 0.223265 0.912702
vt 0.238281 0.978112
vt 0.254338 0.968480
vt 0.222220 0.968480
vt 0.245064 0.978112
vt 0.231497 0.978112
vt 0.243800 0.983345
vt 0.232759 0.983344
vt 0.238280 0.982887
vt 0.238280 0.989765
vt 0.252118 0.978112
vt 0.246171 0.986754
vt 0.224442 0.978112
vt 0.230389 0.986754
vt 0.369739 0.318930
vt 0.369739 0.303455
vt 0.360039 0.303455
vt 0.379426 0.303455
vt 0.360039 0.318930
vt 0.379426 0.318930
vt 0.360039 0.331614
vt 0.379426 0.331614
vt 0.369739 0.331614
vt 0.360039 0.285846
vt 0.379426 0.285889
vt 0.369739 0.284773
vt 0.349334 0.331614
vt 0.349334 0.303455
vt 0.349334 0.318930
vt 0.390625 0.331614
vt 0.390625 0.303455
vt 0.390625 0.318930
vt 0.360039 0.335937
vt 0.379426 0.335937
vt 0.369739 0.335937
vt 0.360039 0.281656
vt 0.349334 0.287652
vt 0.349334 0.282619
vt 0.390625 0.287679
vt 0.379426 0.281673
vt 0.390625 0.282562
vt 0.339746 0.331614
vt 0.349334 0.335937
vt 0.390625 0.335937
vt 0.349334 0.276163
vt 0.369739 0.281205
vt 0.360039 0.276163
vt 0.339746 0.289129
vt 0.339746 0.283209
vt 0.390625 0.276163
vt 0.339746 0.318930
vt 0.339746 0.303455
vt 0.339746 0.335937
vt 0.349334 0.242666
vt 0.339746 0.276163
vt 0.339746 0.244892
vt 0.379426 0.276163
vt 0.369739 0.276163
vt 0.330951 0.303455
vt 0.330951 0.318930
vt 0.330951 0.289593
vt 0.330951 0.331614
vt 0.330951 0.335937
vt 0.360039 0.239925
vt 0.330951 0.245903
vt 0.390625 0.241806
vt 0.330951 0.283504
vt 0.330951 0.276163
vt 0.322255 0.303455
vt 0.322255 0.335937
vt 0.369739 0.238386
vt 0.379426 0.239574
vt 0.322255 0.283206
vt 0.322255 0.276163
vt 0.322255 0.244683
vt 0.322255 0.318930
vt 0.322255 0.331614
vt 0.312500 0.335937
vt 0.322255 0.289153
vt 0.312500 0.276163
vt 0.312500 0.241806
vt 0.312500 0.331614
vt 0.312500 0.318930
vt 0.312500 0.287679
vt 0.312500 0.282562
vt 0.312500 0.303455
vt 0.226563 0.821037
vt 0.212649 0.806127
vt 0.211613 0.821122
vt 0.226563 0.806067
vt 0.214164 0.830865
vt 0.240443 0.806127
vt 0.226563 0.830865
vt 0.241416 0.821122
vt 0.238931 0.830865
vt 0.218476 0.800451
vt 0.204722 0.831509
vt 0.202466 0.821897
vt 0.234634 0.800451
vt 0.236458 0.840259
vt 0.216715 0.840259
vt 0.226563 0.840259
vt 0.248313 0.830865
vt 0.250205 0.821897
vt 0.226563 0.800451
vt 0.207919 0.840259
vt 0.234686 0.853864
vt 0.245376 0.840259
vt 0.242624 0.853864
vt 0.210537 0.853864
vt 0.226563 0.853864
vt 0.218458 0.853864
vt 0.243181 0.867187
vt 0.226563 0.867187
vt 0.209956 0.867187
vt 0.235650 0.867187
vt 0.242182 0.877131
vt 0.217483 0.867187
vt 0.210949 0.877131
vt 0.234039 0.877131
vt 0.235847 0.887731
vt 0.219090 0.877131
vt 0.217281 0.887731
vt 0.231196 0.884436
vt 0.226563 0.892125
vt 0.221936 0.884438
vt 0.226563 0.877131
vt 0.226566 0.885025
vt 0.292969 0.968480
vt 0.301977 0.968480
vt 0.301650 0.957031
vt 0.300203 0.978112
vt 0.292969 0.957031
vt 0.292969 0.978112
vt 0.284251 0.957031
vt 0.285729 0.978112
vt 0.283945 0.968480
vt 0.309418 0.957031
vt 0.307424 0.978112
vt 0.309745 0.968480
vt 0.285011 0.944316
vt 0.300818 0.944316
vt 0.292969 0.944316
vt 0.288889 0.983688
vt 0.297053 0.983690
vt 0.292973 0.983814
vt 0.276469 0.957031
vt 0.278505 0.978112
vt 0.276173 0.968480
vt 0.301483 0.986804
vt 0.299676 0.929294
vt 0.285835 0.929294
vt 0.292969 0.929294
vt 0.308175 0.944316
vt 0.292964 0.989765
vt 0.284449 0.986800
vt 0.277609 0.944316
vt 0.292969 0.919578
vt 0.287361 0.919578
vt 0.307397 0.929294
vt 0.277933 0.929294
vt 0.299874 0.919578
vt 0.298728 0.907821
vt 0.307260 0.908500
vt 0.307506 0.919578
vt 0.183594 0.979445
vt 0.176085 0.971348
vt 0.176709 0.979445
vt 0.183594 0.971348
vt 0.178250 0.984993
vt 0.191103 0.971348
vt 0.183594 0.985224
vt 0.190479 0.979445
vt 0.188937 0.984993
vt 0.169058 0.971348
vt 0.176067 0.960937
vt 0.168047 0.960937
vt 0.183594 0.990805
vt 0.170296 0.979445
vt 0.174809 0.987613
vt 0.198130 0.971348
vt 0.191121 0.960937
vt 0.199140 0.960937
vt 0.167775 0.944233
vt 0.183594 0.960937
vt 0.176755 0.944233
vt 0.192379 0.987613
vt 0.196891 0.979445
vt 0.199413 0.944233
vt 0.177259 0.924930
vt 0.168150 0.924930
vt 0.190432 0.944233
vt 0.183594 0.944233
vt 0.177994 0.915096
vt 0.189929 0.924930
vt 0.183594 0.924930
vt 0.183594 0.915096
vt 0.183594 0.909236
vt 0.176145 0.906185
vt 0.199037 0.924930
vt 0.189194 0.915096
vt 0.191041 0.906212
vt 0.128906 0.971348
vt 0.128906 0.979445
vt 0.135599 0.979445
vt 0.122213 0.979445
vt 0.136642 0.971348
vt 0.121171 0.971348
vt 0.136817 0.960937
vt 0.120996 0.960937
vt 0.128906 0.960937
vt 0.133452 0.984931
vt 0.124360 0.984931
vt 0.128906 0.985180
vt 0.146356 0.960937
vt 0.143052 0.979445
vt 0.146049 0.971348
vt 0.111457 0.960937
vt 0.114761 0.979445
vt 0.111763 0.971348
vt 0.136543 0.944233
vt 0.121269 0.944233
vt 0.128906 0.944233
vt 0.128906 0.990805
vt 0.137773 0.987581
vt 0.120039 0.987581
vt 0.122247 0.924930
vt 0.135565 0.924930
vt 0.128906 0.924930
vt 0.112645 0.944233
vt 0.145167 0.944233
vt 0.122696 0.915096
vt 0.114643 0.924930
vt 0.143169 0.924930
vt 0.135116 0.915096
vt 0.128906 0.915096
vt 0.347656 0.944776
vt 0.354589 0.930063
vt 0.347656 0.930063
vt 0.355475 0.944776
vt 0.340722 0.930063
vt 0.355322 0.957031
vt 0.339861 0.944776
vt 0.347656 0.957031
vt 0.339999 0.957031
vt 0.354035 0.920739
vt 0.361908 0.930063
vt 0.361713 0.920739
vt 0.333684 0.930063
vt 0.342451 0.920739
vt 0.354976 0.967790
vt 0.363158 0.957031
vt 0.332168 0.957031
vt 0.340340 0.967790
vt 0.362642 0.913674
vt 0.347656 0.920739
vt 0.353588 0.910753
vt 0.347656 0.914900
vt 0.362285 0.944776
vt 0.333070 0.944776
vt 0.347656 0.967790
vt 0.362978 0.967790
vt 0.347656 0.977041
vt 0.354159 0.977041
vt 0.332341 0.967790
vt 0.360935 0.977041
vt 0.341157 0.977041
vt 0.352974 0.982103
vt 0.342343 0.982103
vt 0.347658 0.981651
vt 0.347658 0.988252
vt 0.334380 0.977041
vt 0.340044 0.985404
vt 0.355271 0.985404
vt 0.402344 0.967790
vt 0.402344 0.957031
vt 0.394141 0.957031
vt 0.410589 0.957031
vt 0.394012 0.967790
vt 0.410693 0.967790
vt 0.395540 0.977041
vt 0.409155 0.977041
vt 0.402342 0.977041
vt 0.394804 0.944776
vt 0.410005 0.944776
vt 0.402344 0.944776
vt 0.388672 0.977041
vt 0.386754 0.957031
vt 0.386729 0.967790
vt 0.416026 0.977041
vt 0.417992 0.957031
vt 0.417982 0.967790
vt 0.398474 0.982428
vt 0.406211 0.982424
vt 0.402342 0.982544
vt 0.395911 0.930063
vt 0.409245 0.930063
vt 0.402344 0.930063
vt 0.394250 0.985367
vt 0.387698 0.944776
vt 0.410435 0.985364
vt 0.417164 0.944776
vt 0.402342 0.988252
vt 0.402344 0.920739
vt 0.407744 0.920739
vt 0.388476 0.930063
vt 0.416914 0.930063
vt 0.395813 0.920739
vt 0.396814 0.910099
vt 0.389031 0.910696
vt 0.388658 0.920739
vt 0.164063 0.867187
vt 0.164063 0.877131
vt 0.170399 0.877131
vt 0.157729 0.877131
vt 0.170935 0.867187
vt 0.157192 0.867187
vt 0.171251 0.853864
vt 0.156878 0.853864
vt 0.164063 0.853864
vt 0.170209 0.883231
vt 0.157923 0.883231
vt 0.164067 0.883618
vt 0.179272 0.853864
vt 0.180148 0.867187
vt 0.148859 0.853864
vt 0.147980 0.867187
vt 0.164063 0.840259
vt 0.164065 0.892125
vt 0.178626 0.877131
vt 0.172510 0.887919
vt 0.180726 0.840259
vt 0.149502 0.877131
vt 0.147420 0.840259
vt 0.171909 0.840259
vt 0.156224 0.840259
vt 0.164055 0.836146
vt 0.155621 0.887919
vt 0.159249 0.830861
vt 0.168872 0.830780
vt 0.146730 0.830865
vt 0.181458 0.830865
vt 0.158860 0.820788
vt 0.169330 0.820628
vt 0.182482 0.821897
vt 0.145791 0.821897
vt 0.280681 0.609438
vt 0.298348 0.617052
vt 0.292412 0.593032
vt 0.287168 0.642612
vt 0.275929 0.591885
vt 0.254519 0.618463
vt 0.262758 0.588193
vt 0.256657 0.606751
vt 0.240137 0.602397
vt 0.228858 0.624315
vt 0.250252 0.582540
vt 0.217015 0.595907
vt 0.222442 0.590274
vt 0.240384 0.573416
vt 0.231766 0.564903
vt 0.200651 0.584749
vt 0.184789 0.594509
vt 0.183213 0.566586
vt 0.197384 0.562547
vt 0.227165 0.555884
vt 0.222605 0.542969
vt 0.177973 0.542969
vt 0.160156 0.542969
vt 0.173492 0.518400
vt 0.190435 0.522189
vt 0.222157 0.529727
vt 0.222237 0.513392
vt 0.184109 0.499841
vt 0.165334 0.492293
vt 0.188845 0.478092
vt 0.201722 0.485679
vt 0.227317 0.500330
vt 0.235514 0.488082
vt 0.206743 0.464683
vt 0.191805 0.450687
vt 0.224258 0.449765
vt 0.230665 0.459547
vt 0.245931 0.479048
vt 0.253553 0.472903
vt 0.246337 0.444008
vt 0.239599 0.423451
vt 0.266409 0.435281
vt 0.266395 0.449364
vt 0.268020 0.469661
vt 0.280795 0.452218
vt 0.278144 0.472196
vt 0.298837 0.472458
vt 0.294606 0.484947
vt 0.286458 0.426655
vt 0.293979 0.450268
vt 0.309093 0.447987
vt 0.719319 0.609438
vt 0.707588 0.593032
vt 0.701652 0.617052
vt 0.724071 0.591885
vt 0.712832 0.642612
vt 0.737242 0.588193
vt 0.745481 0.618463
vt 0.743343 0.606751
vt 0.749748 0.582540
vt 0.759863 0.602397
vt 0.771142 0.624315
vt 0.782985 0.595907
vt 0.777558 0.590274
vt 0.759616 0.573416
vt 0.768234 0.564903
vt 0.799349 0.584749
vt 0.815211 0.594509
vt 0.816787 0.566586
vt 0.802616 0.562547
vt 0.772835 0.555884
vt 0.777395 0.542969
vt 0.822027 0.542969
vt 0.839844 0.542969
vt 0.826508 0.518400
vt 0.809565 0.522189
vt 0.777843 0.529727
vt 0.777763 0.513392
vt 0.815891 0.499841
vt 0.834666 0.492293
vt 0.811155 0.478092
vt 0.798278 0.485679
vt 0.772683 0.500330
vt 0.764486 0.488082
vt 0.793257 0.464683
vt 0.808195 0.450687
vt 0.775742 0.449765
vt 0.769335 0.459547
vt 0.754069 0.479048
vt 0.746447 0.472903
vt 0.753663 0.444008
vt 0.760401 0.423451
vt 0.733591 0.435281
vt 0.733605 0.449364
vt 0.731980 0.469661
vt 0.719205 0.452218
vt 0.721856 0.472196
vt 0.701163 0.472458
vt 0.705394 0.484947
vt 0.713542 0.426655
vt 0.706021 0.450268
vt 0.690907 0.447987
vt 0.345066 0.634040
vt 0.345675 0.648391
vt 0.368694 0.645847
vt 0.327018 0.664214
vt 0.367456 0.633087
vt 0.319241 0.654940
vt 0.341706 0.618382
vt 0.371576 0.656259
vt 0.334594 0.673108
vt 0.300030 0.669099
vt 0.290443 0.657310
vt 0.308843 0.679654
vt 0.282168 0.690277
vt 0.292397 0.697047
vt 0.302407 0.703872
vt 0.282333 0.716290
vt 0.266844 0.710266
vt 0.247220 0.701200
vt 0.258052 0.731232
vt 0.271390 0.733620
vt 0.285412 0.735467
vt 0.266199 0.756358
vt 0.248646 0.755750
vt 0.226995 0.753738
vt 0.244488 0.781250
vt 0.261898 0.781250
vt 0.273438 0.781250
vt 0.304376 0.372551
vt 0.296842 0.349041
vt 0.291063 0.389904
vt 0.320248 0.348121
vt 0.310722 0.392210
vt 0.324577 0.361065
vt 0.330397 0.377682
vt 0.270055 0.395957
vt 0.264456 0.345463
vt 0.326685 0.360087
vt 0.324964 0.351728
vt 0.318075 0.416610
vt 0.250187 0.386844
vt 0.228165 0.380454
vt 0.247604 0.328885
vt 0.337568 0.359919
vt 0.268651 0.421062
vt 0.339692 0.373234
vt 0.209679 0.369267
vt 0.193553 0.356041
vt 0.234838 0.306266
vt 0.212379 0.405283
vt 0.182436 0.336969
vt 0.175060 0.314490
vt 0.226745 0.283206
vt 0.172310 0.371869
vt 0.175795 0.289853
vt 0.174541 0.270867
vt 0.192515 0.252717
vt 0.205010 0.233367
vt 0.253818 0.252242
vt 0.144531 0.324219
vt 0.147611 0.263713
vt 0.231798 0.220919
vt 0.250794 0.211193
vt 0.272230 0.245850
vt 0.189505 0.212302
vt 0.275941 0.212637
vt 0.246571 0.187592
vt 0.341379 0.735480
vt 0.361685 0.754524
vt 0.359952 0.735319
vt 0.344428 0.756034
vt 0.359554 0.714844
vt 0.318485 0.736820
vt 0.342144 0.714844
vt 0.374605 0.753993
vt 0.348670 0.776796
vt 0.365463 0.775047
vt 0.371094 0.714844
vt 0.325183 0.781143
vt 0.370843 0.797257
vt 0.386268 0.793952
vt 0.356652 0.800477
vt 0.378781 0.817047
vt 0.360951 0.822536
vt 0.337826 0.829424
vt 0.368886 0.841939
vt 0.383841 0.835724
vt 0.397152 0.830219
vt 0.386787 0.856012
vt 0.377801 0.858783
vt 0.360525 0.865028
vt 0.386264 0.875123
vt 0.396653 0.866605
vt 0.413386 0.873760
vt 0.398096 0.877495
vt 0.414246 0.884655
vt 0.386930 0.891562
vt 0.654934 0.634040
vt 0.631306 0.645847
vt 0.654325 0.648391
vt 0.632544 0.633087
vt 0.672982 0.664214
vt 0.658294 0.618382
vt 0.680759 0.654940
vt 0.628424 0.656259
vt 0.699970 0.669099
vt 0.665406 0.673108
vt 0.691157 0.679654
vt 0.709557 0.657310
vt 0.707603 0.697047
vt 0.697593 0.703872
vt 0.717832 0.690277
vt 0.717667 0.716290
vt 0.733156 0.710266
vt 0.752780 0.701200
vt 0.741948 0.731232
vt 0.728610 0.733620
vt 0.714588 0.735467
vt 0.733801 0.756358
vt 0.751354 0.755750
vt 0.773005 0.753738
vt 0.755512 0.781250
vt 0.738102 0.781250
vt 0.726563 0.781250
vt 0.695624 0.372551
vt 0.708937 0.389904
vt 0.703158 0.349041
vt 0.689278 0.392210
vt 0.679752 0.348121
vt 0.669603 0.377682
vt 0.675423 0.361065
vt 0.729945 0.395957
vt 0.681925 0.416610
vt 0.731349 0.421062
vt 0.673315 0.360087
vt 0.675036 0.351728
vt 0.735544 0.345463
vt 0.749813 0.386844
vt 0.662432 0.359919
vt 0.660308 0.373234
vt 0.771835 0.380454
vt 0.787621 0.405283
vt 0.752396 0.328885
vt 0.790321 0.369267
vt 0.806447 0.356041
vt 0.827690 0.371869
vt 0.765162 0.306266
vt 0.817564 0.336969
vt 0.824940 0.314490
vt 0.855469 0.324219
vt 0.773255 0.283206
vt 0.824205 0.289853
vt 0.825459 0.270867
vt 0.852389 0.263713
vt 0.807485 0.252717
vt 0.794990 0.233367
vt 0.746182 0.252242
vt 0.768202 0.220919
vt 0.810495 0.212302
vt 0.749206 0.211193
vt 0.727770 0.245850
vt 0.753429 0.187592
vt 0.724059 0.212637
vt 0.658621 0.735480
vt 0.640048 0.735319
vt 0.638315 0.754524
vt 0.640446 0.714844
vt 0.655572 0.756034
vt 0.657856 0.714844
vt 0.681515 0.736820
vt 0.625395 0.753993
vt 0.628906 0.714844
vt 0.651330 0.776796
vt 0.674817 0.781143
vt 0.634537 0.775047
vt 0.643348 0.800477
vt 0.629157 0.797257
vt 0.613732 0.793952
vt 0.621219 0.817047
vt 0.639049 0.822536
vt 0.662174 0.829424
vt 0.631114 0.841939
vt 0.616159 0.835724
vt 0.602848 0.830219
vt 0.613213 0.856012
vt 0.622199 0.858783
vt 0.639475 0.865028
vt 0.613736 0.875123
vt 0.603347 0.866605
vt 0.586614 0.873760
vt 0.601904 0.877495
vt 0.585754 0.884655
vt 0.613070 0.891562
vt 0.207031 0.687782
vt 0.207031 0.710937
vt 0.231141 0.724791
vt 0.183891 0.731357
vt 0.296875 0.820312
vt 0.296875 0.851503
vt 0.321259 0.862367
vt 0.272651 0.866155
vt 0.265625 0.500000
vt 0.265625 0.518909
vt 0.293580 0.537077
vt 0.244282 0.537721
vt 0.187500 0.426775
vt 0.205983 0.438164
vt 0.187500 0.402344
vt 0.167591 0.438074
vt 0.296875 0.780475
vt 0.296875 0.804687
vt 0.318492 0.820656
vt 0.277702 0.814130
vt 0.398330 0.669429
vt 0.398330 0.693750
vt 0.417341 0.705571
vt 0.379534 0.704065
vt 0.187500 0.742187
vt 0.187500 0.776391
vt 0.212424 0.783674
vt 0.163845 0.793609
vt 0.207031 0.633355
vt 0.207031 0.667969
vt 0.225672 0.674944
vt 0.189237 0.685723
vt 0.792969 0.710937
vt 0.792969 0.687782
vt 0.768859 0.724791
vt 0.816109 0.731357
vt 0.703125 0.851503
vt 0.703125 0.820312
vt 0.678741 0.862367
vt 0.727349 0.866155
vt 0.734375 0.518909
vt 0.734375 0.500000
vt 0.706420 0.537077
vt 0.755718 0.537721
vt 0.812500 0.426775
vt 0.812500 0.402344
vt 0.794017 0.438164
vt 0.832409 0.438074
vt 0.703125 0.804687
vt 0.703125 0.780475
vt 0.681508 0.820656
vt 0.722298 0.814130
vt 0.601670 0.693750
vt 0.601670 0.669429
vt 0.582659 0.705571
vt 0.620466 0.704065
vt 0.812500 0.776391
vt 0.812500 0.742187
vt 0.787576 0.783674
vt 0.836155 0.793609
vt 0.792969 0.667969
vt 0.792969 0.633355
vt 0.774328 0.674944
vt 0.810763 0.685723
vt 0.000175 0.649923
vt 0.049015 0.643854
vt 0.000175 0.607389
vt 0.038199 0.602713
vt 0.093790 0.623713
vt 0.031098 0.572800
vt 0.000175 0.574659
vt 0.072042 0.586718
vt 0.058175 0.568376
vt 0.028383 0.548388
vt 0.000175 0.548388
vt 0.000175 0.524583
vt 0.054937 0.548388
vt 0.027578 0.524583
vt 0.094918 0.572058
vt 0.127414 0.590068
vt 0.076112 0.567860
vt 0.079085 0.548388
vt 0.105308 0.548388
vt 0.081134 0.524583
vt 0.054404 0.524583
vt 0.027129 0.499865
vt 0.000175 0.499865
vt 0.000175 0.478069
vt 0.140534 0.548388
vt 0.110031 0.524583
vt 0.143409 0.524583
vt 0.082232 0.499865
vt 0.112594 0.499865
vt 0.146761 0.499865
vt 0.054230 0.499865
vt 0.082695 0.478069
vt 0.113355 0.478069
vt 0.148263 0.478069
vt 0.113104 0.457031
vt 0.147908 0.457031
vt 0.145779 0.436334
vt 0.026805 0.478069
vt 0.054134 0.478069
vt 0.082617 0.457031
vt 0.053920 0.457031
vt 0.026473 0.457031
vt 0.000175 0.457031
vt 0.111793 0.436334
vt 0.082077 0.436334
vt 0.053447 0.436334
vt 0.025977 0.436334
vt 0.000175 0.436334
vt 0.000175 0.413048
vt 0.141944 0.413048
vt 0.109303 0.413048
vt 0.136244 0.387451
vt 0.081021 0.413048
vt 0.106017 0.387451
vt 0.130736 0.361048
vt 0.052801 0.413048
vt 0.079604 0.387451
vt 0.101932 0.361048
vt 0.125340 0.336055
vt 0.026132 0.413048
vt 0.052348 0.387451
vt 0.025821 0.387451
vt 0.000175 0.387451
vt 0.000175 0.361048
vt 0.025991 0.361048
vt 0.000175 0.336055
vt 0.076954 0.361048
vt 0.053429 0.361048
vt 0.027030 0.336055
vt 0.055609 0.336055
vt 0.000175 0.304678
vt 0.029953 0.304703
vt 0.000175 0.283387
vt 0.032206 0.283298
vt 0.059039 0.307133
vt 0.066934 0.288142
vt 0.072850 0.336055
vt 0.087615 0.305853
vt 0.096985 0.336055
vt 0.113279 0.306313
vt 0.106572 0.299812
vt 0.084958 0.293539
vt 0.999825 0.649923
vt 0.999825 0.607389
vt 0.950985 0.643854
vt 0.961801 0.602713
vt 0.906210 0.623713
vt 0.968902 0.572800
vt 0.999825 0.574659
vt 0.927958 0.586718
vt 0.941825 0.568376
vt 0.971617 0.548388
vt 0.999825 0.548388
vt 0.999825 0.524583
vt 0.945063 0.548388
vt 0.972422 0.524583
vt 0.905082 0.572058
vt 0.872586 0.590068
vt 0.923888 0.567860
vt 0.920915 0.548388
vt 0.894692 0.548388
vt 0.918866 0.524583
vt 0.945596 0.524583
vt 0.972871 0.499865
vt 0.999825 0.499865
vt 0.999825 0.478069
vt 0.859466 0.548388
vt 0.889969 0.524583
vt 0.856591 0.524583
vt 0.917768 0.499865
vt 0.887406 0.499865
vt 0.853239 0.499865
vt 0.945770 0.499865
vt 0.917305 0.478069
vt 0.886644 0.478069
vt 0.851737 0.478069
vt 0.886896 0.457031
vt 0.852092 0.457031
vt 0.854221 0.436334
vt 0.973195 0.478069
vt 0.945866 0.478069
vt 0.917383 0.457031
vt 0.946079 0.457031
vt 0.973527 0.457031
vt 0.999825 0.457031
vt 0.888207 0.436334
vt 0.917923 0.436334
vt 0.946553 0.436334
vt 0.974023 0.436334
vt 0.999825 0.436334
vt 0.999825 0.413048
vt 0.858056 0.413048
vt 0.890697 0.413048
vt 0.863756 0.387451
vt 0.918979 0.413048
vt 0.893983 0.387451
vt 0.869264 0.361048
vt 0.947199 0.413048
vt 0.920396 0.387451
vt 0.898068 0.361048
vt 0.874660 0.336055
vt 0.973868 0.413048
vt 0.947652 0.387451
vt 0.974179 0.387451
vt 0.999825 0.387451
vt 0.999825 0.361048
vt 0.974009 0.361048
vt 0.999825 0.336055
vt 0.923046 0.361048
vt 0.946571 0.361048
vt 0.972970 0.336055
vt 0.944391 0.336055
vt 0.999825 0.304678
vt 0.970047 0.304703
vt 0.999825 0.283387
vt 0.967794 0.283298
vt 0.940961 0.307133
vt 0.933066 0.288142
vt 0.927150 0.336055
vt 0.912385 0.305853
vt 0.903015 0.336055
vt 0.886721 0.306313
vt 0.893428 0.299812
vt 0.915042 0.293539
vt 0.463702 0.275643
vt 0.462997 0.273694
vt 0.458885 0.276681
vt 0.456843 0.272854
vt 0.458934 0.268973
vt 0.464670 0.271346
vt 0.465929 0.263991
vt 0.470756 0.266809
vt 0.476626 0.260519
vt 0.480052 0.263106
vt 0.466604 0.255607
vt 0.484558 0.254453
vt 0.486892 0.258743
vt 0.494592 0.254710
vt 0.485924 0.239243
vt 0.467371 0.238753
vt 0.466884 0.219224
vt 0.493482 0.249519
vt 0.500000 0.253474
vt 0.500000 0.220296
vt 0.500000 0.237099
vt 0.500000 0.247975
vt 0.506518 0.249519
vt 0.514076 0.239243
vt 0.505408 0.254710
vt 0.515442 0.254453
vt 0.513108 0.258743
vt 0.519948 0.263106
vt 0.500000 0.190964
vt 0.467411 0.189217
vt 0.533116 0.219224
vt 0.532629 0.238753
vt 0.533396 0.255607
vt 0.523374 0.260519
vt 0.534071 0.263991
vt 0.529244 0.266809
vt 0.535330 0.271346
vt 0.541066 0.268973
vt 0.537003 0.273694
vt 0.543157 0.272854
vt 0.541115 0.276681
vt 0.536298 0.275643
vt 0.532589 0.189217
vt 0.500000 0.156668
vt 0.472803 0.154797
vt 0.477769 0.124461
vt 0.444167 0.146490
vt 0.428860 0.177381
vt 0.396593 0.153566
vt 0.454523 0.118762
vt 0.419770 0.129655
vt 0.374193 0.120602
vt 0.435788 0.108482
vt 0.402978 0.106271
vt 0.480704 0.098258
vt 0.461395 0.094949
vt 0.500000 0.126003
vt 0.500000 0.099224
vt 0.522231 0.124461
vt 0.527197 0.154797
vt 0.555833 0.146490
vt 0.571140 0.177381
vt 0.603407 0.153566
vt 0.422938 0.093501
vt 0.445221 0.089638
vt 0.500000 0.074454
vt 0.482393 0.073900
vt 0.465257 0.072539
vt 0.519296 0.098258
vt 0.545477 0.118762
vt 0.580230 0.129655
vt 0.625807 0.120602
vt 0.368570 0.085885
vt 0.395444 0.079281
vt 0.449182 0.070786
vt 0.434050 0.084143
vt 0.417192 0.073415
vt 0.432924 0.069871
vt 0.483725 0.049894
vt 0.467314 0.050141
vt 0.450752 0.050353
vt 0.432811 0.050251
vt 0.416523 0.050105
vt 0.393308 0.050466
vt 0.368202 0.051390
vt 0.538605 0.094949
vt 0.564211 0.108482
vt 0.597022 0.106271
vt 0.517607 0.073900
vt 0.469884 0.037396
vt 0.461768 0.034738
vt 0.434435 0.027834
vt 0.420202 0.024955
vt 0.393799 0.021025
vt 0.368202 0.018428
vt 0.344916 0.016441
vt 0.344916 0.051616
vt 0.324219 0.015293
vt 0.449563 0.027565
vt 0.453769 0.026096
vt 0.464317 0.029152
vt 0.472272 0.030236
vt 0.483679 0.032090
vt 0.483814 0.039255
vt 0.500000 0.032474
vt 0.500000 0.049663
vt 0.500000 0.039456
vt 0.516186 0.039255
vt 0.516275 0.049894
vt 0.516321 0.032090
vt 0.530116 0.037396
vt 0.527728 0.030236
vt 0.535683 0.029152
vt 0.532686 0.050141
vt 0.538232 0.034738
vt 0.546231 0.026096
vt 0.550437 0.027565
vt 0.549248 0.050353
vt 0.565565 0.027834
vt 0.534743 0.072539
vt 0.567189 0.050251
vt 0.579798 0.024955
vt 0.550818 0.070786
vt 0.554779 0.089638
vt 0.583477 0.050105
vt 0.606201 0.021025
vt 0.567076 0.069871
vt 0.565950 0.084143
vt 0.582808 0.073415
vt 0.577062 0.093501
vt 0.604556 0.079281
vt 0.606692 0.050466
vt 0.631799 0.018428
vt 0.631799 0.051390
vt 0.655084 0.016441
vt 0.631430 0.085885
vt 0.655084 0.051616
vt 0.675781 0.015293
vt 0.655084 0.088133
vt 0.655084 0.124595
vt 0.675781 0.051653
vt 0.675781 0.088806
vt 0.675781 0.125784
vt 0.696819 0.015201
vt 0.696819 0.051753
vt 0.718615 0.016489
vt 0.696819 0.088760
vt 0.696819 0.126272
vt 0.718615 0.125098
vt 0.718615 0.088040
vt 0.743333 0.121917
vt 0.718615 0.052050
vt 0.743333 0.086674
vt 0.743333 0.052887
vt 0.743333 0.019503
vt 0.767138 0.023780
vt 0.767402 0.115343
vt 0.761243 0.154162
vt 0.764411 0.084743
vt 0.764604 0.053927
vt 0.788783 0.028193
vt 0.779077 0.143781
vt 0.782192 0.175276
vt 0.790222 0.110493
vt 0.787486 0.082683
vt 0.787099 0.054994
vt 0.809333 0.030566
vt 0.793227 0.164551
vt 0.798458 0.186303
vt 0.797219 0.136026
vt 0.811322 0.106932
vt 0.809432 0.081257
vt 0.808940 0.055551
vt 0.830366 0.032043
vt 0.830316 0.055875
vt 0.851563 0.032339
vt 0.851563 0.055921
vt 0.851563 0.080106
vt 0.830648 0.080407
vt 0.831640 0.104913
vt 0.851563 0.104323
vt 0.815573 0.131015
vt 0.833502 0.128407
vt 0.851563 0.127718
vt 0.806340 0.157329
vt 0.820786 0.152398
vt 0.835898 0.149662
vt 0.851563 0.148752
vt 0.805915 0.179924
vt 0.815547 0.174953
vt 0.826542 0.171125
vt 0.838282 0.168610
vt 0.851563 0.167753
vt 0.809999 0.195003
vt 0.814813 0.192631
vt 0.814415 0.197175
vt 0.817257 0.195615
vt 0.823817 0.193397
vt 0.822797 0.190091
vt 0.831934 0.192079
vt 0.831009 0.188301
vt 0.840317 0.186822
vt 0.841637 0.191452
vt 0.851563 0.190960
vt 0.851563 0.186270
vt 0.344916 0.088133
vt 0.344916 0.124595
vt 0.324219 0.051653
vt 0.303181 0.015201
vt 0.324219 0.088806
vt 0.303181 0.051753
vt 0.281385 0.016489
vt 0.324219 0.125784
vt 0.303181 0.088760
vt 0.303181 0.126272
vt 0.281385 0.125098
vt 0.281385 0.088040
vt 0.256667 0.121917
vt 0.281385 0.052050
vt 0.256667 0.086674
vt 0.256667 0.052887
vt 0.256667 0.019503
vt 0.232862 0.023780
vt 0.232598 0.115343
vt 0.238757 0.154162
vt 0.235589 0.084743
vt 0.235396 0.053927
vt 0.211217 0.028193
vt 0.220923 0.143781
vt 0.217808 0.175276
vt 0.209778 0.110493
vt 0.212514 0.082683
vt 0.212901 0.054994
vt 0.190667 0.030566
vt 0.206773 0.164551
vt 0.201542 0.186303
vt 0.202781 0.136026
vt 0.188678 0.106932
vt 0.190568 0.081257
vt 0.191060 0.055551
vt 0.169634 0.032043
vt 0.169684 0.055875
vt 0.148438 0.032339
vt 0.148438 0.055921
vt 0.148438 0.080106
vt 0.169352 0.080407
vt 0.168360 0.104913
vt 0.148438 0.104323
vt 0.184427 0.131015
vt 0.166498 0.128407
vt 0.148438 0.127718
vt 0.193660 0.157329
vt 0.179214 0.152398
vt 0.164102 0.149662
vt 0.148438 0.148752
vt 0.194085 0.179924
vt 0.184453 0.174953
vt 0.173458 0.171125
vt 0.161718 0.168610
vt 0.148438 0.167753
vt 0.190001 0.195003
vt 0.185187 0.192631
vt 0.185585 0.197175
vt 0.182743 0.195615
vt 0.176183 0.193397
vt 0.177203 0.190091
vt 0.168066 0.192079
vt 0.168991 0.188301
vt 0.159683 0.186822
vt 0.158363 0.191452
vt 0.148438 0.190960
vt 0.148438 0.186270
vt 0.135071 0.729201
vt 0.121821 0.731811
vt 0.136061 0.747810
vt 0.117950 0.708118
vt 0.149960 0.747918
vt 0.134239 0.707745
vt 0.156222 0.733109
vt 0.164063 0.715842
vt 0.164063 0.722656
vt 0.128987 0.749941
vt 0.112517 0.736971
vt 0.110757 0.715466
vt 0.118411 0.680628
vt 0.145874 0.766329
vt 0.164063 0.707745
vt 0.123442 0.753095
vt 0.138390 0.768839
vt 0.102188 0.721588
vt 0.097011 0.700291
vt 0.135947 0.681379
vt 0.123837 0.653081
vt 0.123020 0.769779
vt 0.106798 0.762652
vt 0.111689 0.767228
vt 0.144457 0.781472
vt 0.088596 0.706149
vt 0.079493 0.685615
vt 0.140171 0.655008
vt 0.133823 0.625264
vt 0.164063 0.681379
vt 0.095557 0.746850
vt 0.132384 0.774506
vt 0.112646 0.774884
vt 0.075352 0.694165
vt 0.062471 0.684365
vt 0.057645 0.671988
vt 0.147216 0.628987
vt 0.156057 0.608436
vt 0.146267 0.600319
vt 0.164063 0.655008
vt 0.086204 0.730882
vt 0.090251 0.772975
vt 0.068563 0.699568
vt 0.075585 0.713611
vt 0.051382 0.699889
vt 0.164063 0.599238
vt 0.164063 0.629712
vt 0.101524 0.786192
vt 0.114555 0.780344
vt 0.071256 0.738951
vt 0.079645 0.756510
vt 0.060558 0.700776
vt 0.164063 0.575329
vt 0.109071 0.793797
vt 0.087971 0.793119
vt 0.095228 0.799189
vt 0.064243 0.719518
vt 0.077610 0.780504
vt 0.058526 0.745957
vt 0.066888 0.764237
vt 0.119548 0.790172
vt 0.100659 0.803946
vt 0.052854 0.723422
vt 0.115832 0.800546
vt 0.126959 0.798968
vt 0.864929 0.729201
vt 0.863939 0.747810
vt 0.878179 0.731811
vt 0.850040 0.747918
vt 0.882050 0.708118
vt 0.843778 0.733109
vt 0.865761 0.707745
vt 0.835938 0.722656
vt 0.835938 0.715842
vt 0.871013 0.749941
vt 0.854126 0.766329
vt 0.861610 0.768839
vt 0.881589 0.680628
vt 0.835938 0.707745
vt 0.887483 0.736971
vt 0.889243 0.715466
vt 0.855543 0.781472
vt 0.864053 0.681379
vt 0.876163 0.653081
vt 0.876558 0.753095
vt 0.897812 0.721588
vt 0.902989 0.700291
vt 0.867616 0.774506
vt 0.859829 0.655008
vt 0.866177 0.625264
vt 0.835938 0.681379
vt 0.893202 0.762652
vt 0.876980 0.769779
vt 0.888311 0.767228
vt 0.911404 0.706149
vt 0.904443 0.746850
vt 0.913796 0.730882
vt 0.852784 0.628987
vt 0.843943 0.608436
vt 0.853733 0.600319
vt 0.835938 0.655008
vt 0.887354 0.774884
vt 0.920507 0.685615
vt 0.928744 0.738951
vt 0.924415 0.713611
vt 0.935757 0.719518
vt 0.835938 0.599238
vt 0.835938 0.575329
vt 0.835938 0.629712
vt 0.909749 0.772975
vt 0.898476 0.786192
vt 0.885445 0.780344
vt 0.924648 0.694165
vt 0.937529 0.684365
vt 0.942355 0.671988
vt 0.947146 0.723422
vt 0.920355 0.756510
vt 0.941474 0.745957
vt 0.890929 0.793797
vt 0.880452 0.790172
vt 0.948618 0.699889
vt 0.931437 0.699568
vt 0.939442 0.700776
vt 0.933112 0.764237
vt 0.912029 0.793119
vt 0.922390 0.780504
vt 0.884168 0.800546
vt 0.873041 0.798968
vt 0.904772 0.799189
vt 0.899341 0.803946
vt 0.075551 0.917594
vt 0.062342 0.931209
vt 0.076504 0.938972
vt 0.051208 0.918381
vt 0.088304 0.926274
vt 0.058744 0.904789
vt 0.088502 0.900994
vt 0.072972 0.889225
vt 0.068502 0.945483
vt 0.048801 0.925156
vt 0.054167 0.938896
vt 0.101493 0.910352
vt 0.054623 0.877363
vt 0.052464 0.908444
vt 0.042773 0.894414
vt 0.062447 0.950240
vt 0.041934 0.934507
vt 0.112040 0.892343
vt 0.067799 0.861387
vt 0.099426 0.883428
vt 0.084252 0.873174
vt 0.041302 0.911107
vt 0.036295 0.890261
vt 0.025895 0.910922
vt 0.049527 0.942434
vt 0.084989 0.846324
vt 0.059606 0.854909
vt 0.076746 0.838965
vt 0.121458 0.869572
vt 0.032445 0.917297
vt 0.044306 0.871634
vt 0.027976 0.888143
vt 0.038556 0.937900
vt 0.098124 0.855950
vt 0.109642 0.863755
vt 0.097558 0.825580
vt 0.020142 0.925237
vt 0.029765 0.865342
vt 0.017340 0.909037
vt 0.008284 0.873753
vt 0.014363 0.888181
vt 0.116157 0.844262
vt 0.100957 0.835246
vt 0.107624 0.841910
vt 0.126294 0.844567
vt 0.047235 0.847707
vt 0.000000 0.863281
vt 0.116111 0.826466
vt 0.030226 0.847955
vt 0.045880 0.820852
vt 0.000000 0.856372
vt 0.122918 0.813695
vt 0.027896 0.822531
vt 0.040208 0.794430
vt 0.000000 0.847955
vt 0.023607 0.797385
vt 0.030332 0.768392
vt 0.000000 0.822531
vt 0.016779 0.772079
vt 0.008385 0.752240
vt 0.018979 0.744295
vt 0.000000 0.797385
vt 0.000000 0.743318
vt 0.000000 0.721623
vt 0.000000 0.772815
vt 0.924449 0.917594
vt 0.923496 0.938972
vt 0.937658 0.931209
vt 0.911696 0.926274
vt 0.948792 0.918381
vt 0.911498 0.900994
vt 0.941256 0.904789
vt 0.927028 0.889225
vt 0.931498 0.945483
vt 0.898507 0.910352
vt 0.947536 0.908444
vt 0.951199 0.925156
vt 0.900574 0.883428
vt 0.945377 0.877363
vt 0.915748 0.873174
vt 0.932201 0.861387
vt 0.945833 0.938896
vt 0.937553 0.950240
vt 0.887960 0.892343
vt 0.957227 0.894414
vt 0.958697 0.911107
vt 0.915011 0.846324
vt 0.940394 0.854909
vt 0.923254 0.838965
vt 0.950473 0.942434
vt 0.958066 0.934507
vt 0.878542 0.869572
vt 0.890358 0.863755
vt 0.974105 0.910922
vt 0.967555 0.917297
vt 0.955694 0.871634
vt 0.963705 0.890261
vt 0.902442 0.825580
vt 0.901876 0.855950
vt 0.899043 0.835246
vt 0.961444 0.937900
vt 0.873706 0.844567
vt 0.979858 0.925237
vt 0.972024 0.888143
vt 0.970235 0.865342
vt 0.952765 0.847707
vt 0.883889 0.826466
vt 0.877082 0.813695
vt 0.883843 0.844262
vt 0.892376 0.841910
vt 0.982660 0.909037
vt 0.969774 0.847955
vt 0.991716 0.873753
vt 1.000000 0.856372
vt 1.000000 0.863281
vt 0.985637 0.888181
vt 0.954120 0.820852
vt 1.000000 0.847955
vt 0.972104 0.822531
vt 0.959792 0.794430
vt 0.976393 0.797385
vt 0.969668 0.768392
vt 1.000000 0.822531
vt 0.983221 0.772079
vt 0.991615 0.752240
vt 0.981021 0.744295
vt 1.000000 0.797385
vt 1.000000 0.743318
vt 1.000000 0.772815
vt 1.000000 0.721623
vt 0.311248 0.208274
vt 0.302427 0.207166
vt 0.304158 0.212426
vt 0.301282 0.199570
vt 0.308622 0.219689
vt 0.310533 0.200706
vt 0.318259 0.215003
vt 0.318635 0.204101
vt 0.314703 0.226562
vt 0.328879 0.209851
vt 0.328597 0.226562
vt 0.347656 0.209851
vt 0.347656 0.226562
vt 0.330185 0.194100
vt 0.347656 0.194100
vt 0.334171 0.175270
vt 0.347656 0.175270
vt 0.339823 0.160424
vt 0.347656 0.150811
vt 0.405600 0.211010
vt 0.415095 0.207272
vt 0.414164 0.198925
vt 0.414601 0.213497
vt 0.404795 0.202491
vt 0.410590 0.222724
vt 0.397142 0.207907
vt 0.399604 0.219656
vt 0.408668 0.226562
vt 0.387956 0.216027
vt 0.388004 0.226562
vt 0.367188 0.216027
vt 0.386735 0.198946
vt 0.367188 0.226562
vt 0.367188 0.198946
vt 0.381940 0.178366
vt 0.367188 0.178366
vt 0.375717 0.162450
vt 0.367188 0.150811
vt 0.688752 0.208274
vt 0.697573 0.207166
vt 0.698718 0.199570
vt 0.695842 0.212426
vt 0.689467 0.200706
vt 0.691378 0.219689
vt 0.681365 0.204101
vt 0.681741 0.215003
vt 0.685297 0.226562
vt 0.671121 0.209851
vt 0.671403 0.226562
vt 0.652344 0.209851
vt 0.669815 0.194100
vt 0.652344 0.226562
vt 0.652344 0.194100
vt 0.665829 0.175270
vt 0.652344 0.175270
vt 0.660177 0.160424
vt 0.652344 0.150811
vt 0.594400 0.211010
vt 0.584905 0.207272
vt 0.585399 0.213497
vt 0.585836 0.198925
vt 0.589410 0.222724
vt 0.595205 0.202491
vt 0.600396 0.219656
vt 0.602857 0.207907
vt 0.591332 0.226562
vt 0.612044 0.216027
vt 0.611996 0.226562
vt 0.632813 0.216027
vt 0.632813 0.226562
vt 0.613265 0.198946
vt 0.632813 0.198946
vt 0.618060 0.178366
vt 0.632813 0.178366
vt 0.624282 0.162450
vt 0.632813 0.150811
s 1
usemtl Material_93
f 1/1/1 2/2/2 3/3/3
f 2/2/2 4/4/4 5/5/5
f 3/3/3 2/2/2 5/5/5
f 4/4/4 2/2/2 6/6/6
f 3/3/3 5/5/5 7/7/7
f 4/4/4 8/8/8 5/5/5
f 6/6/6 9/9/9 4/4/4
f 4/4/4 9/9/9 8/8/8
f 7/7/7 10/10/10 11/11/11
f 5/5/5 10/10/10 7/7/7
f 5/5/5 8/8/8 10/10/10
f 6/6/6 12/12/12 9/9/9
f 11/11/11 10/10/10 13/13/13
f 10/10/10 8/8/8 13/13/13
f 12/12/12 14/14/14 9/9/9
f 11/11/11 13/13/13 15/15/15
f 8/8/8 16/16/16 13/13/13
f 12/12/12 17/17/17 14/14/14
f 9/9/9 18/18/18 19/19/19
f 9/9/9 19/19/19 8/8/8
f 8/8/8 19/19/19 16/16/16
f 9/9/9 14/14/14 18/18/18
f 15/15/15 13/13/13 20/20/20
f 13/13/13 16/16/16 20/20/20
f 17/17/17 21/21/21 14/14/14
f 19/19/19 18/18/18 22/22/22
f 19/19/19 22/22/22 16/16/16
f 15/15/15 20/20/20 23/23/23
f 21/21/21 24/24/24 25/25/25
f 14/14/14 21/21/21 26/26/26
f 21/21/21 25/25/25 26/26/26
f 14/14/14 26/26/26 18/18/18
f 22/22/22 18/18/18 27/27/27
f 18/18/18 26/26/26 27/27/27
f 16/16/16 28/28/28 20/20/20
f 15/15/15 23/23/23 29/29/29
f 24/24/24 30/30/30 31/31/31
f 24/24/24 31/31/31 25/25/25
f 22/22/22 27/27/27 32/32/32
f 25/25/25 32/32/32 26/26/26
f 26/26/26 32/32/32 27/27/27
f 25/25/25 31/31/31 32/32/32
f 16/16/16 22/22/22 33/33/33
f 22/22/22 32/32/32 33/33/33
f 16/16/16 33/33/33 28/28/28
f 20/20/20 34/34/34 23/23/23
f 20/20/20 28/28/28 34/34/34
f 29/29/29 23/23/23 35/35/35
f 30/30/30 36/36/36 31/31/31
f 32/32/32 37/37/37 33/33/33
f 32/32/32 31/31/31 37/37/37
f 28/28/28 38/38/38 34/34/34
f 33/33/33 37/37/37 38/38/38
f 33/33/33 38/38/38 28/28/28
f 29/29/29 35/35/35 39/39/39
f 23/23/23 34/34/34 40/40/40
f 23/23/23 40/40/40 35/35/35
f 36/36/36 41/41/41 31/31/31
f 31/31/31 41/41/41 37/37/37
f 38/38/38 37/37/37 42/42/42
f 37/37/37 41/41/41 42/42/42
f 39/39/39 43/43/43 44/44/44
f 39/39/39 35/35/35 43/43/43
f 34/34/34 38/38/38 45/45/45
f 38/38/38 42/42/42 45/45/45
f 34/34/34 45/45/45 40/40/40
f 36/36/36 46/46/46 41/41/41
f 44/44/44 47/47/47 48/48/48
f 44/44/44 43/43/43 47/47/47
f 35/35/35 49/49/49 43/43/43
f 35/35/35 40/40/40 49/49/49
f 42/42/42 50/50/50 45/45/45
f 46/46/46 51/51/51 52/52/52
f 42/42/42 41/41/41 52/52/52
f 41/41/41 46/46/46 52/52/52
f 42/42/42 52/52/52 50/50/50
f 48/48/48 53/53/53 54/54/54
f 48/48/48 47/47/47 53/53/53
f 43/43/43 55/55/55 47/47/47
f 43/43/43 49/49/49 55/55/55
f 40/40/40 56/56/56 49/49/49
f 45/45/45 50/50/50 56/56/56
f 45/45/45 56/56/56 40/40/40
f 51/51/51 57/57/57 52/52/52
f 52/52/52 57/57/57 50/50/50
f 54/54/54 58/58/58 59/59/59
f 54/54/54 53/53/53 58/58/58
f 47/47/47 60/60/60 53/53/53
f 47/47/47 55/55/55 60/60/60
f 49/49/49 61/61/61 55/55/55
f 49/49/49 56/56/56 61/61/61
f 51/51/51 62/62/62 57/57/57
f 50/50/50 63/63/63 56/56/56
f 63/63/63 61/61/61 56/56/56
f 63/63/63 50/50/50 57/57/57
f 59/59/59 64/64/64 65/65/65
f 59/59/59 58/58/58 64/64/64
f 53/53/53 66/66/66 58/58/58
f 53/53/53 60/60/60 66/66/66
f 55/55/55 67/67/67 60/60/60
f 60/60/60 67/67/67 66/66/66
f 55/55/55 61/61/61 67/67/67
f 62/62/62 68/68/68 57/57/57
f 65/65/65 69/69/69 70/70/70
f 65/65/65 64/64/64 69/69/69
f 58/58/58 71/71/71 64/64/64
f 66/66/66 67/67/67 71/71/71
f 66/66/66 71/71/71 58/58/58
f 62/62/62 72/72/72 73/73/73
f 64/64/64 73/73/73 69/69/69
f 64/64/64 71/71/71 73/73/73
f 62/62/62 73/73/73 68/68/68
f 70/70/70 69/69/69 74/74/74
f 69/69/69 72/72/72 74/74/74
f 72/72/72 69/69/69 73/73/73
f 67/67/67 75/75/75 71/71/71
f 75/75/75 68/68/68 73/73/73
f 73/73/73 71/71/71 75/75/75
f 70/70/70 74/74/74 76/76/76
f 77/77/1 78/78/3 79/79/77
f 78/78/3 80/80/78 79/79/77
f 78/78/3 81/81/7 80/80/78
f 79/79/77 82/82/79 83/83/80
f 79/79/77 80/80/78 82/82/79
f 81/81/7 84/84/11 85/85/81
f 81/81/7 85/85/81 80/80/78
f 83/83/80 86/86/82 87/87/83
f 83/83/80 82/82/79 86/86/82
f 84/84/11 88/88/84 85/85/81
f 80/80/78 89/89/85 82/82/79
f 85/85/81 88/88/84 89/89/85
f 85/85/81 89/89/85 80/80/78
f 82/82/79 89/89/85 86/86/82
f 87/87/83 86/86/82 90/90/86
f 84/84/11 91/91/15 88/88/84
f 89/89/85 88/88/84 92/92/87
f 87/87/83 90/90/86 93/93/88
f 86/86/82 94/94/89 95/95/90
f 86/86/82 89/89/85 94/94/89
f 89/89/85 92/92/87 94/94/89
f 86/86/82 95/95/90 90/90/86
f 91/91/15 96/96/91 88/88/84
f 88/88/84 96/96/91 92/92/87
f 93/93/88 90/90/86 97/97/92
f 94/94/89 98/98/93 95/95/90
f 94/94/89 92/92/87 98/98/93
f 91/91/15 99/99/29 100/100/94
f 91/91/15 100/100/94 96/96/91
f 90/90/86 101/101/95 97/97/92
f 90/90/86 95/95/90 101/101/95
f 92/92/87 96/96/91 102/102/96
f 98/98/93 103/103/97 95/95/90
f 95/95/90 103/103/97 101/101/95
f 99/99/29 104/104/39 105/105/98
f 99/99/29 105/105/98 100/100/94
f 97/97/92 106/106/99 107/107/100
f 97/97/92 101/101/95 106/106/99
f 92/92/87 108/108/101 98/98/93
f 92/92/87 102/102/96 108/108/101
f 96/96/91 109/109/102 102/102/96
f 96/96/91 100/100/94 109/109/102
f 103/103/97 110/110/103 101/101/95
f 98/98/93 108/108/101 110/110/103
f 98/98/93 110/110/103 103/103/97
f 101/101/95 110/110/103 106/106/99
f 104/104/39 111/111/104 105/105/98
f 107/107/100 106/106/99 112/112/105
f 106/106/99 110/110/103 112/112/105
f 102/102/96 113/113/106 108/108/101
f 102/102/96 109/109/102 113/113/106
f 100/100/94 114/114/107 109/109/102
f 100/100/94 105/105/98 114/114/107
f 104/104/39 115/115/44 111/111/104
f 107/107/100 112/112/105 116/116/108
f 110/110/103 108/108/101 117/117/109
f 108/108/101 113/113/106 117/117/109
f 110/110/103 117/117/109 112/112/105
f 109/109/102 118/118/110 113/113/106
f 109/109/102 114/114/107 118/118/110
f 105/105/98 119/119/111 114/114/107
f 105/105/98 111/111/104 119/119/111
f 115/115/44 120/120/112 111/111/104
f 116/116/108 112/112/105 121/121/113
f 117/117/109 113/113/106 122/122/114
f 113/113/106 118/118/110 122/122/114
f 114/114/107 123/123/115 118/118/110
f 114/114/107 119/119/111 123/123/115
f 115/115/44 124/124/48 120/120/112
f 111/111/104 125/125/116 119/119/111
f 111/111/104 120/120/112 125/125/116
f 112/112/105 126/126/117 121/121/113
f 117/117/109 122/122/114 126/126/117
f 117/117/109 126/126/117 112/112/105
f 118/118/110 123/123/115 127/127/118
f 118/118/110 127/127/118 122/122/114
f 124/124/48 128/128/119 120/120/112
f 119/119/111 129/129/120 123/123/115
f 119/119/111 125/125/116 129/129/120
f 121/121/113 126/126/117 130/130/121
f 127/127/118 123/123/115 131/131/122
f 123/123/115 129/129/120 131/131/122
f 122/122/114 127/127/118 132/132/123
f 126/126/117 132/132/123 130/130/121
f 126/126/117 122/122/114 132/132/123
f 124/124/48 133/133/54 128/128/119
f 120/120/112 134/134/124 125/125/116
f 120/120/112 128/128/119 134/134/124
f 129/129/120 135/135/125 136/136/126
f 129/129/120 136/136/126 131/131/122
f 125/125/116 135/135/125 129/129/120
f 125/125/116 134/134/124 135/135/125
f 127/127/118 131/131/122 137/137/127
f 127/127/118 137/137/127 132/132/123
f 130/130/121 132/132/123 138/138/128
f 132/132/123 137/137/127 138/138/128
f 133/133/54 139/139/129 128/128/119
f 136/136/126 140/140/130 141/141/131
f 134/134/124 128/128/119 142/142/132
f 142/142/132 135/135/125 134/134/124
f 142/142/132 128/128/119 139/139/129
f 142/142/132 140/140/130 135/135/125
f 135/135/125 140/140/130 136/136/126
f 142/142/132 139/139/129 140/140/130
f 131/131/122 136/136/126 143/143/133
f 136/136/126 141/141/131 143/143/133
f 131/131/122 143/143/133 137/137/127
f 138/138/128 137/137/127 144/144/134
f 143/143/133 141/141/131 144/144/134
f 143/143/133 144/144/134 137/137/127
f 133/133/54 145/145/59 139/139/129
f 140/140/130 146/146/135 141/141/131
f 139/139/129 145/145/59 146/146/135
f 139/139/129 146/146/135 140/140/130
f 144/144/134 141/141/131 147/147/136
f 145/145/59 148/148/65 146/146/135
f 141/141/131 149/149/137 147/147/136
f 146/146/135 148/148/65 149/149/137
f 146/146/135 149/149/137 141/141/131
f 147/147/136 149/149/137 150/150/138
f 148/148/65 151/151/139 149/149/137
f 149/149/137 151/151/139 150/150/138
f 151/151/139 152/152/76 150/150/138
f 153/153/140 154/154/141 155/155/142
f 154/154/141 156/156/143 157/157/144
f 154/154/141 157/157/144 155/155/142
f 156/156/143 158/158/145 157/157/144
f 155/155/142 157/157/144 159/159/146
f 156/156/143 160/160/147 161/161/148
f 156/156/143 161/161/148 158/158/145
f 157/157/144 162/162/149 159/159/146
f 157/157/144 158/158/145 162/162/149
f 160/160/147 163/163/150 164/164/151
f 160/160/147 164/164/151 161/161/148
f 159/159/146 162/162/149 165/165/152
f 158/158/145 166/166/153 162/162/149
f 163/163/150 167/167/154 168/168/155
f 163/163/150 168/168/155 164/164/151
f 161/161/148 169/169/156 158/158/145
f 158/158/145 169/169/156 166/166/153
f 165/165/152 162/162/149 170/170/157
f 162/162/149 166/166/153 170/170/157
f 167/167/154 171/171/158 172/172/159
f 167/167/154 172/172/159 168/168/155
f 164/164/151 168/168/155 173/173/160
f 161/161/148 173/173/160 169/169/156
f 161/161/148 164/164/151 173/173/160
f 165/165/152 170/170/157 174/174/161
f 166/166/153 175/175/162 170/170/157
f 171/171/158 176/176/163 172/172/159
f 168/168/155 177/177/164 178/178/165
f 168/168/155 178/178/165 173/173/160
f 168/168/155 172/172/159 177/177/164
f 169/169/156 179/179/166 180/180/167
f 169/169/156 180/180/167 166/166/153
f 173/173/160 178/178/165 179/179/166
f 173/173/160 179/179/166 169/169/156
f 166/166/153 180/180/167 175/175/162
f 174/174/161 181/181/168 182/182/169
f 170/170/157 175/175/162 181/181/168
f 170/170/157 181/181/168 174/174/161
f 171/171/158 183/183/170 176/176/163
f 172/172/159 176/176/163 184/184/171
f 172/172/159 184/184/171 177/177/164
f 178/178/165 185/185/172 186/186/173
f 178/178/165 186/186/173 179/179/166
f 178/178/165 177/177/164 185/185/172
f 180/180/167 179/179/166 187/187/174
f 182/182/169 181/181/168 188/188/175
f 175/175/162 189/189/176 181/181/168
f 181/181/168 189/189/176 188/188/175
f 183/183/170 190/190/177 191/191/178
f 183/183/170 191/191/178 176/176/163
f 184/184/171 176/176/163 192/192/179
f 176/176/163 191/191/178 192/192/179
f 186/186/173 185/185/172 193/193/180
f 177/177/164 184/184/171 194/194/181
f 177/177/164 194/194/181 185/185/172
f 180/180/167 187/187/174 195/195/182
f 175/175/162 180/180/167 195/195/182
f 175/175/162 195/195/182 189/189/176
f 179/179/166 186/186/173 196/196/183
f 186/186/173 193/193/180 196/196/183
f 179/179/166 196/196/183 187/187/174
f 188/188/175 189/189/176 197/197/6
f 190/190/177 198/198/184 199/199/185
f 190/190/177 199/199/185 191/191/178
f 192/192/179 191/191/178 200/200/186
f 191/191/178 199/199/185 200/200/186
f 184/184/171 192/192/179 201/201/187
f 192/192/179 200/200/186 201/201/187
f 184/184/171 201/201/187 194/194/181
f 185/185/172 194/194/181 202/202/188
f 185/185/172 202/202/188 193/193/180
f 195/195/182 187/187/174 203/203/17
f 196/196/183 193/193/180 204/204/189
f 189/189/176 195/195/182 205/205/190
f 205/205/190 197/197/6 189/189/176
f 205/205/190 195/195/182 203/203/17
f 198/198/184 206/206/191 199/199/185
f 200/200/186 199/199/185 207/207/192
f 201/201/187 208/208/193 209/209/194
f 194/194/181 210/210/195 202/202/188
f 201/201/187 200/200/186 208/208/193
f 201/201/187 209/209/194 210/210/195
f 201/201/187 210/210/195 194/194/181
f 187/187/174 196/196/183 211/211/196
f 211/211/196 196/196/183 204/204/189
f 211/211/196 203/203/17 187/187/174
f 193/193/180 202/202/188 212/212/197
f 193/193/180 212/212/197 204/204/189
f 206/206/191 213/213/198 214/214/199
f 199/199/185 214/214/199 207/207/192
f 199/199/185 206/206/191 214/214/199
f 200/200/186 215/215/200 208/208/193
f 200/200/186 207/207/192 215/215/200
f 209/209/194 216/216/201 210/210/195
f 202/202/188 210/210/195 217/217/202
f 217/217/202 212/212/197 202/202/188
f 217/217/202 210/210/195 216/216/201
f 213/213/198 218/218/203 214/214/199
f 214/214/199 218/218/203 207/207/192
f 208/208/193 219/219/204 220/220/205
f 208/208/193 215/215/200 219/219/204
f 208/208/193 220/220/205 209/209/194
f 216/216/201 209/209/194 221/221/206
f 209/209/194 220/220/205 221/221/206
f 213/213/198 222/222/207 218/218/203
f 207/207/192 218/218/203 223/223/208
f 207/207/192 223/223/208 215/215/200
f 219/219/204 215/215/200 224/224/209
f 220/220/205 225/225/210 226/226/62
f 220/220/205 226/226/62 221/221/206
f 220/220/205 219/219/204 225/225/210
f 222/222/207 227/227/211 218/218/203
f 223/223/208 218/218/203 228/228/212
f 218/218/203 227/227/211 228/228/212
f 215/215/200 223/223/208 229/229/213
f 223/223/208 228/228/212 229/229/213
f 215/215/200 229/229/213 224/224/209
f 226/226/62 225/225/210 230/230/214
f 219/219/204 224/224/209 231/231/215
f 219/219/204 231/231/215 225/225/210
f 222/222/207 232/232/216 233/233/217
f 227/227/211 233/233/217 228/228/212
f 227/227/211 222/222/207 233/233/217
f 229/229/213 228/228/212 234/234/218
f 230/230/214 225/225/210 235/235/219
f 225/225/210 231/231/215 235/235/219
f 224/224/209 229/229/213 236/236/220
f 229/229/213 234/234/218 236/236/220
f 232/232/216 237/237/221 233/233/217
f 228/228/212 233/233/217 238/238/222
f 230/230/214 239/239/223 240/240/224
f 230/230/214 235/235/219 239/239/223
f 231/231/215 224/224/209 241/241/225
f 224/224/209 236/236/220 241/241/225
f 234/234/218 228/228/212 242/242/226
f 228/228/212 238/238/222 242/242/226
f 232/232/216 243/243/227 237/237/221
f 233/233/217 237/237/221 244/244/228
f 233/233/217 244/244/228 238/238/222
f 240/240/224 245/245/229 246/246/230
f 240/240/224 239/239/223 245/245/229
f 235/235/219 231/231/215 247/247/231
f 231/231/215 241/241/225 247/247/231
f 236/236/220 234/234/218 248/248/232
f 242/242/226 238/238/222 249/249/233
f 238/238/222 244/244/228 249/249/233
f 243/243/227 250/250/234 251/251/235
f 237/237/221 251/251/235 244/244/228
f 237/237/221 243/243/227 251/251/235
f 246/246/230 245/245/229 252/252/236
f 239/239/223 235/235/219 253/253/237
f 235/235/219 247/247/231 253/253/237
f 241/241/225 236/236/220 254/254/238
f 236/236/220 248/248/232 254/254/238
f 234/234/218 255/255/239 248/248/232
f 234/234/218 242/242/226 255/255/239
f 249/249/233 244/244/228 256/256/240
f 244/244/228 251/251/235 256/256/240
f 250/250/234 257/257/241 251/251/235
f 245/245/229 239/239/223 258/258/242
f 239/239/223 253/253/237 258/258/242
f 252/252/236 259/259/243 260/260/244
f 245/245/229 259/259/243 252/252/236
f 245/245/229 258/258/242 259/259/243
f 247/247/231 241/241/225 261/261/245
f 241/241/225 254/254/238 261/261/245
f 248/248/232 262/262/246 254/254/238
f 242/242/226 263/263/247 255/255/239
f 242/242/226 249/249/233 263/263/247
f 256/256/240 251/251/235 264/264/248
f 251/251/235 257/257/241 264/264/248
f 253/253/237 265/265/249 258/258/242
f 260/260/244 266/266/250 267/267/251
f 259/259/243 266/266/250 260/260/244
f 247/247/231 268/268/252 253/253/237
f 268/268/252 261/261/245 254/254/238
f 268/268/252 262/262/246 265/265/249
f 268/268/252 247/247/231 261/261/245
f 268/268/252 265/265/249 253/253/237
f 268/268/252 254/254/238 262/262/246
f 248/248/232 255/255/239 269/269/253
f 248/248/232 269/269/253 262/262/246
f 249/249/233 256/256/240 270/270/254
f 263/263/247 249/249/233 271/271/255
f 249/249/233 270/270/254 271/271/255
f 257/257/241 272/272/256 264/264/248
f 258/258/242 273/273/257 259/259/243
f 259/259/243 273/273/257 266/266/250
f 258/258/242 265/265/249 273/273/257
f 267/267/251 274/274/258 275/275/134
f 260/260/244 267/267/251 275/275/134
f 255/255/239 263/263/247 276/276/259
f 255/255/239 276/276/259 269/269/253
f 262/262/246 269/269/253 277/277/260
f 265/265/249 262/262/246 277/277/260
f 265/265/249 277/277/260 273/273/257
f 256/256/240 264/264/248 278/278/261
f 270/270/254 279/279/262 280/280/263
f 270/270/254 274/274/258 271/271/255
f 270/270/254 256/256/240 279/279/262
f 256/256/240 278/278/261 279/279/262
f 270/270/254 280/280/263 274/274/258
f 272/272/256 281/281/264 282/282/265
f 264/264/248 282/282/265 278/278/261
f 264/264/248 272/272/256 282/282/265
f 266/266/250 283/283/266 284/284/267
f 284/284/267 267/267/251 266/266/250
f 284/284/267 276/276/259 263/263/247
f 284/284/267 263/263/247 271/271/255
f 271/271/255 274/274/258 267/267/251
f 284/284/267 283/283/266 276/276/259
f 273/273/257 277/277/260 283/283/266
f 273/273/257 283/283/266 266/266/250
f 284/284/267 271/271/255 267/267/251
f 275/275/134 274/274/258 285/285/268
f 274/274/258 280/280/263 285/285/268
f 269/269/253 276/276/259 286/286/269
f 286/286/269 277/277/260 269/269/253
f 286/286/269 276/276/259 283/283/266
f 283/283/266 277/277/260 286/286/269
f 279/279/262 287/287/270 288/288/271
f 278/278/261 282/282/265 287/287/270
f 278/278/261 287/287/270 279/279/262
f 281/281/264 289/289/272 282/282/265
f 282/282/265 289/289/272 287/287/270
f 280/280/263 290/290/273 291/291/274
f 280/280/263 291/291/274 285/285/268
f 279/279/262 288/288/271 290/290/273
f 279/279/262 290/290/273 280/280/263
f 281/281/264 292/292/275 289/289/272
f 287/287/270 293/293/276 288/288/271
f 287/287/270 289/289/272 293/293/276
f 291/291/274 290/290/273 294/294/277
f 292/292/275 295/295/278 289/289/272
f 289/289/272 295/295/278 293/293/276
f 288/288/271 293/293/276 296/296/279
f 290/290/273 297/297/280 294/294/277
f 288/288/271 296/296/279 297/297/280
f 288/288/271 297/297/280 290/290/273
f 292/292/275 298/298/281 295/295/278
f 293/293/276 299/299/282 296/296/279
f 293/293/276 295/295/278 299/299/282
f 294/294/277 297/297/280 300/300/283
f 298/298/281 301/301/284 295/295/278
f 296/296/279 299/299/282 302/302/285
f 297/297/280 303/303/286 300/300/283
f 296/296/279 303/303/286 297/297/280
f 296/296/279 302/302/285 303/303/286
f 298/298/281 304/304/287 301/301/284
f 295/295/278 305/305/288 299/299/282
f 295/295/278 301/301/284 305/305/288
f 300/300/283 303/303/286 306/306/289
f 302/302/285 299/299/282 307/307/290
f 299/299/282 305/305/288 307/307/290
f 304/304/287 308/308/291 309/309/292
f 301/301/284 304/304/287 309/309/292
f 301/301/284 309/309/292 305/305/288
f 303/303/286 310/310/293 306/306/289
f 302/302/285 310/310/293 303/303/286
f 302/302/285 307/307/290 310/310/293
f 308/308/291 311/311/294 312/312/295
f 309/309/292 312/312/295 313/313/296
f 309/309/292 313/313/296 305/305/288
f 305/305/288 313/313/296 307/307/290
f 309/309/292 308/308/291 312/312/295
f 306/306/289 310/310/293 314/314/297
f 311/311/294 308/308/291 315/315/298
f 313/313/296 316/316/299 307/307/290
f 312/312/295 311/311/294 317/317/300
f 310/310/293 318/318/301 314/314/297
f 307/307/290 316/316/299 318/318/301
f 307/307/290 318/318/301 310/310/293
f 315/315/298 319/319/142 311/311/294
f 313/313/296 320/320/302 316/316/299
f 312/312/295 317/317/300 320/320/302
f 312/312/295 320/320/302 313/313/296
f 314/314/297 318/318/301 321/321/303
f 315/315/298 322/322/304 319/319/142
f 311/311/294 323/323/146 317/317/300
f 311/311/294 319/319/142 323/323/146
f 316/316/299 324/324/305 318/318/301
f 318/318/301 324/324/305 321/321/303
f 320/320/302 325/325/306 326/326/307
f 320/320/302 317/317/300 325/325/306
f 316/316/299 326/326/307 324/324/305
f 316/316/299 320/320/302 326/326/307
f 323/323/146 327/327/152 317/317/300
f 317/317/300 327/327/152 325/325/306
f 321/321/303 324/324/305 328/328/83
f 326/326/307 325/325/306 329/329/308
f 327/327/152 330/330/161 325/325/306
f 325/325/306 330/330/161 329/329/308
f 324/324/305 331/331/309 328/328/83
f 326/326/307 329/329/308 331/331/309
f 326/326/307 331/331/309 324/324/305
f 330/330/161 332/332/169 329/329/308
f 328/328/83 331/331/309 333/333/310
f 332/332/169 334/334/77 329/329/308
f 334/334/77 331/331/309 329/329/308
f 331/331/309 334/334/77 333/333/310
f 335/335/67 336/336/311 337/337/75
f 336/336/311 338/338/63 337/337/75
f 338/338/63 339/339/57 340/340/68
f 340/340/68 337/337/75 338/338/63
f 341/341/312 342/342/313 343/343/314
f 341/341/312 344/344/315 342/342/313
f 341/341/312 343/343/314 345/345/316
f 341/341/312 346/346/317 344/344/315
f 341/341/312 345/345/316 347/347/318
f 341/341/312 348/348/319 346/346/317
f 341/341/312 347/347/318 349/349/320
f 341/341/312 349/349/320 348/348/319
f 342/342/313 350/350/321 343/343/314
f 342/342/313 344/344/315 351/351/322
f 342/342/313 352/352/323 350/350/321
f 342/342/313 351/351/322 352/352/323
f 345/345/316 353/353/324 347/347/318
f 345/345/316 343/343/314 354/354/325
f 345/345/316 355/355/326 353/353/324
f 345/345/316 354/354/325 355/355/326
f 346/346/317 348/348/319 356/356/327
f 346/346/317 357/357/328 344/344/315
f 346/346/317 356/356/327 358/358/329
f 346/346/317 358/358/329 357/357/328
f 357/357/328 351/351/322 344/344/315
f 348/348/319 349/349/320 356/356/327
f 350/350/321 352/352/323 359/359/330
f 350/350/321 360/360/331 343/343/314
f 350/350/321 359/359/330 361/361/332
f 350/350/321 361/361/332 360/360/331
f 343/343/314 360/360/331 354/354/325
f 347/347/318 353/353/324 362/362/333
f 347/347/318 362/362/333 349/349/320
f 355/355/326 354/354/325 363/363/334
f 356/356/327 349/349/320 364/364/335
f 364/364/335 349/349/320 362/362/333
f 359/359/330 365/365/336 361/361/332
f 359/359/330 366/366/337 365/365/336
f 360/360/331 367/367/338 354/354/325
f 360/360/331 361/361/332 368/368/339
f 360/360/331 368/368/339 367/367/338
f 361/361/332 365/365/336 368/368/339
f 354/354/325 367/367/338 363/363/334
f 366/366/337 369/369/340 365/365/336
f 368/368/339 370/370/341 367/367/338
f 368/368/339 365/365/336 371/371/342
f 368/368/339 371/371/342 370/370/341
f 367/367/338 370/370/341 363/363/334
f 369/369/340 372/372/343 365/365/336
f 369/369/340 373/373/344 372/372/343
f 369/369/340 374/374/345 373/373/344
f 371/371/342 372/372/343 370/370/341
f 371/371/342 365/365/336 372/372/343
f 363/363/334 370/370/341 375/375/346
f 373/373/344 376/376/347 372/372/343
f 373/373/344 377/377/348 376/376/347
f 376/376/347 375/375/346 370/370/341
f 376/376/347 370/370/341 372/372/343
f 378/378/349 379/379/350 380/380/351
f 378/378/349 381/381/352 379/379/350
f 378/378/349 380/380/351 382/382/353
f 378/378/349 383/383/354 381/381/352
f 378/378/349 382/382/353 384/384/355
f 378/378/349 385/385/356 383/383/354
f 378/378/349 384/384/355 386/386/357
f 378/378/349 386/386/357 385/385/356
f 379/379/350 387/387/358 380/380/351
f 379/379/350 381/381/352 388/388/359
f 379/379/350 389/389/360 387/387/358
f 379/379/350 388/388/359 389/389/360
f 382/382/353 390/390/361 384/384/355
f 382/382/353 380/380/351 391/391/362
f 382/382/353 392/392/363 390/390/361
f 382/382/353 391/391/362 392/392/363
f 383/383/354 385/385/356 393/393/364
f 383/383/354 394/394/365 381/381/352
f 383/383/354 393/393/364 395/395/366
f 383/383/354 395/395/366 394/394/365
f 381/381/352 394/394/365 388/388/359
f 386/386/357 384/384/355 396/396/367
f 386/386/357 397/397/368 385/385/356
f 386/386/357 396/396/367 398/398/369
f 386/386/357 398/398/369 397/397/368
f 385/385/356 397/397/368 393/393/364
f 387/387/358 399/399/370 380/380/351
f 380/380/351 399/399/370 391/391/362
f 390/390/361 392/392/363 400/400/371
f 390/390/361 401/401/372 384/384/355
f 390/390/361 400/400/371 401/401/372
f 400/400/371 391/391/362 399/399/370
f 400/400/371 392/392/363 391/391/362
f 401/401/372 396/396/367 384/384/355
f 395/395/366 402/402/373 394/394/365
f 395/395/366 393/393/364 403/403/374
f 395/395/366 404/404/375 402/402/373
f 395/395/366 403/403/374 404/404/375
f 388/388/359 394/394/365 405/405/376
f 397/397/368 406/406/377 393/393/364
f 402/402/373 404/404/375 407/407/378
f 402/402/373 408/408/379 394/394/365
f 402/402/373 407/407/378 408/408/379
f 408/408/379 405/405/376 394/394/365
f 403/403/374 393/393/364 409/409/380
f 403/403/374 410/410/381 404/404/375
f 403/403/374 409/409/380 410/410/381
f 409/409/380 393/393/364 406/406/377
f 407/407/378 404/404/375 411/411/382
f 411/411/382 404/404/375 410/410/381
f 412/412/383 413/413/384 414/414/385
f 412/412/383 415/415/386 413/413/384
f 412/412/383 414/414/385 416/416/387
f 412/412/383 417/417/388 415/415/386
f 412/412/383 416/416/387 418/418/389
f 412/412/383 419/419/390 417/417/388
f 412/412/383 418/418/389 420/420/391
f 412/412/383 420/420/391 419/419/390
f 413/413/384 421/421/392 414/414/385
f 413/413/384 415/415/386 422/422/393
f 413/413/384 423/423/394 421/421/392
f 413/413/384 422/422/393 423/423/394
f 416/416/387 424/424/395 418/418/389
f 416/416/387 414/414/385 425/425/340
f 416/416/387 425/425/340 424/424/395
f 417/417/388 419/419/390 426/426/396
f 417/417/388 427/427/397 415/415/386
f 417/417/388 426/426/396 427/427/397
f 420/420/391 418/418/389 428/428/398
f 420/420/391 429/429/399 419/419/390
f 420/420/391 428/428/398 429/429/399
f 421/421/392 423/423/394 430/430/400
f 421/421/392 431/431/401 414/414/385
f 421/421/392 430/430/400 432/432/402
f 421/421/392 433/433/345 431/431/401
f 421/421/392 432/432/402 433/433/345
f 431/431/401 425/425/340 414/414/385
f 431/431/401 433/433/345 425/425/340
f 422/422/393 415/415/386 434/434/403
f 434/434/403 415/415/386 427/427/397
f 424/424/395 435/435/404 418/418/389
f 418/418/389 435/435/404 428/428/398
f 426/426/396 419/419/390 436/436/405
f 426/426/396 437/437/406 427/427/397
f 426/426/396 436/436/405 438/438/407
f 426/426/396 439/439/408 437/437/406
f 426/426/396 438/438/407 439/439/408
f 436/436/405 419/419/390 429/429/399
f 436/436/405 429/429/399 438/438/407
f 428/428/398 440/440/409 429/429/399
f 437/437/406 439/439/408 441/441/410
f 438/438/407 429/429/399 442/442/411
f 438/438/407 443/443/412 439/439/408
f 438/438/407 442/442/411 444/444/413
f 438/438/407 445/445/414 443/443/412
f 438/438/407 444/444/413 445/445/414
f 439/439/408 443/443/412 441/441/410
f 429/429/399 440/440/409 442/442/411
f 444/444/413 446/446/415 445/445/414
f 444/444/413 442/442/411 447/447/416
f 444/444/413 448/448/417 446/446/415
f 444/444/413 447/447/416 448/448/417
f 447/447/416 442/442/411 440/440/409
f 445/445/414 446/446/415 443/443/412
f 441/441/410 443/443/412 449/449/418
f 449/449/418 443/443/412 446/446/415
f 450/450/419 451/451/420 452/452/421
f 450/450/419 453/453/422 451/451/420
f 450/450/419 452/452/421 454/454/423
f 450/450/419 455/455/424 453/453/422
f 450/450/419 454/454/423 456/456/425
f 450/450/419 457/457/426 455/455/424
f 450/450/419 456/456/425 458/458/427
f 450/450/419 458/458/427 457/457/426
f 451/451/420 459/459/428 452/452/421
f 451/451/420 453/453/422 460/460/429
f 451/451/420 461/461/430 459/459/428
f 451/451/420 460/460/429 461/461/430
f 454/454/423 462/462/431 456/456/425
f 454/454/423 452/452/421 463/463/432
f 454/454/423 464/464/433 462/462/431
f 454/454/423 463/463/432 464/464/433
f 455/455/424 457/457/426 465/465/348
f 455/455/424 466/466/434 453/453/422
f 455/455/424 465/465/348 467/467/435
f 455/455/424 467/467/435 466/466/434
f 458/458/427 456/456/425 468/468/436
f 458/458/427 469/469/437 457/457/426
f 458/458/427 468/468/436 470/470/438
f 458/458/427 470/470/438 469/469/437
f 459/459/428 461/461/430 471/471/439
f 459/459/428 472/472/440 452/452/421
f 459/459/428 471/471/439 473/473/441
f 459/459/428 473/473/441 472/472/440
f 452/452/421 472/472/440 463/463/432
f 460/460/429 453/453/422 474/474/442
f 460/460/429 475/475/443 461/461/430
f 460/460/429 474/474/442 475/475/443
f 453/453/422 466/466/434 474/474/442
f 462/462/431 464/464/433 476/476/444
f 462/462/431 477/477/445 456/456/425
f 462/462/431 476/476/444 478/478/446
f 462/462/431 478/478/446 477/477/445
f 477/477/445 468/468/436 456/456/425
f 465/465/348 457/457/426 479/479/447
f 479/479/447 457/457/426 469/469/437
f 471/471/439 480/480/448 473/473/441
f 471/471/439 461/461/430 481/481/449
f 471/471/439 482/482/450 480/480/448
f 471/471/439 481/481/449 482/482/450
f 461/461/430 475/475/443 481/481/449
f 472/472/440 483/483/451 463/463/432
f 472/472/440 473/473/441 484/484/452
f 472/472/440 484/484/452 483/483/451
f 473/473/441 480/480/448 484/484/452
f 474/474/442 485/485/453 475/475/443
f 464/464/433 486/486/454 476/476/444
f 464/464/433 463/463/432 487/487/455
f 464/464/433 487/487/455 486/486/454
f 463/463/432 483/483/451 487/487/455
f 478/478/446 476/476/444 488/488/456
f 482/482/450 481/481/449 489/489/457
f 482/482/450 490/490/458 480/480/448
f 482/482/450 489/489/457 490/490/458
f 481/481/449 475/475/443 489/489/457
f 484/484/452 491/491/459 483/483/451
f 484/484/452 480/480/448 492/492/460
f 484/484/452 493/493/461 491/491/459
f 484/484/452 492/492/460 493/493/461
f 485/485/453 494/494/462 475/475/443
f 485/485/453 495/495/463 494/494/462
f 475/475/443 494/494/462 489/489/457
f 486/486/454 487/487/455 496/496/464
f 486/486/454 497/497/465 476/476/444
f 486/486/454 496/496/464 498/498/466
f 486/486/454 498/498/466 497/497/465
f 476/476/444 497/497/465 488/488/456
f 490/490/458 499/499/467 480/480/448
f 490/490/458 489/489/457 500/500/468
f 490/490/458 501/501/469 499/499/467
f 490/490/458 500/500/468 502/502/438
f 490/490/458 502/502/438 501/501/469
f 489/489/457 494/494/462 500/500/468
f 483/483/451 491/491/459 503/503/470
f 483/483/451 503/503/470 487/487/455
f 487/487/455 503/503/470 496/496/464
f 492/492/460 504/504/471 493/493/461
f 492/492/460 480/480/448 504/504/471
f 480/480/448 499/499/467 504/504/471
f 495/495/463 505/505/472 494/494/462
f 498/498/466 506/506/473 497/497/465
f 498/498/466 496/496/464 507/507/474
f 498/498/466 508/508/475 506/506/473
f 498/498/466 507/507/474 508/508/475
f 488/488/456 497/497/465 509/509/476
f 509/509/476 497/497/465 506/506/473
f 502/502/438 500/500/468 510/510/477
f 502/502/438 510/510/477 511/511/437
f 494/494/462 505/505/472 510/510/477
f 494/494/462 510/510/477 500/500/468
f 501/501/469 512/512/445 499/499/467
f 499/499/467 512/512/445 504/504/471
f 491/491/459 513/513/478 503/503/470
f 491/491/459 493/493/461 514/514/479
f 491/491/459 514/514/479 513/513/478
f 496/496/464 515/515/480 507/507/474
f 496/496/464 503/503/470 515/515/480
f 515/515/480 503/503/470 513/513/478
f 511/511/437 510/510/477 516/516/481
f 516/516/481 510/510/477 505/505/472
f 512/512/445 517/517/446 504/504/471
f 493/493/461 518/518/482 514/514/479
f 493/493/461 504/504/471 518/518/482
f 504/504/471 517/517/446 518/518/482
f 514/514/479 518/518/482 519/519/483
f 517/517/446 520/520/456 518/518/482
f 518/518/482 520/520/456 519/519/483
f 520/520/456 521/521/476 519/519/483
f 522/522/484 523/523/485 524/524/486
f 522/522/484 525/525/487 523/523/485
f 522/522/484 524/524/486 526/526/488
f 522/522/484 527/527/489 525/525/487
f 522/522/484 526/526/488 528/528/490
f 522/522/484 529/529/491 527/527/489
f 522/522/484 528/528/490 530/530/492
f 522/522/484 530/530/492 529/529/491
f 523/523/485 525/525/487 531/531/493
f 523/523/485 531/531/493 532/532/494
f 524/524/486 533/533/495 526/526/488
f 527/527/489 529/529/491 534/534/496
f 527/527/489 535/535/497 525/525/487
f 527/527/489 534/534/496 536/536/498
f 527/527/489 536/536/498 535/535/497
f 528/528/490 526/526/488 537/537/499
f 530/530/492 538/538/500 529/529/491
f 530/530/492 539/539/501 538/538/500
f 531/531/493 525/525/487 540/540/502
f 525/525/487 535/535/497 540/540/502
f 533/533/495 541/541/382 526/526/488
f 526/526/488 541/541/382 537/537/499
f 534/534/496 542/542/503 536/536/498
f 534/534/496 529/529/491 543/543/504
f 534/534/496 544/544/505 542/542/503
f 534/534/496 543/543/504 544/544/505
f 543/543/504 529/529/491 538/538/500
f 535/535/497 545/545/506 540/540/502
f 535/535/497 536/536/498 546/546/507
f 535/535/497 546/546/507 545/545/506
f 542/542/503 544/544/505 547/547/508
f 542/542/503 548/548/509 536/536/498
f 542/542/503 547/547/508 549/549/510
f 542/542/503 550/550/511 548/548/509
f 542/542/503 549/549/510 550/550/511
f 548/548/509 546/546/507 536/536/498
f 548/548/509 550/550/511 546/546/507
f 545/545/506 546/546/507 551/551/512
f 547/547/508 552/552/513 549/549/510
f 550/550/511 553/553/514 546/546/507
f 550/550/511 549/549/510 554/554/515
f 550/550/511 555/555/516 553/553/514
f 550/550/511 554/554/515 556/556/517
f 550/550/511 556/556/517 555/555/516
f 549/549/510 552/552/513 554/554/515
f 546/546/507 553/553/514 551/551/512
f 556/556/517 557/557/518 555/555/516
f 556/556/517 554/554/515 558/558/519
f 556/556/517 559/559/520 557/557/518
f 556/556/517 558/558/519 559/559/520
f 552/552/513 560/560/521 554/554/515
f 554/554/515 560/560/521 558/558/519
f 553/553/514 561/561/522 551/551/512
f 553/553/514 555/555/516 561/561/522
f 557/557/518 559/559/520 562/562/523
f 557/557/518 563/563/524 555/555/516
f 557/557/518 562/562/523 563/563/524
f 562/562/523 558/558/519 560/560/521
f 562/562/523 559/559/520 558/558/519
f 563/563/524 561/561/522 555/555/516
f 564/564/525 565/565/526 566/566/527
f 564/564/525 567/567/528 565/565/526
f 564/564/525 566/566/527 568/568/529
f 564/564/525 569/569/530 567/567/528
f 564/564/525 568/568/529 570/570/531
f 564/564/525 571/571/532 569/569/530
f 564/564/525 570/570/531 572/572/533
f 564/564/525 572/572/533 571/571/532
f 565/565/526 573/573/534 566/566/527
f 565/565/526 567/567/528 574/574/535
f 565/565/526 575/575/536 573/573/534
f 565/565/526 574/574/535 575/575/536
f 568/568/529 576/576/537 570/570/531
f 568/568/529 566/566/527 577/577/397
f 568/568/529 578/578/538 576/576/537
f 568/568/529 577/577/397 578/578/538
f 566/566/527 573/573/534 577/577/397
f 569/569/530 571/571/532 579/579/539
f 569/569/530 580/580/540 567/567/528
f 569/569/530 579/579/539 581/581/541
f 569/569/530 581/581/541 580/580/540
f 567/567/528 580/580/540 574/574/535
f 572/572/533 570/570/531 582/582/542
f 572/572/533 583/583/543 571/571/532
f 572/572/533 582/582/542 584/584/544
f 572/572/533 584/584/544 583/583/543
f 575/575/536 585/585/545 573/573/534
f 575/575/536 574/574/535 586/586/546
f 575/575/536 587/587/547 585/585/545
f 575/575/536 586/586/546 587/587/547
f 576/576/537 588/588/548 570/570/531
f 570/570/531 588/588/548 582/582/542
f 577/577/397 573/573/534 589/589/549
f 573/573/534 585/585/545 589/589/549
f 579/579/539 571/571/532 590/590/550
f 571/571/532 583/583/543 590/590/550
f 580/580/540 591/591/404 574/574/535
f 574/574/535 591/591/404 586/586/546
f 584/584/544 582/582/542 592/592/551
f 584/584/544 592/592/551 583/583/543
f 592/592/551 582/582/542 588/588/548
f 592/592/551 590/590/550 583/583/543
f 587/587/547 593/593/486 585/585/545
f 587/587/547 586/586/546 594/594/552
f 587/587/547 594/594/552 593/593/486
f 589/589/549 585/585/545 595/595/553
f 591/591/404 596/596/379 586/586/546
f 586/586/546 596/596/379 594/594/552
f 593/593/486 597/597/554 585/585/545
f 593/593/486 598/598/555 597/597/554
f 585/585/545 597/597/554 595/595/553
f 598/598/555 599/599/494 597/597/554
f 595/595/553 597/597/554 600/600/556
f 600/600/556 597/597/554 599/599/494
f 601/601/557 602/602/558 603/603/559
f 601/601/557 604/604/560 602/602/558
f 601/601/557 603/603/559 605/605/561
f 601/601/557 606/606/562 604/604/560
f 601/601/557 605/605/561 607/607/563
f 601/601/557 608/608/564 606/606/562
f 601/601/557 607/607/563 609/609/565
f 601/601/557 609/609/565 608/608/564
f 602/602/558 610/610/566 603/603/559
f 602/602/558 604/604/560 611/611/567
f 602/602/558 612/612/568 610/610/566
f 602/602/558 611/611/567 612/612/568
f 605/605/561 613/613/569 607/607/563
f 605/605/561 603/603/559 614/614/570
f 605/605/561 615/615/571 613/613/569
f 605/605/561 614/614/570 615/615/571
f 606/606/562 608/608/564 616/616/572
f 606/606/562 617/617/573 604/604/560
f 606/606/562 616/616/572 618/618/574
f 606/606/562 618/618/574 617/617/573
f 617/617/573 611/611/567 604/604/560
f 609/609/565 607/607/563 619/619/575
f 609/609/565 620/620/576 608/608/564
f 609/609/565 619/619/575 621/621/577
f 609/609/565 621/621/577 620/620/576
f 608/608/564 620/620/576 616/616/572
f 607/607/563 613/613/569 619/619/575
f 610/610/566 612/612/568 622/622/348
f 610/610/566 623/623/578 603/603/559
f 610/610/566 622/622/348 624/624/481
f 610/610/566 625/625/579 623/623/578
f 610/610/566 624/624/481 625/625/579
f 623/623/578 614/614/570 603/603/559
f 622/622/348 612/612/568 611/611/567
f 621/621/577 626/626/580 620/620/576
f 621/621/577 619/619/575 626/626/580
f 616/616/572 620/620/576 627/627/581
f 613/613/569 628/628/582 619/619/575
f 626/626/580 629/629/583 620/620/576
f 626/626/580 619/619/575 630/630/584
f 626/626/580 631/631/585 629/629/583
f 626/626/580 630/630/584 632/632/586
f 626/626/580 633/633/587 631/631/585
f 626/626/580 632/632/586 633/633/587
f 619/619/575 628/628/582 630/630/584
f 620/620/576 629/629/583 627/627/581
f 631/631/585 633/633/587 634/634/588
f 631/631/585 635/635/589 629/629/583
f 631/631/585 634/634/588 636/636/590
f 631/631/585 636/636/590 635/635/589
f 635/635/589 627/627/581 629/629/583
f 633/633/587 632/632/586 634/634/588
f 628/628/582 637/637/591 630/630/584
f 630/630/584 637/637/591 632/632/586
f 634/634/588 632/632/586 638/638/592
f 638/638/592 632/632/586 637/637/591
f 639/639/593 640/640/594 641/641/595
f 639/639/593 642/642/596 640/640/594
f 639/639/593 641/641/595 643/643/597
f 639/639/593 644/644/598 642/642/596
f 639/639/593 643/643/597 645/645/599
f 639/639/593 646/646/600 644/644/598
f 639/639/593 645/645/599 647/647/601
f 639/639/593 647/647/601 646/646/600
f 640/640/594 648/648/602 641/641/595
f 640/640/594 642/642/596 649/649/603
f 640/640/594 650/650/604 648/648/602
f 640/640/594 649/649/603 650/650/604
f 643/643/597 651/651/605 645/645/599
f 643/643/597 641/641/595 652/652/606
f 643/643/597 653/653/607 651/651/605
f 643/643/597 652/652/606 653/653/607
f 641/641/595 648/648/602 652/652/606
f 644/644/598 646/646/600 654/654/608
f 644/644/598 655/655/609 642/642/596
f 644/644/598 654/654/608 656/656/610
f 644/644/598 656/656/610 655/655/609
f 647/647/601 645/645/599 657/657/611
f 647/647/601 658/658/589 646/646/600
f 647/647/601 657/657/611 659/659/612
f 647/647/601 659/659/612 658/658/589
f 645/645/599 651/651/605 657/657/611
f 649/649/603 642/642/596 660/660/613
f 642/642/596 655/655/609 660/660/613
f 653/653/607 652/652/606 661/661/614
f 653/653/607 662/662/615 651/651/605
f 653/653/607 661/661/614 663/663/616
f 653/653/607 663/663/616 662/662/615
f 648/648/602 664/664/617 652/652/606
f 652/652/606 664/664/617 661/661/614
f 654/654/608 665/665/618 656/656/610
f 654/654/608 646/646/600 666/666/619
f 654/654/608 666/666/619 665/665/618
f 665/665/618 660/660/613 655/655/609
f 665/665/618 655/655/609 656/656/610
f 666/666/619 646/646/600 658/658/589
f 657/657/611 651/651/605 667/667/620
f 651/651/605 662/662/615 667/667/620
f 663/663/616 661/661/614 668/668/621
f 663/663/616 669/669/622 662/662/615
f 663/663/616 668/668/621 669/669/622
f 664/664/617 670/670/623 661/661/614
f 667/667/620 662/662/615 671/671/624
f 671/671/624 662/662/615 669/669/622
f 668/668/621 661/661/614 672/672/625
f 668/668/621 672/672/625 673/673/626
f 661/661/614 670/670/623 672/672/625
f 673/673/626 672/672/625 674/674/501
f 670/670/623 675/675/627 672/672/625
f 672/672/625 675/675/627 674/674/501
f 676/676/628 677/677/629 678/678/630
f 676/676/628 679/679/631 677/677/629
f 676/676/628 678/678/630 680/680/632
f 676/676/628 681/681/633 679/679/631
f 676/676/628 680/680/632 682/682/634
f 676/676/628 683/683/635 681/681/633
f 676/676/628 682/682/634 684/684/636
f 676/676/628 684/684/636 683/683/635
f 677/677/629 685/685/637 678/678/630
f 677/677/629 679/679/631 686/686/638
f 677/677/629 686/686/638 685/685/637
f 680/680/632 687/687/639 682/682/634
f 680/680/632 678/678/630 688/688/640
f 680/680/632 689/689/641 687/687/639
f 680/680/632 688/688/640 689/689/641
f 681/681/633 683/683/635 690/690/642
f 681/681/633 690/690/642 679/679/631
f 684/684/636 682/682/634 691/691/643
f 684/684/636 692/692/644 683/683/635
f 684/684/636 691/691/643 692/692/644
f 686/686/638 679/679/631 693/693/645
f 685/685/637 694/694/646 678/678/630
f 678/678/630 694/694/646 688/688/640
f 687/687/639 689/689/641 695/695/647
f 687/687/639 696/696/648 682/682/634
f 687/687/639 695/695/647 697/697/649
f 687/687/639 697/697/649 696/696/648
f 696/696/648 691/691/643 682/682/634
f 689/689/641 688/688/640 695/695/647
f 690/690/642 683/683/635 698/698/650
f 690/690/642 699/699/651 679/679/631
f 690/690/642 698/698/650 700/700/463
f 690/690/642 700/700/463 699/699/651
f 679/679/631 699/699/651 693/693/645
f 692/692/644 701/701/652 683/683/635
f 683/683/635 701/701/652 698/698/650
f 694/694/646 702/702/524 688/688/640
f 688/688/640 702/702/524 695/695/647
f 700/700/463 703/703/653 699/699/651
f 700/700/463 698/698/650 704/704/654
f 693/693/645 699/699/651 705/705/655
f 699/699/651 703/703/653 705/705/655
f 701/701/652 706/706/656 698/698/650
f 698/698/650 706/706/656 704/704/654
f 703/703/653 707/707/657 705/705/655
f 706/706/656 708/708/481 704/704/654
f 706/706/656 709/709/658 708/708/481
f 707/707/657 710/710/659 705/705/655
f 711/711/557 712/712/558 713/713/660
f 711/711/557 714/714/661 712/712/558
f 711/711/557 713/713/660 715/715/561
f 711/711/557 716/716/562 714/714/661
f 711/711/557 715/715/561 717/717/563
f 711/711/557 718/718/564 716/716/562
f 711/711/557 717/717/563 719/719/565
f 711/711/557 719/719/565 718/718/564
f 712/712/558 720/720/662 713/713/660
f 712/712/558 714/714/661 721/721/663
f 712/712/558 722/722/664 720/720/662
f 712/712/558 721/721/663 722/722/664
f 715/715/561 723/723/665 717/717/563
f 715/715/561 713/713/660 724/724/570
f 715/715/561 725/725/666 723/723/665
f 715/715/561 724/724/570 725/725/666
f 716/716/562 718/718/564 726/726/611
f 716/716/562 727/727/667 714/714/661
f 716/716/562 726/726/611 728/728/668
f 716/716/562 728/728/668 727/727/667
f 727/727/667 721/721/663 714/714/661
f 719/719/565 717/717/563 729/729/669
f 719/719/565 730/730/576 718/718/564
f 719/719/565 729/729/669 731/731/577
f 719/719/565 731/731/577 730/730/576
f 718/718/564 730/730/576 726/726/611
f 717/717/563 723/723/665 729/729/669
f 720/720/662 722/722/664 732/732/670
f 720/720/662 733/733/578 713/713/660
f 720/720/662 732/732/670 734/734/671
f 720/720/662 735/735/672 733/733/578
f 720/720/662 734/734/671 735/735/672
f 733/733/578 724/724/570 713/713/660
f 732/732/670 722/722/664 721/721/663
f 731/731/577 736/736/580 730/730/576
f 731/731/577 729/729/669 736/736/580
f 726/726/611 730/730/576 737/737/581
f 723/723/665 738/738/582 729/729/669
f 736/736/580 739/739/583 730/730/576
f 736/736/580 729/729/669 740/740/584
f 736/736/580 741/741/585 739/739/583
f 736/736/580 740/740/584 742/742/586
f 736/736/580 743/743/587 741/741/585
f 736/736/580 742/742/586 743/743/587
f 729/729/669 738/738/582 740/740/584
f 730/730/576 739/739/583 737/737/581
f 741/741/585 743/743/587 744/744/588
f 741/741/585 745/745/589 739/739/583
f 741/741/585 744/744/588 746/746/590
f 741/741/585 746/746/590 745/745/589
f 745/745/589 737/737/581 739/739/583
f 743/743/587 742/742/586 744/744/588
f 738/738/582 747/747/591 740/740/584
f 740/740/584 747/747/591 742/742/586
f 744/744/588 742/742/586 748/748/673
f 748/748/673 742/742/586 747/747/591
f 749/749/419 750/750/674 751/751/675
f 749/749/419 752/752/676 750/750/674
f 749/749/419 751/751/675 753/753/677
f 749/749/419 754/754/678 752/752/676
f 749/749/419 753/753/677 755/755/679
f 749/749/419 756/756/680 754/754/678
f 749/749/419 755/755/679 757/757/681
f 749/749/419 757/757/681 756/756/680
f 750/750/674 758/758/682 751/751/675
f 750/750/674 752/752/676 759/759/683
f 750/750/674 760/760/684 758/758/682
f 750/750/674 759/759/683 760/760/684
f 753/753/677 761/761/685 755/755/679
f 753/753/677 751/751/675 762/762/686
f 753/753/677 763/763/687 761/761/685
f 753/753/677 762/762/686 763/763/687
f 754/754/678 756/756/680 764/764/688
f 754/754/678 765/765/689 752/752/676
f 754/754/678 764/764/688 766/766/690
f 754/754/678 766/766/690 765/765/689
f 757/757/681 755/755/679 767/767/691
f 757/757/681 768/768/692 756/756/680
f 757/757/681 767/767/691 769/769/693
f 757/757/681 769/769/693 768/768/692
f 758/758/682 760/760/684 770/770/694
f 758/758/682 771/771/695 751/751/675
f 758/758/682 770/770/694 772/772/696
f 758/758/682 772/772/696 771/771/695
f 751/751/675 771/771/695 762/762/686
f 759/759/683 752/752/676 773/773/697
f 759/759/683 774/774/698 760/760/684
f 759/759/683 773/773/697 775/775/699
f 759/759/683 775/775/699 774/774/698
f 773/773/697 752/752/676 765/765/689
f 761/761/685 763/763/687 776/776/700
f 761/761/685 777/777/701 755/755/679
f 761/761/685 776/776/700 777/777/701
f 755/755/679 777/777/701 767/767/691
f 764/764/688 756/756/680 778/778/702
f 778/778/702 756/756/680 768/768/692
f 770/770/694 779/779/703 772/772/696
f 770/770/694 760/760/684 780/780/704
f 770/770/694 781/781/705 779/779/703
f 770/770/694 780/780/704 781/781/705
f 760/760/684 774/774/698 780/780/704
f 771/771/695 782/782/706 762/762/686
f 771/771/695 772/772/696 783/783/707
f 771/771/695 783/783/707 782/782/706
f 775/775/699 784/784/708 774/774/698
f 763/763/687 785/785/709 776/776/700
f 763/763/687 762/762/686 786/786/710
f 763/763/687 786/786/710 785/785/709
f 762/762/686 782/782/706 786/786/710
f 777/777/701 776/776/700 787/787/711
f 779/779/703 781/781/705 788/788/712
f 779/779/703 789/789/713 772/772/696
f 779/779/703 788/788/712 790/790/483
f 779/779/703 790/790/483 789/789/713
f 772/772/696 789/789/713 783/783/707
f 780/780/704 774/774/698 791/791/714
f 780/780/704 792/792/715 781/781/705
f 780/780/704 791/791/714 792/792/715
f 774/774/698 784/784/708 791/791/714
f 785/785/709 786/786/710 793/793/716
f 785/785/709 794/794/717 776/776/700
f 785/785/709 793/793/716 794/794/717
f 782/782/706 783/783/707 795/795/718
f 782/782/706 795/795/718 786/786/710
f 786/786/710 795/795/718 793/793/716
f 787/787/711 776/776/700 796/796/719
f 787/787/711 796/796/719 797/797/720
f 776/776/700 794/794/717 796/796/719
f 788/788/712 781/781/705 798/798/473
f 781/781/705 792/792/715 798/798/473
f 790/790/483 799/799/479 789/789/713
f 784/784/708 800/800/721 791/791/714
f 783/783/707 801/801/722 795/795/718
f 783/783/707 789/789/713 802/802/461
f 783/783/707 802/802/461 801/801/722
f 789/789/713 799/799/479 802/802/461
f 793/793/716 803/803/723 794/794/717
f 793/793/716 795/795/718 803/803/723
f 797/797/720 796/796/719 804/804/724
f 792/792/715 805/805/475 798/798/473
f 792/792/715 791/791/714 806/806/474
f 792/792/715 806/806/474 805/805/475
f 806/806/474 791/791/714 800/800/721
f 801/801/722 802/802/461 807/807/725
f 801/801/722 807/807/725 795/795/718
f 799/799/479 808/808/726 802/802/461
f 799/799/479 809/809/478 808/808/726
f 802/802/461 808/808/726 807/807/725
f 794/794/717 803/803/723 810/810/727
f 794/794/717 810/810/727 796/796/719
f 804/804/724 796/796/719 811/811/728
f 804/804/724 811/811/728 812/812/729
f 796/796/719 810/810/727 811/811/728
f 795/795/718 807/807/725 813/813/730
f 795/795/718 813/813/730 803/803/723
f 809/809/478 814/814/708 808/808/726
f 809/809/478 815/815/721 814/814/708
f 812/812/729 811/811/728 816/816/688
f 810/810/727 803/803/723 817/817/731
f 810/810/727 817/817/731 811/811/728
f 811/811/728 817/817/731 816/816/688
f 807/807/725 818/818/732 813/813/730
f 807/807/725 808/808/726 819/819/733
f 807/807/725 819/819/733 818/818/732
f 819/819/733 808/808/726 814/814/708
f 803/803/723 820/820/689 817/817/731
f 803/803/723 813/813/730 820/820/689
f 820/820/689 813/813/730 818/818/732
f 821/821/484 822/822/490 823/823/492
f 821/821/484 824/824/488 822/822/490
f 821/821/484 823/823/492 825/825/491
f 821/821/484 826/826/486 824/824/488
f 821/821/484 825/825/491 827/827/489
f 821/821/484 828/828/485 826/826/486
f 821/821/484 827/827/489 829/829/487
f 821/821/484 829/829/487 828/828/485
f 822/822/490 824/824/488 830/830/499
f 823/823/492 831/831/734 825/825/491
f 823/823/492 832/832/735 831/831/734
f 826/826/486 833/833/495 824/824/488
f 827/827/489 834/834/497 829/829/487
f 827/827/489 825/825/491 835/835/496
f 827/827/489 836/836/498 834/834/497
f 827/827/489 835/835/496 836/836/498
f 828/828/485 829/829/487 837/837/736
f 828/828/485 837/837/736 838/838/737
f 830/830/499 824/824/488 839/839/382
f 839/839/382 824/824/488 833/833/495
f 831/831/734 840/840/504 825/825/491
f 825/825/491 840/840/504 835/835/496
f 834/834/497 836/836/498 841/841/507
f 834/834/497 842/842/502 829/829/487
f 834/834/497 841/841/507 843/843/738
f 834/834/497 843/843/738 842/842/502
f 842/842/502 837/837/736 829/829/487
f 840/840/504 844/844/505 835/835/496
f 836/836/498 845/845/509 841/841/507
f 836/836/498 835/835/496 846/846/503
f 836/836/498 846/846/503 845/845/509
f 835/835/496 844/844/505 846/846/503
f 843/843/738 841/841/507 847/847/739
f 845/845/509 846/846/503 848/848/511
f 845/845/509 848/848/511 841/841/507
f 844/844/505 849/849/508 846/846/503
f 847/847/739 841/841/507 850/850/514
f 847/847/739 850/850/514 851/851/522
f 841/841/507 848/848/511 850/850/514
f 849/849/508 852/852/740 846/846/503
f 849/849/508 853/853/513 852/852/740
f 846/846/503 852/852/740 848/848/511
f 851/851/522 850/850/514 854/854/516
f 851/851/522 854/854/516 855/855/524
f 850/850/514 848/848/511 854/854/516
f 853/853/513 856/856/515 852/852/740
f 853/853/513 857/857/521 856/856/515
f 852/852/740 856/856/515 848/848/511
f 855/855/524 854/854/516 858/858/518
f 855/855/524 858/858/518 859/859/523
f 857/857/521 860/860/519 856/856/515
f 857/857/521 859/859/523 860/860/519
f 848/848/511 861/861/517 854/854/516
f 848/848/511 856/856/515 861/861/517
f 856/856/515 860/860/519 861/861/517
f 854/854/516 861/861/517 858/858/518
f 859/859/523 862/862/520 860/860/519
f 859/859/523 858/858/518 862/862/520
f 862/862/520 861/861/517 860/860/519
f 862/862/520 858/858/518 861/861/517
f 863/863/593 864/864/594 865/865/741
f 863/863/593 866/866/596 864/864/594
f 863/863/593 865/865/741 867/867/597
f 863/863/593 868/868/598 866/866/596
f 863/863/593 867/867/597 869/869/742
f 863/863/593 870/870/600 868/868/598
f 863/863/593 869/869/742 871/871/601
f 863/863/593 871/871/601 870/870/600
f 864/864/594 872/872/665 865/865/741
f 864/864/594 866/866/596 873/873/603
f 864/864/594 874/874/604 872/872/665
f 864/864/594 873/873/603 874/874/604
f 867/867/597 875/875/743 869/869/742
f 867/867/597 865/865/741 876/876/744
f 867/867/597 877/877/607 875/875/743
f 867/867/597 876/876/744 877/877/607
f 865/865/741 872/872/665 876/876/744
f 868/868/598 870/870/600 878/878/608
f 868/868/598 879/879/609 866/866/596
f 868/868/598 878/878/608 880/880/610
f 868/868/598 880/880/610 879/879/609
f 871/871/601 869/869/742 881/881/611
f 871/871/601 882/882/745 870/870/600
f 871/871/601 881/881/611 883/883/612
f 871/871/601 883/883/612 882/882/745
f 869/869/742 875/875/743 881/881/611
f 873/873/603 866/866/596 884/884/613
f 866/866/596 879/879/609 884/884/613
f 877/877/607 876/876/744 885/885/746
f 877/877/607 886/886/615 875/875/743
f 877/877/607 885/885/746 887/887/616
f 877/877/607 887/887/616 886/886/615
f 872/872/665 888/888/666 876/876/744
f 876/876/744 888/888/666 885/885/746
f 878/878/608 889/889/618 880/880/610
f 878/878/608 870/870/600 890/890/619
f 878/878/608 890/890/619 889/889/618
f 889/889/618 884/884/613 879/879/609
f 889/889/618 879/879/609 880/880/610
f 890/890/619 870/870/600 882/882/745
f 881/881/611 875/875/743 891/891/668
f 875/875/743 886/886/615 891/891/668
f 887/887/616 885/885/746 892/892/621
f 887/887/616 893/893/622 886/886/615
f 887/887/616 892/892/621 893/893/622
f 888/888/666 894/894/623 885/885/746
f 891/891/668 886/886/615 895/895/624
f 895/895/624 886/886/615 893/893/622
f 892/892/621 885/885/746 896/896/625
f 892/892/621 896/896/625 897/897/626
f 885/885/746 894/894/623 896/896/625
f 897/897/626 896/896/625 898/898/735
f 894/894/623 899/899/627 896/896/625
f 896/896/625 899/899/627 898/898/735
f 900/900/312 901/901/316 902/902/318
f 900/900/312 903/903/314 901/901/316
f 900/900/312 902/902/318 904/904/320
f 900/900/312 905/905/313 903/903/314
f 900/900/312 904/904/320 906/906/319
f 900/900/312 907/907/315 905/905/313
f 900/900/312 906/906/319 908/908/317
f 900/900/312 908/908/317 907/907/315
f 901/901/316 909/909/324 902/902/318
f 901/901/316 903/903/314 910/910/325
f 901/901/316 911/911/326 909/909/324
f 901/901/316 910/910/325 911/911/326
f 904/904/320 912/912/327 906/906/319
f 904/904/320 902/902/318 913/913/747
f 904/904/320 914/914/335 912/912/327
f 904/904/320 913/913/747 914/914/335
f 913/913/747 902/902/318 909/909/324
f 906/906/319 912/912/327 908/908/317
f 905/905/313 907/907/315 915/915/322
f 905/905/313 916/916/321 903/903/314
f 905/905/313 915/915/322 917/917/323
f 905/905/313 917/917/323 916/916/321
f 910/910/325 918/918/334 911/911/326
f 910/910/325 903/903/314 919/919/331
f 910/910/325 920/920/338 918/918/334
f 910/910/325 919/919/331 920/920/338
f 903/903/314 916/916/321 919/919/331
f 912/912/327 921/921/329 908/908/317
f 907/907/315 922/922/748 915/915/322
f 907/907/315 908/908/317 922/922/748
f 922/922/748 908/908/317 921/921/329
f 917/917/323 923/923/330 916/916/321
f 918/918/334 920/920/338 924/924/341
f 918/918/334 924/924/341 925/925/346
f 919/919/331 916/916/321 926/926/332
f 919/919/331 927/927/339 920/920/338
f 919/919/331 926/926/332 927/927/339
f 920/920/338 927/927/339 924/924/341
f 916/916/321 923/923/330 926/926/332
f 925/925/346 924/924/341 928/928/663
f 927/927/339 926/926/332 929/929/336
f 927/927/339 930/930/342 924/924/341
f 927/927/339 929/929/336 930/930/342
f 926/926/332 923/923/330 929/929/336
f 928/928/663 924/924/341 931/931/749
f 928/928/663 931/931/749 932/932/750
f 928/928/663 932/932/750 933/933/670
f 930/930/342 929/929/336 931/931/749
f 930/930/342 931/931/749 924/924/341
f 923/923/330 934/934/337 929/929/336
f 932/932/750 931/931/749 935/935/751
f 932/932/750 935/935/751 936/936/752
f 935/935/751 929/929/336 934/934/337
f 935/935/751 931/931/749 929/929/336
f 937/937/349 938/938/353 939/939/753
f 937/937/349 940/940/754 938/938/353
f 937/937/349 939/939/753 941/941/357
f 937/937/349 942/942/350 940/940/754
f 937/937/349 941/941/357 943/943/356
f 937/937/349 944/944/352 942/942/350
f 937/937/349 943/943/356 945/945/354
f 937/937/349 945/945/354 944/944/352
f 938/938/353 946/946/361 939/939/753
f 938/938/353 940/940/754 947/947/362
f 938/938/353 948/948/363 946/946/361
f 938/938/353 947/947/362 948/948/363
f 941/941/357 949/949/368 943/943/356
f 941/941/357 939/939/753 950/950/367
f 941/941/357 951/951/324 949/949/368
f 941/941/357 950/950/367 951/951/324
f 942/942/350 944/944/352 952/952/359
f 942/942/350 953/953/358 940/940/754
f 942/942/350 952/952/359 954/954/360
f 942/942/350 954/954/360 953/953/358
f 945/945/354 943/943/356 955/955/364
f 945/945/354 956/956/365 944/944/352
f 945/945/354 955/955/364 957/957/366
f 945/945/354 957/957/366 956/956/365
f 944/944/352 956/956/365 952/952/359
f 943/943/356 949/949/368 955/955/364
f 946/946/361 948/948/363 958/958/371
f 946/946/361 959/959/372 939/939/753
f 946/946/361 958/958/371 959/959/372
f 959/959/372 950/950/367 939/939/753
f 948/948/363 947/947/362 958/958/371
f 940/940/754 953/953/358 960/960/370
f 940/940/754 960/960/370 947/947/362
f 947/947/362 960/960/370 958/958/371
f 957/957/366 961/961/373 956/956/365
f 957/957/366 955/955/364 962/962/374
f 957/957/366 963/963/375 961/961/373
f 957/957/366 962/962/374 963/963/375
f 952/952/359 956/956/365 964/964/755
f 949/949/368 965/965/377 955/955/364
f 961/961/373 963/963/375 966/966/378
f 961/961/373 967/967/379 956/956/365
f 961/961/373 966/966/378 967/967/379
f 967/967/379 964/964/755 956/956/365
f 962/962/374 955/955/364 968/968/380
f 962/962/374 969/969/381 963/963/375
f 962/962/374 968/968/380 969/969/381
f 968/968/380 955/955/364 965/965/377
f 966/966/378 963/963/375 970/970/382
f 970/970/382 963/963/375 969/969/381
f 971/971/383 972/972/756 973/973/385
f 971/971/383 974/974/386 972/972/756
f 971/971/383 973/973/385 975/975/757
f 971/971/383 976/976/388 974/974/386
f 971/971/383 975/975/757 977/977/389
f 971/971/383 978/978/390 976/976/388
f 971/971/383 977/977/389 979/979/391
f 971/971/383 979/979/391 978/978/390
f 972/972/756 980/980/758 973/973/385
f 972/972/756 974/974/386 981/981/393
f 972/972/756 982/982/394 980/980/758
f 972/972/756 981/981/393 982/982/394
f 975/975/757 983/983/759 977/977/389
f 975/975/757 973/973/385 984/984/760
f 975/975/757 984/984/760 983/983/759
f 976/976/388 978/978/390 985/985/761
f 976/976/388 986/986/762 974/974/386
f 976/976/388 985/985/761 986/986/762
f 979/979/391 977/977/389 987/987/763
f 979/979/391 988/988/399 978/978/390
f 979/979/391 987/987/763 988/988/399
f 980/980/758 982/982/394 989/989/764
f 980/980/758 990/990/765 973/973/385
f 980/980/758 989/989/764 991/991/702
f 980/980/758 992/992/692 990/990/765
f 980/980/758 991/991/702 992/992/692
f 990/990/765 984/984/760 973/973/385
f 990/990/765 992/992/692 984/984/760
f 981/981/393 974/974/386 993/993/766
f 993/993/766 974/974/386 986/986/762
f 983/983/759 994/994/767 977/977/389
f 977/977/389 994/994/767 987/987/763
f 985/985/761 978/978/390 995/995/405
f 985/985/761 996/996/406 986/986/762
f 985/985/761 995/995/405 997/997/407
f 985/985/761 998/998/408 996/996/406
f 985/985/761 997/997/407 998/998/408
f 995/995/405 978/978/390 988/988/399
f 995/995/405 988/988/399 997/997/407
f 987/987/763 999/999/409 988/988/399
f 996/996/406 998/998/408 1000/1000/537
f 997/997/407 988/988/399 1001/1001/411
f 997/997/407 1002/1002/412 998/998/408
f 997/997/407 1001/1001/411 1003/1003/413
f 997/997/407 1004/1004/414 1002/1002/412
f 997/997/407 1003/1003/413 1004/1004/414
f 998/998/408 1002/1002/412 1000/1000/537
f 988/988/399 999/999/409 1001/1001/411
f 1003/1003/413 1005/1005/415 1004/1004/414
f 1003/1003/413 1001/1001/411 1006/1006/416
f 1003/1003/413 1007/1007/417 1005/1005/415
f 1003/1003/413 1006/1006/416 1007/1007/417
f 1006/1006/416 1001/1001/411 999/999/409
f 1004/1004/414 1005/1005/415 1002/1002/412
f 1000/1000/537 1002/1002/412 1008/1008/548
f 1008/1008/548 1002/1002/412 1005/1005/415
f 1009/1009/525 1010/1010/526 1011/1011/768
f 1009/1009/525 1012/1012/769 1010/1010/526
f 1009/1009/525 1011/1011/768 1013/1013/529
f 1009/1009/525 1014/1014/530 1012/1012/769
f 1009/1009/525 1013/1013/529 1015/1015/531
f 1009/1009/525 1016/1016/770 1014/1014/530
f 1009/1009/525 1015/1015/531 1017/1017/533
f 1009/1009/525 1017/1017/533 1016/1016/770
f 1010/1010/526 1018/1018/771 1011/1011/768
f 1010/1010/526 1012/1012/769 1019/1019/772
f 1010/1010/526 1020/1020/536 1018/1018/771
f 1010/1010/526 1019/1019/772 1020/1020/536
f 1013/1013/529 1021/1021/537 1015/1015/531
f 1013/1013/529 1011/1011/768 1022/1022/773
f 1013/1013/529 1023/1023/538 1021/1021/537
f 1013/1013/529 1022/1022/773 1023/1023/538
f 1011/1011/768 1018/1018/771 1022/1022/773
f 1014/1014/530 1016/1016/770 1024/1024/774
f 1014/1014/530 1025/1025/540 1012/1012/769
f 1014/1014/530 1024/1024/774 1026/1026/541
f 1014/1014/530 1026/1026/541 1025/1025/540
f 1012/1012/769 1025/1025/540 1019/1019/772
f 1017/1017/533 1015/1015/531 1027/1027/542
f 1017/1017/533 1028/1028/543 1016/1016/770
f 1017/1017/533 1027/1027/542 1029/1029/544
f 1017/1017/533 1029/1029/544 1028/1028/543
f 1020/1020/536 1030/1030/775 1018/1018/771
f 1020/1020/536 1019/1019/772 1031/1031/546
f 1020/1020/536 1032/1032/547 1030/1030/775
f 1020/1020/536 1031/1031/546 1032/1032/547
f 1021/1021/537 1033/1033/776 1015/1015/531
f 1015/1015/531 1033/1033/776 1027/1027/542
f 1022/1022/773 1018/1018/771 1034/1034/777
f 1018/1018/771 1030/1030/775 1034/1034/777
f 1024/1024/774 1016/1016/770 1035/1035/550
f 1016/1016/770 1028/1028/543 1035/1035/550
f 1025/1025/540 1036/1036/778 1019/1019/772
f 1019/1019/772 1036/1036/778 1031/1031/546
f 1029/1029/544 1027/1027/542 1037/1037/551
f 1029/1029/544 1037/1037/551 1028/1028/543
f 1037/1037/551 1027/1027/542 1033/1033/776
f 1037/1037/551 1035/1035/550 1028/1028/543
f 1032/1032/547 1038/1038/486 1030/1030/775
f 1032/1032/547 1031/1031/546 1039/1039/552
f 1032/1032/547 1039/1039/552 1038/1038/486
f 1034/1034/777 1030/1030/775 1040/1040/553
f 1036/1036/778 1041/1041/379 1031/1031/546
f 1031/1031/546 1041/1041/379 1039/1039/552
f 1038/1038/486 1042/1042/554 1030/1030/775
f 1038/1038/486 1043/1043/555 1042/1042/554
f 1030/1030/775 1042/1042/554 1040/1040/553
f 1043/1043/555 1044/1044/764 1042/1042/554
f 1040/1040/553 1042/1042/554 1045/1045/556
f 1045/1045/556 1042/1042/554 1044/1044/764
f 1046/1046/628 1047/1047/632 1048/1048/779
f 1046/1046/628 1049/1049/630 1047/1047/632
f 1046/1046/628 1048/1048/779 1050/1050/636
f 1046/1046/628 1051/1051/629 1049/1049/630
f 1046/1046/628 1050/1050/636 1052/1052/635
f 1046/1046/628 1053/1053/631 1051/1051/629
f 1046/1046/628 1052/1052/635 1054/1054/633
f 1046/1046/628 1054/1054/633 1053/1053/631
f 1047/1047/632 1055/1055/639 1048/1048/779
f 1047/1047/632 1049/1049/630 1056/1056/640
f 1047/1047/632 1057/1057/641 1055/1055/639
f 1047/1047/632 1056/1056/640 1057/1057/641
f 1050/1050/636 1058/1058/644 1052/1052/635
f 1050/1050/636 1048/1048/779 1059/1059/643
f 1050/1050/636 1059/1059/643 1058/1058/644
f 1051/1051/629 1053/1053/631 1060/1060/638
f 1051/1051/629 1061/1061/637 1049/1049/630
f 1051/1051/629 1060/1060/638 1061/1061/637
f 1054/1054/633 1052/1052/635 1062/1062/780
f 1054/1054/633 1062/1062/780 1053/1053/631
f 1055/1055/639 1057/1057/641 1063/1063/647
f 1055/1055/639 1064/1064/781 1048/1048/779
f 1055/1055/639 1063/1063/647 1065/1065/649
f 1055/1055/639 1065/1065/649 1064/1064/781
f 1064/1064/781 1059/1059/643 1048/1048/779
f 1057/1057/641 1056/1056/640 1063/1063/647
f 1058/1058/644 1066/1066/652 1052/1052/635
f 1049/1049/630 1061/1061/637 1067/1067/782
f 1049/1049/630 1067/1067/782 1056/1056/640
f 1060/1060/638 1053/1053/631 1068/1068/645
f 1062/1062/780 1052/1052/635 1069/1069/783
f 1062/1062/780 1070/1070/784 1053/1053/631
f 1062/1062/780 1069/1069/783 1071/1071/720
f 1062/1062/780 1071/1071/720 1070/1070/784
f 1053/1053/631 1070/1070/784 1068/1068/645
f 1052/1052/635 1066/1066/652 1069/1069/783
f 1063/1063/647 1056/1056/640 1072/1072/785
f 1072/1072/785 1056/1056/640 1067/1067/782
f 1071/1071/720 1073/1073/786 1070/1070/784
f 1071/1071/720 1069/1069/783 1074/1074/787
f 1068/1068/645 1070/1070/784 1075/1075/788
f 1070/1070/784 1073/1073/786 1075/1075/788
f 1066/1066/652 1076/1076/789 1069/1069/783
f 1069/1069/783 1076/1076/789 1074/1074/787
f 1073/1073/786 1077/1077/729 1075/1075/788
f 1076/1076/789 1078/1078/790 1074/1074/787
f 1076/1076/789 1079/1079/672 1078/1078/790
f 1077/1077/729 1080/1080/791 1075/1075/788
f 1081/1081/792 1082/1082/793 1083/1083/794
f 1081/1081/792 1084/1084/795 1082/1082/793
f 1081/1081/792 1083/1083/794 1085/1085/796
f 1081/1081/792 1086/1086/797 1084/1084/795
f 1081/1081/792 1085/1085/796 1087/1087/798
f 1081/1081/792 1088/1088/799 1086/1086/797
f 1081/1081/792 1087/1087/798 1088/1088/799
f 1086/1086/797 1088/1088/799 1089/1089/800
f 1086/1086/797 1089/1089/800 1090/1090/801
f 1087/1087/798 1091/1091/802 1088/1088/799
f 1088/1088/799 1091/1091/802 1089/1089/800
f 1090/1090/801 1089/1089/800 1092/1092/803
f 1091/1091/802 1093/1093/804 1089/1089/800
f 1091/1091/802 1094/1094/805 1093/1093/804
f 1089/1089/800 1093/1093/804 1092/1092/803
f 1094/1094/805 1095/1095/806 1093/1093/804
f 1092/1092/803 1093/1093/804 1096/1096/807
f 1092/1092/803 1096/1096/807 1097/1097/808
f 1093/1093/804 1095/1095/806 1096/1096/807
f 1097/1097/808 1096/1096/807 1098/1098/809
f 1095/1095/806 1099/1099/810 1096/1096/807
f 1095/1095/806 1100/1100/811 1099/1099/810
f 1096/1096/807 1099/1099/810 1098/1098/809
f 1100/1100/811 1101/1101/812 1099/1099/810
f 1098/1098/809 1099/1099/810 1102/1102/813
f 1098/1098/809 1102/1102/813 1103/1103/814
f 1099/1099/810 1101/1101/812 1102/1102/813
f 1103/1103/814 1102/1102/813 1104/1104/815
f 1101/1101/812 1105/1105/816 1102/1102/813
f 1101/1101/812 1106/1106/817 1105/1105/816
f 1102/1102/813 1105/1105/816 1104/1104/815
f 1106/1106/817 1107/1107/818 1105/1105/816
f 1104/1104/815 1105/1105/816 1108/1108/819
f 1104/1104/815 1108/1108/819 1109/1109/820
f 1105/1105/816 1107/1107/818 1108/1108/819
f 1109/1109/820 1108/1108/819 1110/1110/821
f 1107/1107/818 1111/1111/822 1108/1108/819
f 1107/1107/818 1112/1112/823 1111/1111/822
f 1108/1108/819 1111/1111/822 1110/1110/821
f 1112/1112/823 1113/1113/824 1111/1111/822
f 1110/1110/821 1111/1111/822 1114/1114/825
f 1110/1110/821 1114/1114/825 1115/1115/826
f 1111/1111/822 1113/1113/824 1114/1114/825
f 1115/1115/826 1114/1114/825 1116/1116/827
f 1113/1113/824 1117/1117/828 1114/1114/825
f 1113/1113/824 1118/1118/829 1117/1117/828
f 1114/1114/825 1117/1117/828 1116/1116/827
f 1118/1118/829 1119/1119/830 1117/1117/828
f 1116/1116/827 1117/1117/828 1120/1120/831
f 1116/1116/827 1120/1120/831 1121/1121/832
f 1117/1117/828 1119/1119/830 1120/1120/831
f 1121/1121/832 1120/1120/831 1122/1122/833
f 1119/1119/830 1123/1123/834 1120/1120/831
f 1119/1119/830 1124/1124/835 1123/1123/834
f 1120/1120/831 1123/1123/834 1122/1122/833
f 1124/1124/835 1125/1125/836 1123/1123/834
f 1124/1124/835 1126/1126/837 1125/1125/836
f 1123/1123/834 1125/1125/836 1122/1122/833
f 1126/1126/837 1127/1127/838 1125/1125/836
f 1126/1126/837 1128/1128/839 1127/1127/838
f 1122/1122/833 1125/1125/836 1129/1129/840
f 1127/1127/838 1130/1130/841 1125/1125/836
f 1127/1127/838 1131/1131/842 1130/1130/841
f 1130/1130/841 1129/1129/840 1125/1125/836
f 1132/1132/843 1133/1133/794 1134/1134/844
f 1132/1132/843 1135/1135/845 1133/1133/794
f 1132/1132/843 1134/1134/844 1136/1136/846
f 1132/1132/843 1137/1137/847 1135/1135/845
f 1132/1132/843 1136/1136/846 1138/1138/848
f 1132/1132/843 1139/1139/849 1137/1137/847
f 1132/1132/843 1138/1138/848 1139/1139/849
f 1137/1137/847 1139/1139/849 1140/1140/850
f 1138/1138/848 1141/1141/851 1139/1139/849
f 1138/1138/848 1142/1142/852 1141/1141/851
f 1139/1139/849 1141/1141/851 1140/1140/850
f 1142/1142/852 1143/1143/853 1141/1141/851
f 1140/1140/850 1141/1141/851 1144/1144/854
f 1140/1140/850 1144/1144/854 1145/1145/855
f 1141/1141/851 1143/1143/853 1144/1144/854
f 1145/1145/855 1144/1144/854 1146/1146/856
f 1143/1143/853 1147/1147/857 1144/1144/854
f 1143/1143/853 1148/1148/858 1147/1147/857
f 1144/1144/854 1147/1147/857 1146/1146/856
f 1148/1148/858 1149/1149/859 1147/1147/857
f 1146/1146/856 1147/1147/857 1150/1150/860
f 1146/1146/856 1150/1150/860 1151/1151/861
f 1147/1147/857 1149/1149/859 1150/1150/860
f 1151/1151/861 1150/1150/860 1152/1152/862
f 1149/1149/859 1153/1153/863 1150/1150/860
f 1149/1149/859 1154/1154/864 1153/1153/863
f 1150/1150/860 1153/1153/863 1152/1152/862
f 1154/1154/864 1155/1155/865 1153/1153/863
f 1152/1152/862 1153/1153/863 1156/1156/866
f 1152/1152/862 1156/1156/866 1157/1157/867
f 1153/1153/863 1155/1155/865 1156/1156/866
f 1157/1157/867 1156/1156/866 1158/1158/868
f 1155/1155/865 1159/1159/869 1156/1156/866
f 1155/1155/865 1160/1160/870 1159/1159/869
f 1156/1156/866 1159/1159/869 1158/1158/868
f 1160/1160/870 1161/1161/871 1159/1159/869
f 1158/1158/868 1159/1159/869 1162/1162/872
f 1158/1158/868 1162/1162/872 1163/1163/873
f 1159/1159/869 1161/1161/871 1162/1162/872
f 1163/1163/873 1162/1162/872 1164/1164/874
f 1161/1161/871 1165/1165/875 1162/1162/872
f 1161/1161/871 1166/1166/876 1165/1165/875
f 1162/1162/872 1165/1165/875 1164/1164/874
f 1166/1166/876 1167/1167/877 1165/1165/875
f 1164/1164/874 1165/1165/875 1168/1168/878
f 1164/1164/874 1168/1168/878 1169/1169/879
f 1165/1165/875 1167/1167/877 1168/1168/878
f 1169/1169/879 1168/1168/878 1170/1170/880
f 1167/1167/877 1171/1171/881 1168/1168/878
f 1167/1167/877 1172/1172/882 1171/1171/881
f 1168/1168/878 1171/1171/881 1170/1170/880
f 1172/1172/882 1173/1173/883 1171/1171/881
f 1170/1170/880 1171/1171/881 1174/1174/884
f 1170/1170/880 1174/1174/884 1175/1175/885
f 1171/1171/881 1173/1173/883 1174/1174/884
f 1175/1175/885 1174/1174/884 1176/1176/886
f 1175/1175/885 1176/1176/886 1177/1177/887
f 1174/1174/884 1173/1173/883 1176/1176/886
f 1177/1177/887 1176/1176/886 1178/1178/888
f 1177/1177/887 1178/1178/888 1179/1179/889
f 1173/1173/883 1180/1180/890 1176/1176/886
f 1178/1178/888 1176/1176/886 1181/1181/891
f 1178/1178/888 1181/1181/891 1182/1182/892
f 1181/1181/891 1176/1176/886 1180/1180/890
f 1183/1183/893 1184/1184/894 1185/1185/895
f 1183/1183/893 1186/1186/896 1184/1184/894
f 1183/1183/893 1185/1185/895 1187/1187/793
f 1183/1183/893 1188/1188/897 1186/1186/896
f 1183/1183/893 1187/1187/793 1189/1189/898
f 1183/1183/893 1189/1189/898 1188/1188/897
f 1184/1184/894 1190/1190/899 1185/1185/895
f 1184/1184/894 1186/1186/896 1191/1191/900
f 1188/1188/897 1192/1192/901 1186/1186/896
f 1188/1188/897 1193/1193/902 1192/1192/901
f 1191/1191/900 1186/1186/896 1194/1194/903
f 1186/1186/896 1192/1192/901 1194/1194/903
f 1193/1193/902 1195/1195/904 1192/1192/901
f 1194/1194/903 1192/1192/901 1196/1196/905
f 1194/1194/903 1196/1196/905 1197/1197/906
f 1192/1192/901 1195/1195/904 1196/1196/905
f 1197/1197/906 1196/1196/905 1198/1198/907
f 1195/1195/904 1199/1199/908 1196/1196/905
f 1195/1195/904 1200/1200/909 1199/1199/908
f 1196/1196/905 1199/1199/908 1198/1198/907
f 1200/1200/909 1201/1201/910 1199/1199/908
f 1198/1198/907 1199/1199/908 1202/1202/911
f 1198/1198/907 1202/1202/911 1203/1203/912
f 1199/1199/908 1201/1201/910 1202/1202/911
f 1203/1203/912 1202/1202/911 1204/1204/913
f 1201/1201/910 1205/1205/914 1202/1202/911
f 1201/1201/910 1206/1206/915 1205/1205/914
f 1202/1202/911 1205/1205/914 1204/1204/913
f 1206/1206/915 1207/1207/815 1205/1205/914
f 1204/1204/913 1205/1205/914 1208/1208/916
f 1204/1204/913 1208/1208/916 1209/1209/917
f 1208/1208/916 1205/1205/914 1207/1207/815
f 1210/1210/918 1211/1211/919 1212/1212/920
f 1210/1210/918 1213/1213/921 1211/1211/919
f 1210/1210/918 1212/1212/920 1214/1214/922
f 1210/1210/918 1215/1215/923 1213/1213/921
f 1210/1210/918 1214/1214/922 1216/1216/924
f 1210/1210/918 1216/1216/924 1215/1215/923
f 1211/1211/919 1217/1217/925 1212/1212/920
f 1211/1211/919 1218/1218/926 1217/1217/925
f 1213/1213/921 1215/1215/923 1219/1219/927
f 1213/1213/921 1219/1219/927 1220/1220/928
f 1215/1215/923 1216/1216/924 1219/1219/927
f 1214/1214/922 1212/1212/920 1221/1221/929
f 1214/1214/922 1221/1221/929 1216/1216/924
f 1218/1218/926 1222/1222/930 1217/1217/925
f 1218/1218/926 1223/1223/931 1222/1222/930
f 1218/1218/926 1224/1224/932 1223/1223/931
f 1220/1220/928 1219/1219/927 1225/1225/933
f 1212/1212/920 1217/1217/925 1226/1226/934
f 1226/1226/934 1217/1217/925 1222/1222/930
f 1216/1216/924 1227/1227/935 1219/1219/927
f 1219/1219/927 1227/1227/935 1225/1225/933
f 1224/1224/932 1228/1228/936 1223/1223/931
f 1224/1224/932 1229/1229/937 1228/1228/936
f 1224/1224/932 1230/1230/938 1229/1229/937
f 1222/1222/930 1223/1223/931 1231/1231/939
f 1231/1231/939 1223/1223/931 1228/1228/936
f 1230/1230/938 1232/1232/917 1229/1229/937
f 1230/1230/938 1233/1233/940 1232/1232/917
f 1230/1230/938 1234/1234/941 1233/1233/940
f 1228/1228/936 1229/1229/937 1235/1235/942
f 1235/1235/942 1229/1229/937 1232/1232/917
f 1234/1234/941 1236/1236/943 1233/1233/940
f 1234/1234/941 1237/1237/944 1236/1236/943
f 1234/1234/941 1238/1238/945 1237/1237/944
f 1234/1234/941 1239/1239/946 1238/1238/945
f 1234/1234/941 1240/1240/947 1239/1239/946
f 1232/1232/917 1233/1233/940 1241/1241/948
f 1241/1241/948 1233/1233/940 1236/1236/943
f 1237/1237/944 1238/1238/945 1242/1242/949
f 1237/1237/944 1242/1242/949 1236/1236/943
f 1240/1240/947 1243/1243/950 1239/1239/946
f 1240/1240/947 1244/1244/951 1243/1243/950
f 1240/1240/947 1245/1245/952 1244/1244/951
f 1238/1238/945 1239/1239/946 1246/1246/953
f 1246/1246/953 1239/1239/946 1243/1243/950
f 1245/1245/952 1247/1247/954 1244/1244/951
f 1243/1243/950 1244/1244/951 1248/1248/955
f 1248/1248/955 1244/1244/951 1247/1247/954
f 1249/1249/956 1250/1250/957 1251/1251/958
f 1249/1249/956 1252/1252/959 1250/1250/957
f 1249/1249/956 1251/1251/958 1253/1253/916
f 1249/1249/956 1254/1254/960 1252/1252/959
f 1249/1249/956 1253/1253/916 1255/1255/815
f 1249/1249/956 1255/1255/815 1254/1254/960
f 1250/1250/957 1256/1256/936 1251/1251/958
f 1250/1250/957 1252/1252/959 1257/1257/961
f 1250/1250/957 1258/1258/962 1256/1256/936
f 1250/1250/957 1257/1257/961 1258/1258/962
f 1253/1253/916 1251/1251/958 1259/1259/917
f 1252/1252/959 1260/1260/963 1257/1257/961
f 1258/1258/962 1257/1257/961 1261/1261/964
f 1258/1258/962 1261/1261/964 1262/1262/930
f 1260/1260/963 1263/1263/965 1257/1257/961
f 1257/1257/961 1263/1263/965 1261/1261/964
f 1262/1262/930 1261/1261/964 1264/1264/966
f 1263/1263/965 1265/1265/967 1261/1261/964
f 1263/1263/965 1266/1266/968 1265/1265/967
f 1261/1261/964 1265/1265/967 1264/1264/966
f 1266/1266/968 1267/1267/969 1265/1265/967
f 1264/1264/966 1265/1265/967 1268/1268/970
f 1264/1264/966 1268/1268/970 1269/1269/971
f 1265/1265/967 1267/1267/969 1268/1268/970
f 1269/1269/971 1268/1268/970 1270/1270/972
f 1267/1267/969 1271/1271/973 1268/1268/970
f 1267/1267/969 1272/1272/974 1271/1271/973
f 1268/1268/970 1271/1271/973 1270/1270/972
f 1272/1272/974 1273/1273/841 1271/1271/973
f 1270/1270/972 1271/1271/973 1274/1274/975
f 1270/1270/972 1274/1274/975 1275/1275/976
f 1271/1271/973 1273/1273/841 1274/1274/975
f 1275/1275/976 1274/1274/975 1276/1276/977
f 1275/1275/976 1276/1276/977 1277/1277/935
f 1274/1274/975 1273/1273/841 1276/1276/977
f 1277/1277/935 1276/1276/977 1278/1278/842
f 1278/1278/842 1276/1276/977 1273/1273/841
f 1279/1279/978 1280/1280/979 1281/1281/980
f 1279/1279/978 1282/1282/981 1280/1280/979
f 1279/1279/978 1281/1281/980 1283/1283/982
f 1279/1279/978 1284/1284/983 1282/1282/981
f 1279/1279/978 1283/1283/982 1285/1285/848
f 1279/1279/978 1285/1285/848 1284/1284/983
f 1280/1280/979 1286/1286/984 1281/1281/980
f 1283/1283/982 1287/1287/985 1285/1285/848
f 1283/1283/982 1281/1281/980 1288/1288/986
f 1283/1283/982 1289/1289/987 1287/1287/985
f 1283/1283/982 1288/1288/986 1289/1289/987
f 1285/1285/848 1287/1287/985 1290/1290/852
f 1289/1289/987 1291/1291/988 1287/1287/985
f 1289/1289/987 1292/1292/989 1291/1291/988
f 1290/1290/852 1287/1287/985 1293/1293/990
f 1287/1287/985 1291/1291/988 1293/1293/990
f 1292/1292/989 1294/1294/991 1291/1291/988
f 1293/1293/990 1291/1291/988 1295/1295/992
f 1293/1293/990 1295/1295/992 1296/1296/993
f 1291/1291/988 1294/1294/991 1295/1295/992
f 1296/1296/993 1295/1295/992 1297/1297/994
f 1294/1294/991 1298/1298/995 1295/1295/992
f 1294/1294/991 1299/1299/996 1298/1298/995
f 1295/1295/992 1298/1298/995 1297/1297/994
f 1299/1299/996 1300/1300/997 1298/1298/995
f 1297/1297/994 1298/1298/995 1301/1301/998
f 1297/1297/994 1301/1301/998 1302/1302/999
f 1298/1298/995 1300/1300/997 1301/1301/998
f 1302/1302/999 1301/1301/998 1303/1303/865
f 1300/1300/997 1304/1304/1000 1301/1301/998
f 1300/1300/997 1305/1305/1001 1304/1304/1000
f 1304/1304/1000 1303/1303/865 1301/1301/998
f 1306/1306/1002 1307/1307/1003 1308/1308/1004
f 1306/1306/1002 1309/1309/1005 1307/1307/1003
f 1306/1306/1002 1308/1308/1004 1310/1310/1006
f 1306/1306/1002 1311/1311/1007 1309/1309/1005
f 1306/1306/1002 1310/1310/1006 1312/1312/1008
f 1306/1306/1002 1312/1312/1008 1311/1311/1007
f 1307/1307/1003 1313/1313/1009 1308/1308/1004
f 1307/1307/1003 1309/1309/1005 1314/1314/1010
f 1307/1307/1003 1315/1315/1011 1313/1313/1009
f 1314/1314/1010 1309/1309/1005 1311/1311/1007
f 1310/1310/1006 1316/1316/1012 1312/1312/1008
f 1310/1310/1006 1317/1317/1013 1316/1316/1012
f 1312/1312/1008 1316/1316/1012 1311/1311/1007
f 1308/1308/1004 1313/1313/1009 1318/1318/1014
f 1315/1315/1011 1319/1319/1015 1313/1313/1009
f 1313/1313/1009 1319/1319/1015 1318/1318/1014
f 1317/1317/1013 1320/1320/1016 1316/1316/1012
f 1311/1311/1007 1316/1316/1012 1321/1321/1017
f 1321/1321/1017 1316/1316/1012 1320/1320/1016
f 1319/1319/1015 1322/1322/1018 1318/1318/1014
f 1319/1319/1015 1323/1323/1019 1322/1322/1018
f 1318/1318/1014 1322/1322/1018 1324/1324/1020
f 1323/1323/1019 1325/1325/1021 1322/1322/1018
f 1322/1322/1018 1325/1325/1021 1324/1324/1020
f 1325/1325/1021 1326/1326/1022 1324/1324/1020
f 1325/1325/1021 1327/1327/1023 1326/1326/1022
f 1324/1324/1020 1326/1326/1022 1328/1328/1024
f 1327/1327/1023 1329/1329/1001 1326/1326/1022
f 1326/1326/1022 1329/1329/1001 1328/1328/1024
f 1329/1329/1001 1330/1330/1025 1328/1328/1024
f 1329/1329/1001 1331/1331/1026 1330/1330/1025
f 1328/1328/1024 1330/1330/1025 1332/1332/1027
f 1331/1331/1026 1333/1333/1028 1330/1330/1025
f 1330/1330/1025 1333/1333/1028 1332/1332/1027
f 1333/1333/1028 1334/1334/1029 1332/1332/1027
f 1333/1333/1028 1335/1335/1030 1334/1334/1029
f 1332/1332/1027 1334/1334/1029 1336/1336/1031
f 1332/1332/1027 1336/1336/1031 1337/1337/1032
f 1332/1332/1027 1337/1337/1032 1338/1338/1033
f 1334/1334/1029 1335/1335/1030 1336/1336/1031
f 1337/1337/1032 1339/1339/1034 1338/1338/1033
f 1337/1337/1032 1336/1336/1031 1340/1340/1035
f 1337/1337/1032 1340/1340/1035 1339/1339/1034
f 1338/1338/1033 1339/1339/1034 1341/1341/1036
f 1338/1338/1033 1341/1341/1036 1342/1342/1037
f 1339/1339/1034 1343/1343/1038 1341/1341/1036
f 1342/1342/1037 1341/1341/1036 1344/1344/954
f 1344/1344/954 1341/1341/1036 1343/1343/1038
f 1345/1345/1039 1346/1346/1040 1347/1347/1041
f 1345/1345/1039 1348/1348/1000 1346/1346/1040
f 1345/1345/1039 1347/1347/1041 1349/1349/1042
f 1345/1345/1039 1350/1350/865 1348/1348/1000
f 1345/1345/1039 1349/1349/1042 1351/1351/1043
f 1345/1345/1039 1351/1351/1043 1350/1350/865
f 1346/1346/1040 1352/1352/1021 1347/1347/1041
f 1346/1346/1040 1348/1348/1000 1353/1353/1001
f 1349/1349/1042 1347/1347/1041 1354/1354/1044
f 1349/1349/1042 1354/1354/1044 1355/1355/1045
f 1352/1352/1021 1356/1356/1046 1347/1347/1041
f 1347/1347/1041 1356/1356/1046 1354/1354/1044
f 1355/1355/1045 1354/1354/1044 1357/1357/1047
f 1356/1356/1046 1358/1358/1048 1354/1354/1044
f 1356/1356/1046 1359/1359/1015 1358/1358/1048
f 1354/1354/1044 1358/1358/1048 1357/1357/1047
f 1359/1359/1015 1360/1360/1049 1358/1358/1048
f 1357/1357/1047 1358/1358/1048 1361/1361/1050
f 1357/1357/1047 1361/1361/1050 1362/1362/1051
f 1358/1358/1048 1360/1360/1049 1361/1361/1050
f 1362/1362/1051 1361/1361/1050 1363/1363/1052
f 1360/1360/1049 1364/1364/1053 1361/1361/1050
f 1360/1360/1049 1365/1365/1054 1364/1364/1053
f 1361/1361/1050 1364/1364/1053 1363/1363/1052
f 1365/1365/1054 1366/1366/1055 1364/1364/1053
f 1363/1363/1052 1364/1364/1053 1367/1367/1056
f 1363/1363/1052 1367/1367/1056 1368/1368/1057
f 1364/1364/1053 1366/1366/1055 1367/1367/1056
f 1368/1368/1057 1367/1367/1056 1369/1369/1058
f 1366/1366/1055 1370/1370/1059 1367/1367/1056
f 1366/1366/1055 1371/1371/1060 1370/1370/1059
f 1367/1367/1056 1370/1370/1059 1369/1369/1058
f 1371/1371/1060 1372/1372/1061 1370/1370/1059
f 1371/1371/1060 1373/1373/1062 1372/1372/1061
f 1370/1370/1059 1372/1372/1061 1369/1369/1058
f 1373/1373/1062 1374/1374/1063 1372/1372/1061
f 1372/1372/1061 1374/1374/1063 1369/1369/1058
f 1375/1375/1064 1376/1376/1065 1377/1377/1066
f 1375/1375/1064 1378/1378/1067 1376/1376/1065
f 1379/1379/1068 1380/1380/1069 1381/1381/945
f 1379/1379/1068 1382/1382/1070 1380/1380/1069
f 1383/1383/1071 1384/1384/1072 1385/1385/1073
f 1383/1383/1071 1386/1386/971 1384/1384/1072
f 1387/1387/1074 1388/1388/1075 1389/1389/1076
f 1387/1387/1074 1389/1389/1076 1390/1390/1077
f 1391/1391/1078 1392/1392/1079 1393/1393/930
f 1391/1391/1078 1394/1394/936 1392/1392/1079
f 1395/1395/1080 1396/1396/1081 1397/1397/936
f 1395/1395/1080 1398/1398/1082 1396/1396/1081
f 1399/1399/1083 1400/1400/1084 1401/1401/1085
f 1399/1399/1083 1402/1402/943 1400/1400/1084
f 1403/1403/1086 1404/1404/1087 1405/1405/943
f 1403/1403/1086 1406/1406/1088 1404/1404/1087
f 1407/1407/980 1408/1408/1089 1409/1409/1090
f 1407/1407/980 1410/1410/899 1408/1408/1089
f 1411/1411/1091 1412/1412/1092 1413/1413/1031
f 1411/1411/1091 1414/1414/1093 1412/1412/1092
f 1415/1415/1094 1416/1416/1010 1417/1417/1007
f 1415/1415/1094 1418/1418/1054 1416/1416/1010
f 1419/1419/1095 1420/1420/1096 1421/1421/1097
f 1419/1419/1095 1422/1422/1098 1420/1420/1096
f 1423/1423/1099 1424/1424/1019 1425/1425/1015
f 1423/1423/1099 1426/1426/1021 1424/1424/1019
f 1427/1427/1100 1428/1428/1101 1429/1429/1102
f 1427/1427/1100 1430/1430/1103 1428/1428/1101
f 1431/1431/1104 1432/1432/1105 1433/1433/1106
f 1431/1431/1104 1434/1434/1028 1432/1432/1105
f 1435/1435/1107 1436/1436/1108 1437/1437/1109
f 1435/1435/1107 1438/1438/1110 1436/1436/1108
f 1439/1439/1111 1440/1440/1112 1441/1441/1113
f 1440/1440/1112 1442/1442/1114 1441/1441/1113
f 1440/1440/1112 1443/1443/1115 1442/1442/1114
f 1442/1442/1114 1444/1444/1116 1441/1441/1113
f 1441/1441/1113 1444/1444/1116 1445/1445/1117
f 1442/1442/1114 1443/1443/1115 1446/1446/1118
f 1442/1442/1114 1447/1447/1119 1444/1444/1116
f 1442/1442/1114 1446/1446/1118 1447/1447/1119
f 1444/1444/1116 1448/1448/1120 1445/1445/1117
f 1445/1445/1117 1448/1448/1120 1449/1449/1121
f 1449/1449/1121 1448/1448/1120 1450/1450/1122
f 1444/1444/1116 1447/1447/1119 1451/1451/1123
f 1444/1444/1116 1451/1451/1123 1448/1448/1120
f 1448/1448/1120 1452/1452/1124 1450/1450/1122
f 1448/1448/1120 1451/1451/1123 1452/1452/1124
f 1446/1446/1118 1443/1443/1115 1453/1453/1125
f 1443/1443/1115 1454/1454/1126 1453/1453/1125
f 1446/1446/1118 1455/1455/1127 1447/1447/1119
f 1446/1446/1118 1453/1453/1125 1455/1455/1127
f 1455/1455/1127 1456/1456/1128 1447/1447/1119
f 1447/1447/1119 1456/1456/1128 1451/1451/1123
f 1455/1455/1127 1453/1453/1125 1456/1456/1128
f 1453/1453/1125 1454/1454/1126 1457/1457/1129
f 1453/1453/1125 1457/1457/1129 1456/1456/1128
f 1456/1456/1128 1458/1458/1130 1451/1451/1123
f 1456/1456/1128 1457/1457/1129 1458/1458/1130
f 1451/1451/1123 1459/1459/1131 1452/1452/1124
f 1451/1451/1123 1458/1458/1130 1459/1459/1131
f 1452/1452/1124 1460/1460/1132 1450/1450/1122
f 1452/1452/1124 1459/1459/1131 1460/1460/1132
f 1450/1450/1122 1460/1460/1132 1461/1461/1133
f 1461/1461/1133 1460/1460/1132 1462/1462/1134
f 1454/1454/1126 1463/1463/1135 1457/1457/1129
f 1457/1457/1129 1464/1464/1136 1458/1458/1130
f 1457/1457/1129 1463/1463/1135 1464/1464/1136
f 1463/1463/1135 1465/1465/1137 1464/1464/1136
f 1458/1458/1130 1466/1466/1138 1459/1459/1131
f 1458/1458/1130 1464/1464/1136 1466/1466/1138
f 1464/1464/1136 1465/1465/1137 1467/1467/1139
f 1464/1464/1136 1467/1467/1139 1466/1466/1138
f 1465/1465/1137 1468/1468/1140 1467/1467/1139
f 1459/1459/1131 1469/1469/1141 1460/1460/1132
f 1459/1459/1131 1466/1466/1138 1469/1469/1141
f 1466/1466/1138 1467/1467/1139 1470/1470/1142
f 1466/1466/1138 1470/1470/1142 1469/1469/1141
f 1467/1467/1139 1468/1468/1140 1471/1471/1143
f 1467/1467/1139 1471/1471/1143 1470/1470/1142
f 1468/1468/1140 1472/1472/1144 1471/1471/1143
f 1471/1471/1143 1473/1473/1145 1470/1470/1142
f 1471/1471/1143 1472/1472/1144 1473/1473/1145
f 1472/1472/1144 1474/1474/1146 1473/1473/1145
f 1474/1474/1146 1475/1475/1147 1473/1473/1145
f 1460/1460/1132 1476/1476/1148 1462/1462/1134
f 1460/1460/1132 1469/1469/1141 1476/1476/1148
f 1469/1469/1141 1470/1470/1142 1477/1477/1149
f 1469/1469/1141 1477/1477/1149 1476/1476/1148
f 1470/1470/1142 1473/1473/1145 1478/1478/1150
f 1470/1470/1142 1478/1478/1150 1477/1477/1149
f 1477/1477/1149 1479/1479/1151 1476/1476/1148
f 1477/1477/1149 1478/1478/1150 1479/1479/1151
f 1476/1476/1148 1480/1480/1152 1462/1462/1134
f 1476/1476/1148 1479/1479/1151 1480/1480/1152
f 1462/1462/1134 1480/1480/1152 1481/1481/1153
f 1473/1473/1145 1475/1475/1147 1482/1482/1154
f 1473/1473/1145 1482/1482/1154 1478/1478/1150
f 1478/1478/1150 1483/1483/1155 1479/1479/1151
f 1478/1478/1150 1482/1482/1154 1483/1483/1155
f 1479/1479/1151 1484/1484/1156 1480/1480/1152
f 1479/1479/1151 1483/1483/1155 1484/1484/1156
f 1480/1480/1152 1485/1485/1157 1481/1481/1153
f 1480/1480/1152 1484/1484/1156 1485/1485/1157
f 1481/1481/1153 1485/1485/1157 1486/1486/1158
f 1486/1486/1158 1485/1485/1157 1487/1487/1159
f 1475/1475/1147 1488/1488/1160 1482/1482/1154
f 1482/1482/1154 1489/1489/1161 1483/1483/1155
f 1482/1482/1154 1488/1488/1160 1489/1489/1161
f 1488/1488/1160 1490/1490/1162 1489/1489/1161
f 1483/1483/1155 1491/1491/1163 1484/1484/1156
f 1483/1483/1155 1489/1489/1161 1491/1491/1163
f 1489/1489/1161 1490/1490/1162 1492/1492/1164
f 1489/1489/1161 1492/1492/1164 1491/1491/1163
f 1490/1490/1162 1493/1493/1165 1492/1492/1164
f 1484/1484/1156 1494/1494/1166 1485/1485/1157
f 1484/1484/1156 1491/1491/1163 1494/1494/1166
f 1491/1491/1163 1492/1492/1164 1495/1495/1167
f 1491/1491/1163 1495/1495/1167 1494/1494/1166
f 1492/1492/1164 1493/1493/1165 1496/1496/1168
f 1492/1492/1164 1496/1496/1168 1495/1495/1167
f 1493/1493/1165 1497/1497/1169 1496/1496/1168
f 1485/1485/1157 1498/1498/1170 1487/1487/1159
f 1485/1485/1157 1494/1494/1166 1498/1498/1170
f 1494/1494/1166 1495/1495/1167 1499/1499/1171
f 1494/1494/1166 1499/1499/1171 1498/1498/1170
f 1498/1498/1170 1500/1500/1172 1487/1487/1159
f 1498/1498/1170 1499/1499/1171 1500/1500/1172
f 1487/1487/1159 1500/1500/1172 1501/1501/1173
f 1501/1501/1173 1500/1500/1172 1502/1502/1174
f 1500/1500/1172 1499/1499/1171 1503/1503/1175
f 1500/1500/1172 1503/1503/1175 1502/1502/1174
f 1502/1502/1174 1503/1503/1175 1504/1504/1176
f 1495/1495/1167 1496/1496/1168 1505/1505/1177
f 1495/1495/1167 1505/1505/1177 1499/1499/1171
f 1499/1499/1171 1506/1506/1178 1503/1503/1175
f 1499/1499/1171 1505/1505/1177 1506/1506/1178
f 1503/1503/1175 1507/1507/1179 1504/1504/1176
f 1503/1503/1175 1506/1506/1178 1507/1507/1179
f 1506/1506/1178 1505/1505/1177 1508/1508/1180
f 1506/1506/1178 1508/1508/1180 1507/1507/1179
f 1504/1504/1176 1507/1507/1179 1509/1509/1181
f 1507/1507/1179 1508/1508/1180 1510/1510/1182
f 1507/1507/1179 1510/1510/1182 1509/1509/1181
f 1509/1509/1181 1510/1510/1182 1511/1511/1183
f 1511/1511/1183 1510/1510/1182 1512/1512/1184
f 1510/1510/1182 1508/1508/1180 1513/1513/1185
f 1510/1510/1182 1513/1513/1185 1512/1512/1184
f 1512/1512/1184 1513/1513/1185 1514/1514/1186
f 1508/1508/1180 1505/1505/1177 1515/1515/1187
f 1508/1508/1180 1515/1515/1187 1513/1513/1185
f 1513/1513/1185 1516/1516/1188 1514/1514/1186
f 1513/1513/1185 1515/1515/1187 1516/1516/1188
f 1515/1515/1187 1505/1505/1177 1517/1517/1189
f 1496/1496/1168 1497/1497/1169 1517/1517/1189
f 1496/1496/1168 1517/1517/1189 1505/1505/1177
f 1515/1515/1187 1517/1517/1189 1516/1516/1188
f 1517/1517/1189 1497/1497/1169 1518/1518/1190
f 1517/1517/1189 1518/1518/1190 1516/1516/1188
f 1518/1518/1190 1519/1519/1191 1516/1516/1188
f 1516/1516/1188 1520/1520/1192 1514/1514/1186
f 1520/1520/1192 1516/1516/1188 1519/1519/1191
f 1521/1521/1111 1522/1522/1113 1523/1523/1193
f 1523/1523/1193 1522/1522/1113 1524/1524/1194
f 1523/1523/1193 1524/1524/1194 1525/1525/1195
f 1524/1524/1194 1522/1522/1113 1526/1526/1196
f 1522/1522/1113 1527/1527/1117 1526/1526/1196
f 1524/1524/1194 1528/1528/1197 1525/1525/1195
f 1524/1524/1194 1526/1526/1196 1529/1529/1198
f 1524/1524/1194 1529/1529/1198 1528/1528/1197
f 1526/1526/1196 1527/1527/1117 1530/1530/1199
f 1527/1527/1117 1531/1531/1121 1530/1530/1199
f 1531/1531/1121 1532/1532/1122 1530/1530/1199
f 1526/1526/1196 1533/1533/1200 1529/1529/1198
f 1526/1526/1196 1530/1530/1199 1533/1533/1200
f 1530/1530/1199 1532/1532/1122 1534/1534/1201
f 1530/1530/1199 1534/1534/1201 1533/1533/1200
f 1528/1528/1197 1535/1535/1202 1525/1525/1195
f 1525/1525/1195 1535/1535/1202 1536/1536/1203
f 1528/1528/1197 1529/1529/1198 1537/1537/1204
f 1528/1528/1197 1537/1537/1204 1535/1535/1202
f 1537/1537/1204 1529/1529/1198 1538/1538/1205
f 1529/1529/1198 1533/1533/1200 1538/1538/1205
f 1537/1537/1204 1538/1538/1205 1535/1535/1202
f 1535/1535/1202 1539/1539/1206 1536/1536/1203
f 1535/1535/1202 1538/1538/1205 1539/1539/1206
f 1538/1538/1205 1533/1533/1200 1540/1540/1207
f 1538/1538/1205 1540/1540/1207 1539/1539/1206
f 1533/1533/1200 1534/1534/1201 1541/1541/1208
f 1533/1533/1200 1541/1541/1208 1540/1540/1207
f 1534/1534/1201 1532/1532/1122 1542/1542/1209
f 1534/1534/1201 1542/1542/1209 1541/1541/1208
f 1532/1532/1122 1543/1543/1210 1542/1542/1209
f 1543/1543/1210 1544/1544/1134 1542/1542/1209
f 1536/1536/1203 1539/1539/1206 1545/1545/1211
f 1539/1539/1206 1540/1540/1207 1546/1546/1212
f 1539/1539/1206 1546/1546/1212 1545/1545/1211
f 1545/1545/1211 1546/1546/1212 1547/1547/1213
f 1540/1540/1207 1541/1541/1208 1548/1548/1214
f 1540/1540/1207 1548/1548/1214 1546/1546/1212
f 1546/1546/1212 1549/1549/1215 1547/1547/1213
f 1546/1546/1212 1548/1548/1214 1549/1549/1215
f 1547/1547/1213 1549/1549/1215 1550/1550/1216
f 1541/1541/1208 1542/1542/1209 1551/1551/1217
f 1541/1541/1208 1551/1551/1217 1548/1548/1214
f 1548/1548/1214 1552/1552/1218 1549/1549/1215
f 1548/1548/1214 1551/1551/1217 1552/1552/1218
f 1549/1549/1215 1553/1553/1219 1550/1550/1216
f 1549/1549/1215 1552/1552/1218 1553/1553/1219
f 1550/1550/1216 1553/1553/1219 1554/1554/1220
f 1553/1553/1219 1552/1552/1218 1555/1555/1221
f 1553/1553/1219 1555/1555/1221 1554/1554/1220
f 1554/1554/1220 1555/1555/1221 1556/1556/1222
f 1556/1556/1222 1555/1555/1221 1557/1557/1223
f 1542/1542/1209 1544/1544/1134 1558/1558/1224
f 1542/1542/1209 1558/1558/1224 1551/1551/1217
f 1551/1551/1217 1559/1559/1225 1552/1552/1218
f 1551/1551/1217 1558/1558/1224 1559/1559/1225
f 1552/1552/1218 1560/1560/1226 1555/1555/1221
f 1552/1552/1218 1559/1559/1225 1560/1560/1226
f 1559/1559/1225 1558/1558/1224 1561/1561/1227
f 1559/1559/1225 1561/1561/1227 1560/1560/1226
f 1558/1558/1224 1544/1544/1134 1562/1562/1228
f 1558/1558/1224 1562/1562/1228 1561/1561/1227
f 1544/1544/1134 1563/1563/1153 1562/1562/1228
f 1555/1555/1221 1564/1564/1229 1557/1557/1223
f 1555/1555/1221 1560/1560/1226 1564/1564/1229
f 1560/1560/1226 1561/1561/1227 1565/1565/1230
f 1560/1560/1226 1565/1565/1230 1564/1564/1229
f 1561/1561/1227 1562/1562/1228 1566/1566/1231
f 1561/1561/1227 1566/1566/1231 1565/1565/1230
f 1562/1562/1228 1563/1563/1153 1567/1567/1232
f 1562/1562/1228 1567/1567/1232 1566/1566/1231
f 1563/1563/1153 1568/1568/1158 1567/1567/1232
f 1568/1568/1158 1569/1569/1159 1567/1567/1232
f 1557/1557/1223 1564/1564/1229 1570/1570/1233
f 1564/1564/1229 1565/1565/1230 1571/1571/1234
f 1564/1564/1229 1571/1571/1234 1570/1570/1233
f 1570/1570/1233 1571/1571/1234 1572/1572/1235
f 1565/1565/1230 1566/1566/1231 1573/1573/1236
f 1565/1565/1230 1573/1573/1236 1571/1571/1234
f 1571/1571/1234 1574/1574/1237 1572/1572/1235
f 1571/1571/1234 1573/1573/1236 1574/1574/1237
f 1572/1572/1235 1574/1574/1237 1575/1575/1238
f 1566/1566/1231 1567/1567/1232 1576/1576/1239
f 1566/1566/1231 1576/1576/1239 1573/1573/1236
f 1573/1573/1236 1577/1577/1240 1574/1574/1237
f 1573/1573/1236 1576/1576/1239 1577/1577/1240
f 1574/1574/1237 1578/1578/1241 1575/1575/1238
f 1574/1574/1237 1577/1577/1240 1578/1578/1241
f 1575/1575/1238 1578/1578/1241 1579/1579/1242
f 1567/1567/1232 1569/1569/1159 1580/1580/1243
f 1567/1567/1232 1580/1580/1243 1576/1576/1239
f 1576/1576/1239 1581/1581/1244 1577/1577/1240
f 1576/1576/1239 1580/1580/1243 1581/1581/1244
f 1580/1580/1243 1569/1569/1159 1582/1582/1245
f 1580/1580/1243 1582/1582/1245 1581/1581/1244
f 1569/1569/1159 1583/1583/1173 1582/1582/1245
f 1583/1583/1173 1584/1584/1174 1582/1582/1245
f 1582/1582/1245 1585/1585/1246 1581/1581/1244
f 1582/1582/1245 1584/1584/1174 1585/1585/1246
f 1584/1584/1174 1586/1586/1176 1585/1585/1246
f 1577/1577/1240 1587/1587/1247 1578/1578/1241
f 1577/1577/1240 1581/1581/1244 1587/1587/1247
f 1581/1581/1244 1585/1585/1246 1588/1588/1248
f 1581/1581/1244 1588/1588/1248 1587/1587/1247
f 1585/1585/1246 1586/1586/1176 1589/1589/1249
f 1585/1585/1246 1589/1589/1249 1588/1588/1248
f 1588/1588/1248 1590/1590/1250 1587/1587/1247
f 1588/1588/1248 1589/1589/1249 1590/1590/1250
f 1586/1586/1176 1591/1591/1181 1589/1589/1249
f 1589/1589/1249 1592/1592/1251 1590/1590/1250
f 1589/1589/1249 1591/1591/1181 1592/1592/1251
f 1591/1591/1181 1593/1593/1252 1592/1592/1251
f 1593/1593/1252 1594/1594/1253 1592/1592/1251
f 1592/1592/1251 1595/1595/1254 1590/1590/1250
f 1592/1592/1251 1594/1594/1253 1595/1595/1254
f 1594/1594/1253 1596/1596/1255 1595/1595/1254
f 1590/1590/1250 1597/1597/1256 1587/1587/1247
f 1590/1590/1250 1595/1595/1254 1597/1597/1256
f 1595/1595/1254 1596/1596/1255 1598/1598/1257
f 1595/1595/1254 1598/1598/1257 1597/1597/1256
f 1597/1597/1256 1599/1599/1258 1587/1587/1247
f 1578/1578/1241 1599/1599/1258 1579/1579/1242
f 1578/1578/1241 1587/1587/1247 1599/1599/1258
f 1597/1597/1256 1598/1598/1257 1599/1599/1258
f 1599/1599/1258 1600/1600/1259 1579/1579/1242
f 1599/1599/1258 1598/1598/1257 1600/1600/1259
f 1600/1600/1259 1598/1598/1257 1601/1601/1260
f 1601/1601/1260 1598/1598/1257 1602/1602/1261
f 1602/1602/1261 1598/1598/1257 1596/1596/1255
f 1603/1603/1262 1604/1604/1263 1605/1605/1264
f 1605/1605/1264 1604/1604/1263 1606/1606/1265
f 1606/1606/1265 1604/1604/1263 1607/1607/1266
f 1604/1604/1263 1608/1608/1267 1607/1607/1266
f 1607/1607/1266 1608/1608/1267 1609/1609/1268
f 1608/1608/1267 1610/1610/1269 1609/1609/1268
f 1609/1609/1268 1610/1610/1269 1611/1611/1270
f 1610/1610/1269 1612/1612/1271 1611/1611/1270
f 1609/1609/1268 1611/1611/1270 1613/1613/1272
f 1611/1611/1270 1612/1612/1271 1614/1614/1273
f 1611/1611/1270 1614/1614/1273 1613/1613/1272
f 1612/1612/1271 1615/1615/1274 1614/1614/1273
f 1615/1615/1274 1616/1616/1275 1614/1614/1273
f 1614/1614/1273 1617/1617/1276 1613/1613/1272
f 1613/1613/1272 1617/1617/1276 1618/1618/1277
f 1618/1618/1277 1617/1617/1276 1619/1619/1278
f 1614/1614/1273 1616/1616/1275 1620/1620/1279
f 1614/1614/1273 1620/1620/1279 1617/1617/1276
f 1616/1616/1275 1621/1621/1280 1620/1620/1279
f 1617/1617/1276 1622/1622/1281 1619/1619/1278
f 1617/1617/1276 1620/1620/1279 1623/1623/1282
f 1617/1617/1276 1623/1623/1282 1622/1622/1281
f 1620/1620/1279 1621/1621/1280 1624/1624/1283
f 1620/1620/1279 1624/1624/1283 1623/1623/1282
f 1624/1624/1283 1621/1621/1280 1625/1625/1284
f 1624/1624/1283 1625/1625/1284 1623/1623/1282
f 1623/1623/1282 1626/1626/1285 1622/1622/1281
f 1623/1623/1282 1625/1625/1284 1626/1626/1285
f 1621/1621/1280 1627/1627/1286 1625/1625/1284
f 1625/1625/1284 1628/1628/1287 1626/1626/1285
f 1625/1625/1284 1627/1627/1286 1628/1628/1287
f 1627/1627/1286 1629/1629/1288 1628/1628/1287
f 1629/1629/1288 1630/1630/1289 1628/1628/1287
f 1622/1622/1281 1631/1631/1290 1619/1619/1278
f 1619/1619/1278 1631/1631/1290 1632/1632/1291
f 1622/1622/1281 1626/1626/1285 1633/1633/1292
f 1622/1622/1281 1633/1633/1292 1631/1631/1290
f 1633/1633/1292 1626/1626/1285 1634/1634/1293
f 1634/1634/1293 1626/1626/1285 1635/1635/1294
f 1626/1626/1285 1628/1628/1287 1635/1635/1294
f 1628/1628/1287 1630/1630/1289 1636/1636/1295
f 1628/1628/1287 1636/1636/1295 1635/1635/1294
f 1635/1635/1294 1636/1636/1295 1637/1637/1296
f 1636/1636/1295 1630/1630/1289 1638/1638/1297
f 1636/1636/1295 1638/1638/1297 1637/1637/1296
f 1638/1638/1297 1639/1639/1298 1637/1637/1296
f 1637/1637/1296 1639/1639/1298 1640/1640/1299
f 1639/1639/1298 1641/1641/1300 1640/1640/1299
f 1640/1640/1299 1641/1641/1300 1642/1642/1301
f 1642/1642/1301 1641/1641/1300 1643/1643/1302
f 1643/1643/1302 1641/1641/1300 1644/1644/1303
f 1633/1633/1292 1645/1645/1304 1631/1631/1290
f 1631/1631/1290 1646/1646/1305 1632/1632/1291
f 1631/1631/1290 1645/1645/1304 1646/1646/1305
f 1646/1646/1305 1647/1647/1306 1632/1632/1291
f 1647/1647/1306 1646/1646/1305 1648/1648/1307
f 1647/1647/1306 1649/1649/1308 1632/1632/1291
f 1647/1647/1306 1648/1648/1307 1649/1649/1308
f 1632/1632/1291 1649/1649/1308 1650/1650/1309
f 1650/1650/1309 1649/1649/1308 1651/1651/1310
f 1649/1649/1308 1648/1648/1307 1652/1652/1311
f 1649/1649/1308 1653/1653/1312 1651/1651/1310
f 1649/1649/1308 1652/1652/1311 1653/1653/1312
f 1651/1651/1310 1653/1653/1312 1654/1654/1313
f 1653/1653/1312 1652/1652/1311 1655/1655/1314
f 1653/1653/1312 1656/1656/1315 1654/1654/1313
f 1653/1653/1312 1655/1655/1314 1656/1656/1315
f 1652/1652/1311 1648/1648/1307 1657/1657/1316
f 1652/1652/1311 1658/1658/1317 1655/1655/1314
f 1652/1652/1311 1657/1657/1316 1658/1658/1317
f 1648/1648/1307 1646/1646/1305 1659/1659/1318
f 1648/1648/1307 1660/1660/1319 1657/1657/1316
f 1648/1648/1307 1659/1659/1318 1660/1660/1319
f 1659/1659/1318 1646/1646/1305 1661/1661/1320
f 1659/1659/1318 1661/1661/1320 1660/1660/1319
f 1646/1646/1305 1645/1645/1304 1662/1662/1321
f 1646/1646/1305 1662/1662/1321 1661/1661/1320
f 1662/1662/1321 1645/1645/1304 1663/1663/1322
f 1662/1662/1321 1663/1663/1322 1661/1661/1320
f 1645/1645/1304 1664/1664/1323 1663/1663/1322
f 1664/1664/1323 1665/1665/1324 1663/1663/1322
f 1655/1655/1314 1666/1666/1325 1656/1656/1315
f 1655/1655/1314 1658/1658/1317 1667/1667/1326
f 1655/1655/1314 1667/1667/1326 1666/1666/1325
f 1657/1657/1316 1668/1668/1327 1669/1669/1328
f 1657/1657/1316 1660/1660/1319 1668/1668/1327
f 1657/1657/1316 1669/1669/1328 1658/1658/1317
f 1658/1658/1317 1670/1670/1329 1667/1667/1326
f 1658/1658/1317 1669/1669/1328 1670/1670/1329
f 1660/1660/1319 1661/1661/1320 1671/1671/1330
f 1660/1660/1319 1671/1671/1330 1668/1668/1327
f 1661/1661/1320 1663/1663/1322 1672/1672/1331
f 1661/1661/1320 1672/1672/1331 1671/1671/1330
f 1663/1663/1322 1665/1665/1324 1673/1673/1332
f 1663/1663/1322 1673/1673/1332 1672/1672/1331
f 1665/1665/1324 1674/1674/1333 1673/1673/1332
f 1656/1656/1315 1675/1675/1334 1654/1654/1313
f 1656/1656/1315 1666/1666/1325 1676/1676/1335
f 1656/1656/1315 1676/1676/1335 1675/1675/1334
f 1667/1667/1326 1670/1670/1329 1677/1677/1336
f 1667/1667/1326 1678/1678/1337 1666/1666/1325
f 1667/1667/1326 1677/1677/1336 1678/1678/1337
f 1666/1666/1325 1679/1679/1338 1676/1676/1335
f 1666/1666/1325 1678/1678/1337 1679/1679/1338
f 1678/1678/1337 1677/1677/1336 1680/1680/1339
f 1678/1678/1337 1680/1680/1339 1679/1679/1338
f 1669/1669/1328 1668/1668/1327 1681/1681/1340
f 1669/1669/1328 1682/1682/1341 1670/1670/1329
f 1669/1669/1328 1681/1681/1340 1682/1682/1341
f 1670/1670/1329 1683/1683/1342 1677/1677/1336
f 1670/1670/1329 1682/1682/1341 1683/1683/1342
f 1677/1677/1336 1684/1684/1343 1680/1680/1339
f 1677/1677/1336 1683/1683/1342 1684/1684/1343
f 1680/1680/1339 1685/1685/1344 1679/1679/1338
f 1680/1680/1339 1684/1684/1343 1685/1685/1344
f 1679/1679/1338 1686/1686/1345 1676/1676/1335
f 1679/1679/1338 1685/1685/1344 1686/1686/1345
f 1676/1676/1335 1687/1687/1346 1675/1675/1334
f 1676/1676/1335 1686/1686/1345 1687/1687/1346
f 1671/1671/1330 1672/1672/1331 1688/1688/1347
f 1672/1672/1331 1673/1673/1332 1689/1689/1348
f 1672/1672/1331 1689/1689/1348 1688/1688/1347
f 1673/1673/1332 1674/1674/1333 1690/1690/1349
f 1673/1673/1332 1690/1690/1349 1689/1689/1348
f 1671/1671/1330 1691/1691/1350 1668/1668/1327
f 1671/1671/1330 1688/1688/1347 1691/1691/1350
f 1682/1682/1341 1681/1681/1340 1692/1692/1351
f 1682/1682/1341 1693/1693/1352 1683/1683/1342
f 1682/1682/1341 1692/1692/1351 1693/1693/1352
f 1684/1684/1343 1683/1683/1342 1694/1694/1353
f 1694/1694/1353 1695/1695/1165 1684/1684/1343
f 1684/1684/1343 1695/1695/1165 1685/1685/1344
f 1685/1685/1344 1696/1696/1354 1686/1686/1345
f 1685/1685/1344 1695/1695/1165 1696/1696/1354
f 1696/1696/1354 1697/1697/1355 1686/1686/1345
f 1686/1686/1345 1697/1697/1355 1687/1687/1346
f 1697/1697/1355 1698/1698/1356 1687/1687/1346
f 1687/1687/1346 1699/1699/1357 1675/1675/1334
f 1687/1687/1346 1698/1698/1356 1699/1699/1357
f 1698/1698/1356 1700/1700/1358 1699/1699/1357
f 1694/1694/1353 1683/1683/1342 1701/1701/1190
f 1683/1683/1342 1693/1693/1352 1701/1701/1190
f 1701/1701/1190 1693/1693/1352 1702/1702/1359
f 1702/1702/1359 1693/1693/1352 1703/1703/1360
f 1693/1693/1352 1692/1692/1351 1703/1703/1360
f 1703/1703/1360 1692/1692/1351 1704/1704/1361
f 1704/1704/1361 1692/1692/1351 1705/1705/1362
f 1692/1692/1351 1681/1681/1340 1706/1706/1363
f 1692/1692/1351 1706/1706/1363 1705/1705/1362
f 1705/1705/1362 1706/1706/1363 1707/1707/1364
f 1681/1681/1340 1668/1668/1327 1708/1708/1365
f 1681/1681/1340 1708/1708/1365 1706/1706/1363
f 1706/1706/1363 1709/1709/1366 1707/1707/1364
f 1706/1706/1363 1708/1708/1365 1709/1709/1366
f 1709/1709/1366 1710/1710/1367 1707/1707/1364
f 1709/1709/1366 1708/1708/1365 1710/1710/1367
f 1708/1708/1365 1668/1668/1327 1711/1711/1368
f 1668/1668/1327 1691/1691/1350 1711/1711/1368
f 1708/1708/1365 1711/1711/1368 1710/1710/1367
f 1707/1707/1364 1710/1710/1367 1712/1712/1369
f 1710/1710/1367 1711/1711/1368 1713/1713/1370
f 1710/1710/1367 1713/1713/1370 1712/1712/1369
f 1712/1712/1369 1713/1713/1370 1714/1714/1371
f 1714/1714/1371 1713/1713/1370 1715/1715/1372
f 1711/1711/1368 1691/1691/1350 1716/1716/1373
f 1711/1711/1368 1716/1716/1373 1713/1713/1370
f 1713/1713/1370 1717/1717/1374 1715/1715/1372
f 1713/1713/1370 1716/1716/1373 1717/1717/1374
f 1715/1715/1372 1717/1717/1374 1718/1718/1375
f 1718/1718/1375 1717/1717/1374 1719/1719/1259
f 1717/1717/1374 1716/1716/1373 1720/1720/1376
f 1717/1717/1374 1720/1720/1376 1719/1719/1259
f 1719/1719/1259 1720/1720/1376 1721/1721/1377
f 1716/1716/1373 1691/1691/1350 1722/1722/1378
f 1716/1716/1373 1722/1722/1378 1720/1720/1376
f 1691/1691/1350 1688/1688/1347 1722/1722/1378
f 1720/1720/1376 1723/1723/1379 1721/1721/1377
f 1721/1721/1377 1723/1723/1379 1724/1724/1238
f 1720/1720/1376 1722/1722/1378 1725/1725/1380
f 1720/1720/1376 1725/1725/1380 1723/1723/1379
f 1722/1722/1378 1688/1688/1347 1726/1726/1381
f 1722/1722/1378 1726/1726/1381 1725/1725/1380
f 1688/1688/1347 1689/1689/1348 1726/1726/1381
f 1723/1723/1379 1727/1727/1382 1724/1724/1238
f 1724/1724/1238 1727/1727/1382 1728/1728/1383
f 1723/1723/1379 1725/1725/1380 1729/1729/1384
f 1723/1723/1379 1729/1729/1384 1727/1727/1382
f 1725/1725/1380 1726/1726/1381 1730/1730/1385
f 1725/1725/1380 1730/1730/1385 1729/1729/1384
f 1729/1729/1384 1731/1731/1386 1727/1727/1382
f 1729/1729/1384 1730/1730/1385 1731/1731/1386
f 1730/1730/1385 1726/1726/1381 1732/1732/1387
f 1726/1726/1381 1689/1689/1348 1732/1732/1387
f 1730/1730/1385 1732/1732/1387 1731/1731/1386
f 1689/1689/1348 1690/1690/1349 1732/1732/1387
f 1732/1732/1387 1733/1733/1388 1731/1731/1386
f 1732/1732/1387 1690/1690/1349 1733/1733/1388
f 1731/1731/1386 1734/1734/1389 1727/1727/1382
f 1727/1727/1382 1734/1734/1389 1728/1728/1383
f 1731/1731/1386 1733/1733/1388 1734/1734/1389
f 1728/1728/1383 1734/1734/1389 1735/1735/1390
f 1734/1734/1389 1733/1733/1388 1736/1736/1391
f 1734/1734/1389 1736/1736/1391 1735/1735/1390
f 1735/1735/1390 1736/1736/1391 1737/1737/1392
f 1733/1733/1388 1690/1690/1349 1738/1738/1393
f 1733/1733/1388 1738/1738/1393 1736/1736/1391
f 1736/1736/1391 1739/1739/1394 1737/1737/1392
f 1736/1736/1391 1738/1738/1393 1739/1739/1394
f 1737/1737/1392 1739/1739/1394 1740/1740/1395
f 1690/1690/1349 1674/1674/1333 1738/1738/1393
f 1738/1738/1393 1741/1741/1396 1739/1739/1394
f 1738/1738/1393 1674/1674/1333 1741/1741/1396
f 1674/1674/1333 1742/1742/1397 1741/1741/1396
f 1739/1739/1394 1743/1743/1398 1740/1740/1395
f 1739/1739/1394 1741/1741/1396 1743/1743/1398
f 1741/1741/1396 1742/1742/1397 1744/1744/1399
f 1741/1741/1396 1744/1744/1399 1743/1743/1398
f 1742/1742/1397 1745/1745/1400 1744/1744/1399
f 1740/1740/1395 1743/1743/1398 1746/1746/1401
f 1743/1743/1398 1744/1744/1399 1747/1747/1402
f 1743/1743/1398 1747/1747/1402 1746/1746/1401
f 1746/1746/1401 1747/1747/1402 1748/1748/1403
f 1744/1744/1399 1745/1745/1400 1749/1749/1404
f 1744/1744/1399 1749/1749/1404 1747/1747/1402
f 1745/1745/1400 1750/1750/1405 1749/1749/1404
f 1750/1750/1405 1751/1751/1406 1749/1749/1404
f 1749/1749/1404 1752/1752/1407 1747/1747/1402
f 1749/1749/1404 1751/1751/1406 1752/1752/1407
f 1751/1751/1406 1753/1753/1408 1752/1752/1407
f 1747/1747/1402 1754/1754/1409 1748/1748/1403
f 1747/1747/1402 1752/1752/1407 1754/1754/1409
f 1752/1752/1407 1753/1753/1408 1755/1755/1410
f 1752/1752/1407 1755/1755/1410 1754/1754/1409
f 1754/1754/1409 1756/1756/1411 1748/1748/1403
f 1754/1754/1409 1755/1755/1410 1756/1756/1411
f 1748/1748/1403 1756/1756/1411 1757/1757/1213
f 1757/1757/1213 1756/1756/1411 1758/1758/1412
f 1755/1755/1410 1753/1753/1408 1759/1759/1413
f 1753/1753/1408 1760/1760/1414 1759/1759/1413
f 1755/1755/1410 1761/1761/1415 1756/1756/1411
f 1755/1755/1410 1759/1759/1413 1761/1761/1415
f 1756/1756/1411 1762/1762/1416 1758/1758/1412
f 1756/1756/1411 1761/1761/1415 1762/1762/1416
f 1758/1758/1412 1762/1762/1416 1763/1763/1203
f 1759/1759/1413 1760/1760/1414 1764/1764/1417
f 1760/1760/1414 1765/1765/1418 1764/1764/1417
f 1759/1759/1413 1766/1766/1419 1761/1761/1415
f 1759/1759/1413 1764/1764/1417 1766/1766/1419
f 1761/1761/1415 1767/1767/1420 1762/1762/1416
f 1761/1761/1415 1766/1766/1419 1767/1767/1420
f 1762/1762/1416 1768/1768/1421 1763/1763/1203
f 1762/1762/1416 1767/1767/1420 1768/1768/1421
f 1763/1763/1203 1768/1768/1421 1769/1769/1195
f 1764/1764/1417 1765/1765/1418 1770/1770/1422
f 1765/1765/1418 1771/1771/1423 1770/1770/1422
f 1764/1764/1417 1772/1772/1424 1766/1766/1419
f 1764/1764/1417 1770/1770/1422 1772/1772/1424
f 1766/1766/1419 1773/1773/1425 1767/1767/1420
f 1766/1766/1419 1772/1772/1424 1773/1773/1425
f 1767/1767/1420 1774/1774/1426 1768/1768/1421
f 1767/1767/1420 1773/1773/1425 1774/1774/1426
f 1768/1768/1421 1775/1775/1427 1769/1769/1195
f 1768/1768/1421 1774/1774/1426 1775/1775/1427
f 1769/1769/1195 1775/1775/1427 1776/1776/1428
f 1775/1775/1427 1774/1774/1426 1777/1777/1429
f 1775/1775/1427 1777/1777/1429 1776/1776/1428
f 1776/1776/1428 1777/1777/1429 1778/1778/1111
f 1778/1778/1111 1777/1777/1429 1779/1779/1430
f 1779/1779/1430 1777/1777/1429 1780/1780/1431
f 1777/1777/1429 1774/1774/1426 1781/1781/1432
f 1777/1777/1429 1781/1781/1432 1780/1780/1431
f 1781/1781/1432 1774/1774/1426 1782/1782/1433
f 1774/1774/1426 1773/1773/1425 1782/1782/1433
f 1781/1781/1432 1782/1782/1433 1780/1780/1431
f 1780/1780/1431 1782/1782/1433 1783/1783/1434
f 1773/1773/1425 1772/1772/1424 1784/1784/1435
f 1773/1773/1425 1784/1784/1435 1782/1782/1433
f 1782/1782/1433 1785/1785/1436 1783/1783/1434
f 1782/1782/1433 1784/1784/1435 1785/1785/1436
f 1783/1783/1434 1785/1785/1436 1786/1786/1437
f 1772/1772/1424 1770/1770/1422 1787/1787/1438
f 1772/1772/1424 1787/1787/1438 1784/1784/1435
f 1784/1784/1435 1788/1788/1439 1785/1785/1436
f 1784/1784/1435 1787/1787/1438 1788/1788/1439
f 1785/1785/1436 1789/1789/1440 1786/1786/1437
f 1785/1785/1436 1788/1788/1439 1789/1789/1440
f 1786/1786/1437 1789/1789/1440 1790/1790/1441
f 1770/1770/1422 1771/1771/1423 1791/1791/1442
f 1770/1770/1422 1791/1791/1442 1787/1787/1438
f 1787/1787/1438 1792/1792/1443 1788/1788/1439
f 1787/1787/1438 1791/1791/1442 1792/1792/1443
f 1788/1788/1439 1793/1793/1444 1789/1789/1440
f 1788/1788/1439 1792/1792/1443 1793/1793/1444
f 1789/1789/1440 1794/1794/1445 1790/1790/1441
f 1789/1789/1440 1793/1793/1444 1794/1794/1445
f 1790/1790/1441 1794/1794/1445 1795/1795/1446
f 1771/1771/1423 1796/1796/1447 1791/1791/1442
f 1791/1791/1442 1797/1797/1448 1792/1792/1443
f 1791/1791/1442 1796/1796/1447 1797/1797/1448
f 1796/1796/1447 1798/1798/1449 1797/1797/1448
f 1798/1798/1449 1799/1799/1450 1797/1797/1448
f 1799/1799/1450 1800/1800/1451 1797/1797/1448
f 1797/1797/1448 1801/1801/1452 1792/1792/1443
f 1792/1792/1443 1801/1801/1452 1793/1793/1444
f 1797/1797/1448 1800/1800/1451 1801/1801/1452
f 1800/1800/1451 1802/1802/1453 1801/1801/1452
f 1801/1801/1452 1803/1803/1454 1793/1793/1444
f 1793/1793/1444 1803/1803/1454 1794/1794/1445
f 1801/1801/1452 1802/1802/1453 1803/1803/1454
f 1803/1803/1454 1804/1804/1455 1794/1794/1445
f 1794/1794/1445 1804/1804/1455 1795/1795/1446
f 1803/1803/1454 1802/1802/1453 1804/1804/1455
f 1802/1802/1453 1805/1805/1456 1804/1804/1455
f 1805/1805/1456 1806/1806/1457 1804/1804/1455
f 1804/1804/1455 1807/1807/1458 1795/1795/1446
f 1807/1807/1458 1804/1804/1455 1806/1806/1457
f 1654/1654/1313 1675/1675/1334 1808/1808/1459
f 1675/1675/1334 1699/1699/1357 1808/1808/1459
f 1654/1654/1313 1808/1808/1459 1809/1809/1460
f 1808/1808/1459 1699/1699/1357 1810/1810/1461
f 1699/1699/1357 1700/1700/1358 1810/1810/1461
f 1700/1700/1358 1811/1811/1462 1810/1810/1461
f 1808/1808/1459 1812/1812/1463 1809/1809/1460
f 1808/1808/1459 1810/1810/1461 1812/1812/1463
f 1810/1810/1461 1811/1811/1462 1813/1813/1464
f 1810/1810/1461 1813/1813/1464 1812/1812/1463
f 1811/1811/1462 1814/1814/1465 1813/1813/1464
f 1809/1809/1460 1812/1812/1463 1815/1815/1466
f 1812/1812/1463 1813/1813/1464 1816/1816/1467
f 1812/1812/1463 1816/1816/1467 1815/1815/1466
f 1815/1815/1466 1816/1816/1467 1817/1817/1468
f 1817/1817/1468 1816/1816/1467 1818/1818/1469
f 1816/1816/1467 1813/1813/1464 1819/1819/1470
f 1816/1816/1467 1819/1819/1470 1818/1818/1469
f 1818/1818/1469 1819/1819/1470 1820/1820/1471
f 1813/1813/1464 1814/1814/1465 1821/1821/1472
f 1813/1813/1464 1821/1821/1472 1819/1819/1470
f 1819/1819/1470 1822/1822/1473 1820/1820/1471
f 1819/1819/1470 1821/1821/1472 1822/1822/1473
f 1821/1821/1472 1814/1814/1465 1823/1823/1474
f 1821/1821/1472 1823/1823/1474 1822/1822/1473
f 1814/1814/1465 1824/1824/1137 1823/1823/1474
f 1824/1824/1137 1825/1825/1475 1823/1823/1474
f 1822/1822/1473 1826/1826/1476 1820/1820/1471
f 1820/1820/1471 1826/1826/1476 1827/1827/1477
f 1822/1822/1473 1823/1823/1474 1828/1828/1478
f 1822/1822/1473 1828/1828/1478 1826/1826/1476
f 1823/1823/1474 1825/1825/1475 1829/1829/1479
f 1823/1823/1474 1829/1829/1479 1828/1828/1478
f 1825/1825/1475 1830/1830/1126 1829/1829/1479
f 1826/1826/1476 1831/1831/1480 1827/1827/1477
f 1827/1827/1477 1831/1831/1480 1832/1832/1481
f 1826/1826/1476 1828/1828/1478 1833/1833/1482
f 1826/1826/1476 1833/1833/1482 1831/1831/1480
f 1828/1828/1478 1829/1829/1479 1834/1834/1483
f 1828/1828/1478 1834/1834/1483 1833/1833/1482
f 1829/1829/1479 1830/1830/1126 1835/1835/1484
f 1829/1829/1479 1835/1835/1484 1834/1834/1483
f 1830/1830/1126 1836/1836/1115 1835/1835/1484
f 1831/1831/1480 1837/1837/1485 1832/1832/1481
f 1832/1832/1481 1837/1837/1485 1838/1838/1486
f 1831/1831/1480 1833/1833/1482 1839/1839/1487
f 1831/1831/1480 1839/1839/1487 1837/1837/1485
f 1833/1833/1482 1834/1834/1483 1840/1840/1488
f 1833/1833/1482 1840/1840/1488 1839/1839/1487
f 1834/1834/1483 1835/1835/1484 1841/1841/1489
f 1834/1834/1483 1841/1841/1489 1840/1840/1488
f 1835/1835/1484 1836/1836/1115 1842/1842/1490
f 1835/1835/1484 1842/1842/1490 1841/1841/1489
f 1836/1836/1115 1843/1843/1491 1842/1842/1490
f 1842/1842/1490 1844/1844/1492 1841/1841/1489
f 1842/1842/1490 1843/1843/1491 1844/1844/1492
f 1843/1843/1491 1845/1845/1111 1844/1844/1492
f 1845/1845/1111 1846/1846/1430 1844/1844/1492
f 1846/1846/1430 1847/1847/1431 1844/1844/1492
f 1844/1844/1492 1848/1848/1493 1841/1841/1489
f 1844/1844/1492 1847/1847/1431 1848/1848/1493
f 1848/1848/1493 1849/1849/1494 1841/1841/1489
f 1841/1841/1489 1849/1849/1494 1840/1840/1488
f 1848/1848/1493 1847/1847/1431 1849/1849/1494
f 1847/1847/1431 1850/1850/1434 1849/1849/1494
f 1840/1840/1488 1851/1851/1495 1839/1839/1487
f 1840/1840/1488 1849/1849/1494 1851/1851/1495
f 1849/1849/1494 1850/1850/1434 1852/1852/1496
f 1849/1849/1494 1852/1852/1496 1851/1851/1495
f 1850/1850/1434 1853/1853/1437 1852/1852/1496
f 1839/1839/1487 1854/1854/1497 1837/1837/1485
f 1839/1839/1487 1851/1851/1495 1854/1854/1497
f 1851/1851/1495 1852/1852/1496 1855/1855/1498
f 1851/1851/1495 1855/1855/1498 1854/1854/1497
f 1852/1852/1496 1853/1853/1437 1856/1856/1499
f 1852/1852/1496 1856/1856/1499 1855/1855/1498
f 1853/1853/1437 1857/1857/1441 1856/1856/1499
f 1837/1837/1485 1858/1858/1500 1838/1838/1486
f 1837/1837/1485 1854/1854/1497 1858/1858/1500
f 1854/1854/1497 1855/1855/1498 1859/1859/1501
f 1854/1854/1497 1859/1859/1501 1858/1858/1500
f 1855/1855/1498 1856/1856/1499 1860/1860/1502
f 1855/1855/1498 1860/1860/1502 1859/1859/1501
f 1856/1856/1499 1857/1857/1441 1861/1861/1503
f 1856/1856/1499 1861/1861/1503 1860/1860/1502
f 1857/1857/1441 1862/1862/1446 1861/1861/1503
f 1838/1838/1486 1858/1858/1500 1863/1863/1504
f 1858/1858/1500 1859/1859/1501 1864/1864/1505
f 1858/1858/1500 1864/1864/1505 1863/1863/1504
f 1863/1863/1504 1864/1864/1505 1865/1865/1506
f 1865/1865/1506 1864/1864/1505 1866/1866/1507
f 1866/1866/1507 1864/1864/1505 1867/1867/1508
f 1864/1864/1505 1859/1859/1501 1868/1868/1509
f 1859/1859/1501 1860/1860/1502 1868/1868/1509
f 1864/1864/1505 1868/1868/1509 1867/1867/1508
f 1867/1867/1508 1868/1868/1509 1869/1869/1510
f 1868/1868/1509 1860/1860/1502 1870/1870/1511
f 1860/1860/1502 1861/1861/1503 1870/1870/1511
f 1868/1868/1509 1870/1870/1511 1869/1869/1510
f 1870/1870/1511 1861/1861/1503 1871/1871/1512
f 1861/1861/1503 1862/1862/1446 1871/1871/1512
f 1870/1870/1511 1871/1871/1512 1869/1869/1510
f 1869/1869/1510 1871/1871/1512 1872/1872/1513
f 1872/1872/1513 1871/1871/1512 1873/1873/1457
f 1873/1873/1457 1871/1871/1512 1874/1874/1514
f 1874/1874/1514 1871/1871/1512 1862/1862/1446
f 1875/1875/1515 1876/1876/1516 1877/1877/1517
f 1875/1875/1515 1878/1878/1518 1876/1876/1516
f 1875/1875/1515 1877/1877/1517 1879/1879/1519
f 1875/1875/1515 1880/1880/1520 1878/1878/1518
f 1875/1875/1515 1879/1879/1519 1881/1881/1521
f 1875/1875/1515 1882/1882/1522 1880/1880/1520
f 1875/1875/1515 1881/1881/1521 1883/1883/1523
f 1875/1875/1515 1883/1883/1523 1882/1882/1522
f 1876/1876/1516 1884/1884/1524 1877/1877/1517
f 1876/1876/1516 1885/1885/1525 1884/1884/1524
f 1876/1876/1516 1886/1886/1526 1885/1885/1525
f 1878/1878/1518 1880/1880/1520 1887/1887/1527
f 1879/1879/1519 1877/1877/1517 1888/1888/1528
f 1882/1882/1522 1889/1889/1529 1880/1880/1520
f 1884/1884/1524 1885/1885/1525 1890/1890/1530
f 1884/1884/1524 1891/1891/1531 1877/1877/1517
f 1884/1884/1524 1890/1890/1530 1891/1891/1531
f 1877/1877/1517 1891/1891/1531 1888/1888/1528
f 1886/1886/1526 1892/1892/1532 1885/1885/1525
f 1886/1886/1526 1893/1893/1533 1892/1892/1532
f 1887/1887/1527 1880/1880/1520 1894/1894/1534
f 1887/1887/1527 1894/1894/1534 1895/1895/1535
f 1880/1880/1520 1889/1889/1529 1894/1894/1534
f 1890/1890/1530 1896/1896/1536 1891/1891/1531
f 1890/1890/1530 1885/1885/1525 1897/1897/1537
f 1890/1890/1530 1898/1898/1538 1896/1896/1536
f 1890/1890/1530 1897/1897/1537 1898/1898/1538
f 1888/1888/1528 1891/1891/1531 1899/1899/1539
f 1893/1893/1533 1900/1900/1540 1892/1892/1532
f 1893/1893/1533 1901/1901/1541 1900/1900/1540
f 1895/1895/1535 1894/1894/1534 1902/1902/1542
f 1895/1895/1535 1902/1902/1542 1903/1903/1543
f 1889/1889/1529 1904/1904/1544 1894/1894/1534
f 1894/1894/1534 1904/1904/1544 1902/1902/1542
f 1885/1885/1525 1905/1905/1545 1897/1897/1537
f 1885/1885/1525 1892/1892/1532 1905/1905/1545
f 1896/1896/1536 1906/1906/1546 1891/1891/1531
f 1891/1891/1531 1906/1906/1546 1899/1899/1539
f 1898/1898/1538 1897/1897/1537 1907/1907/1547
f 1901/1901/1541 1908/1908/1548 1900/1900/1540
f 1901/1901/1541 1909/1909/1549 1908/1908/1548
f 1901/1901/1541 1910/1910/1550 1909/1909/1549
f 1903/1903/1543 1902/1902/1542 1911/1911/1551
f 1903/1903/1543 1911/1911/1551 1912/1912/1552
f 1903/1903/1543 1912/1912/1552 1913/1913/1553
f 1904/1904/1544 1914/1914/1554 1902/1902/1542
f 1902/1902/1542 1914/1914/1554 1911/1911/1551
f 1892/1892/1532 1915/1915/1555 1905/1905/1545
f 1892/1892/1532 1900/1900/1540 1915/1915/1555
f 1897/1897/1537 1916/1916/1556 1907/1907/1547
f 1897/1897/1537 1905/1905/1545 1916/1916/1556
f 1908/1908/1548 1909/1909/1549 1917/1917/1557
f 1908/1908/1548 1918/1918/1558 1900/1900/1540
f 1908/1908/1548 1917/1917/1557 1918/1918/1558
f 1900/1900/1540 1918/1918/1558 1915/1915/1555
f 1910/1910/1550 1919/1919/1559 1909/1909/1549
f 1912/1912/1552 1920/1920/1560 1913/1913/1553
f 1912/1912/1552 1911/1911/1551 1921/1921/1561
f 1912/1912/1552 1921/1921/1561 1920/1920/1560
f 1921/1921/1561 1911/1911/1551 1914/1914/1554
f 1907/1907/1547 1916/1916/1556 1922/1922/1562
f 1907/1907/1547 1922/1922/1562 1923/1923/1563
f 1905/1905/1545 1915/1915/1555 1924/1924/1564
f 1905/1905/1545 1925/1925/1565 1916/1916/1556
f 1905/1905/1545 1924/1924/1564 1925/1925/1565
f 1917/1917/1557 1926/1926/1566 1918/1918/1558
f 1917/1917/1557 1909/1909/1549 1926/1926/1566
f 1909/1909/1549 1919/1919/1559 1926/1926/1566
f 1913/1913/1553 1920/1920/1560 1927/1927/1567
f 1922/1922/1562 1928/1928/1568 1923/1923/1563
f 1922/1922/1562 1916/1916/1556 1929/1929/1569
f 1922/1922/1562 1930/1930/1570 1928/1928/1568
f 1922/1922/1562 1929/1929/1569 1930/1930/1570
f 1915/1915/1555 1931/1931/1571 1924/1924/1564
f 1915/1915/1555 1918/1918/1558 1931/1931/1571
f 1926/1926/1566 1919/1919/1559 1931/1931/1571
f 1926/1926/1566 1931/1931/1571 1918/1918/1558
f 1925/1925/1565 1932/1932/1572 1916/1916/1556
f 1925/1925/1565 1924/1924/1564 1933/1933/1573
f 1925/1925/1565 1934/1934/1574 1932/1932/1572
f 1925/1925/1565 1933/1933/1573 1934/1934/1574
f 1932/1932/1572 1929/1929/1569 1916/1916/1556
f 1923/1923/1563 1928/1928/1568 1935/1935/1575
f 1930/1930/1570 1936/1936/1576 1928/1928/1568
f 1919/1919/1559 1937/1937/1577 1931/1931/1571
f 1937/1937/1577 1924/1924/1564 1931/1931/1571
f 1937/1937/1577 1933/1933/1573 1924/1924/1564
f 1935/1935/1575 1928/1928/1568 1938/1938/1578
f 1935/1935/1575 1938/1938/1578 1939/1939/1579
f 1938/1938/1578 1928/1928/1568 1936/1936/1576
f 1940/1940/1580 1941/1941/1581 1942/1942/1582
f 1940/1940/1580 1943/1943/1583 1941/1941/1581
f 1940/1940/1580 1942/1942/1582 1944/1944/1584
f 1940/1940/1580 1945/1945/1585 1943/1943/1583
f 1940/1940/1580 1944/1944/1584 1946/1946/1586
f 1940/1940/1580 1947/1947/1523 1945/1945/1585
f 1940/1940/1580 1946/1946/1586 1948/1948/1522
f 1940/1940/1580 1948/1948/1522 1947/1947/1523
f 1941/1941/1581 1949/1949/1587 1942/1942/1582
f 1941/1941/1581 1943/1943/1583 1950/1950/1588
f 1941/1941/1581 1951/1951/1589 1949/1949/1587
f 1941/1941/1581 1950/1950/1588 1951/1951/1589
f 1944/1944/1584 1952/1952/1590 1946/1946/1586
f 1948/1948/1522 1946/1946/1586 1953/1953/1529
f 1942/1942/1582 1949/1949/1587 1954/1954/1591
f 1942/1942/1582 1954/1954/1591 1955/1955/1592
f 1950/1950/1588 1956/1956/1593 1951/1951/1589
f 1952/1952/1590 1957/1957/1594 1946/1946/1586
f 1952/1952/1590 1958/1958/1595 1957/1957/1594
f 1946/1946/1586 1957/1957/1594 1953/1953/1529
f 1949/1949/1587 1959/1959/1596 1954/1954/1591
f 1949/1949/1587 1951/1951/1589 1959/1959/1596
f 1955/1955/1592 1954/1954/1591 1960/1960/1597
f 1955/1955/1592 1960/1960/1597 1961/1961/1598
f 1956/1956/1593 1962/1962/1599 1951/1951/1589
f 1958/1958/1595 1963/1963/1600 1957/1957/1594
f 1958/1958/1595 1964/1964/1601 1963/1963/1600
f 1953/1953/1529 1957/1957/1594 1965/1965/1544
f 1957/1957/1594 1963/1963/1600 1965/1965/1544
f 1959/1959/1596 1966/1966/1602 1954/1954/1591
f 1959/1959/1596 1951/1951/1589 1967/1967/1603
f 1959/1959/1596 1968/1968/1604 1966/1966/1602
f 1959/1959/1596 1967/1967/1603 1968/1968/1604
f 1967/1967/1603 1951/1951/1589 1962/1962/1599
f 1960/1960/1597 1969/1969/1605 1961/1961/1598
f 1960/1960/1597 1954/1954/1591 1970/1970/1606
f 1960/1960/1597 1971/1971/1607 1969/1969/1605
f 1960/1960/1597 1970/1970/1606 1971/1971/1607
f 1954/1954/1591 1966/1966/1602 1970/1970/1606
f 1964/1964/1601 1972/1972/1608 1963/1963/1600
f 1964/1964/1601 1973/1973/1609 1972/1972/1608
f 1964/1964/1601 1974/1974/1610 1973/1973/1609
f 1965/1965/1544 1963/1963/1600 1975/1975/1554
f 1963/1963/1600 1972/1972/1608 1975/1975/1554
f 1968/1968/1604 1976/1976/1611 1966/1966/1602
f 1961/1961/1598 1969/1969/1605 1977/1977/1612
f 1971/1971/1607 1970/1970/1606 1978/1978/1613
f 1971/1971/1607 1979/1979/1614 1969/1969/1605
f 1971/1971/1607 1978/1978/1613 1980/1980/1615
f 1971/1971/1607 1980/1980/1615 1979/1979/1614
f 1974/1974/1610 1981/1981/1560 1973/1973/1609
f 1974/1974/1610 1982/1982/1567 1981/1981/1560
f 1972/1972/1608 1983/1983/1561 1975/1975/1554
f 1972/1972/1608 1973/1973/1609 1983/1983/1561
f 1983/1983/1561 1973/1973/1609 1981/1981/1560
f 1976/1976/1611 1984/1984/1616 1966/1966/1602
f 1976/1976/1611 1985/1985/1617 1984/1984/1616
f 1976/1976/1611 1986/1986/1618 1985/1985/1617
f 1966/1966/1602 1984/1984/1616 1970/1970/1606
f 1977/1977/1612 1969/1969/1605 1987/1987/1619
f 1977/1977/1612 1987/1987/1619 1988/1988/1620
f 1977/1977/1612 1988/1988/1620 1989/1989/1621
f 1969/1969/1605 1979/1979/1614 1987/1987/1619
f 1978/1978/1613 1990/1990/1622 1980/1980/1615
f 1978/1978/1613 1970/1970/1606 1991/1991/1623
f 1978/1978/1613 1992/1992/1624 1990/1990/1622
f 1978/1978/1613 1991/1991/1623 1992/1992/1624
f 1970/1970/1606 1984/1984/1616 1991/1991/1623
f 1986/1986/1618 1993/1993/1625 1985/1985/1617
f 1986/1986/1618 1994/1994/1626 1993/1993/1625
f 1988/1988/1620 1995/1995/1627 1989/1989/1621
f 1988/1988/1620 1987/1987/1619 1996/1996/1628
f 1988/1988/1620 1997/1997/1629 1995/1995/1627
f 1988/1988/1620 1996/1996/1628 1997/1997/1629
f 1997/1997/1629 1979/1979/1614 1980/1980/1615
f 1997/1997/1629 1980/1980/1615 1995/1995/1627
f 1997/1997/1629 1996/1996/1628 1979/1979/1614
f 1979/1979/1614 1996/1996/1628 1987/1987/1619
f 1995/1995/1627 1980/1980/1615 1990/1990/1622
f 1992/1992/1624 1991/1991/1623 1998/1998/1630
f 1984/1984/1616 1985/1985/1617 1999/1999/1631
f 1984/1984/1616 2000/2000/1632 1991/1991/1623
f 1984/1984/1616 1999/1999/1631 2000/2000/1632
f 2000/2000/1632 1998/1998/1630 1991/1991/1623
f 1994/1994/1626 2001/2001/1372 1993/1993/1625
f 1994/1994/1626 2002/2002/1371 2001/2001/1372
f 1985/1985/1617 2003/2003/1633 1999/1999/1631
f 1985/1985/1617 1993/1993/1625 2003/2003/1633
f 2001/2001/1372 2004/2004/1260 1993/1993/1625
f 1993/1993/1625 2004/2004/1260 2003/2003/1633
f 2005/2005/1634 2006/2006/1635 2007/2007/1636
f 2005/2005/1634 2008/2008/1637 2006/2006/1635
f 2005/2005/1634 2007/2007/1636 2009/2009/1638
f 2005/2005/1634 2010/2010/1639 2008/2008/1637
f 2005/2005/1634 2009/2009/1638 2011/2011/1640
f 2005/2005/1634 2012/2012/1641 2010/2010/1639
f 2005/2005/1634 2011/2011/1640 2012/2012/1641
f 2006/2006/1635 2013/2013/1570 2007/2007/1636
f 2006/2006/1635 2008/2008/1637 2014/2014/1642
f 2006/2006/1635 2015/2015/1643 2013/2013/1570
f 2006/2006/1635 2014/2014/1642 2015/2015/1643
f 2009/2009/1638 2016/2016/1574 2011/2011/1640
f 2010/2010/1639 2012/2012/1641 2017/2017/1644
f 2010/2010/1639 2018/2018/1645 2008/2008/1637
f 2010/2010/1639 2017/2017/1644 2019/2019/1646
f 2010/2010/1639 2019/2019/1646 2018/2018/1645
f 2013/2013/1570 2015/2015/1643 2020/2020/1191
f 2014/2014/1642 2021/2021/1647 2015/2015/1643
f 2016/2016/1574 2022/2022/1648 2011/2011/1640
f 2012/2012/1641 2023/2023/1649 2017/2017/1644
f 2012/2012/1641 2011/2011/1640 2024/2024/1650
f 2012/2012/1641 2025/2025/1651 2023/2023/1649
f 2012/2012/1641 2024/2024/1650 2025/2025/1651
f 2011/2011/1640 2022/2022/1648 2024/2024/1650
f 2019/2019/1646 2026/2026/1652 2018/2018/1645
f 2019/2019/1646 2017/2017/1644 2027/2027/1653
f 2019/2019/1646 2028/2028/1654 2026/2026/1652
f 2019/2019/1646 2027/2027/1653 2028/2028/1654
f 2020/2020/1191 2015/2015/1643 2029/2029/1655
f 2015/2015/1643 2021/2021/1647 2029/2029/1655
f 2023/2023/1649 2025/2025/1651 2030/2030/1656
f 2023/2023/1649 2031/2031/1657 2017/2017/1644
f 2023/2023/1649 2030/2030/1656 2032/2032/1658
f 2023/2023/1649 2032/2032/1658 2031/2031/1657
f 2022/2022/1648 2033/2033/1577 2024/2024/1650
f 2026/2026/1652 2028/2028/1654 2034/2034/1659
f 2027/2027/1653 2017/2017/1644 2035/2035/1516
f 2027/2027/1653 2036/2036/1660 2028/2028/1654
f 2027/2027/1653 2035/2035/1516 2036/2036/1660
f 2017/2017/1644 2031/2031/1657 2035/2035/1516
f 2021/2021/1647 2037/2037/1661 2029/2029/1655
f 2025/2025/1651 2038/2038/1662 2030/2030/1656
f 2025/2025/1651 2024/2024/1650 2039/2039/1663
f 2025/2025/1651 2039/2039/1663 2038/2038/1662
f 2024/2024/1650 2033/2033/1577 2039/2039/1663
f 2032/2032/1658 2030/2030/1656 2040/2040/1664
f 2034/2034/1659 2028/2028/1654 2041/2041/1665
f 2036/2036/1660 2035/2035/1516 2042/2042/1666
f 2036/2036/1660 2043/2043/1667 2028/2028/1654
f 2036/2036/1660 2042/2042/1666 2044/2044/1668
f 2036/2036/1660 2045/2045/1669 2043/2043/1667
f 2036/2036/1660 2044/2044/1668 2045/2045/1669
f 2043/2043/1667 2041/2041/1665 2028/2028/1654
f 2038/2038/1662 2039/2039/1663 2046/2046/1670
f 2038/2038/1662 2047/2047/1671 2030/2030/1656
f 2038/2038/1662 2046/2046/1670 2048/2048/1672
f 2038/2038/1662 2048/2048/1672 2047/2047/1671
f 2030/2030/1656 2047/2047/1671 2040/2040/1664
f 2033/2033/1577 2049/2049/1559 2039/2039/1663
f 2039/2039/1663 2049/2049/1559 2046/2046/1670
f 2035/2035/1516 2050/2050/1673 2042/2042/1666
f 2044/2044/1668 2042/2042/1666 2051/2051/1674
f 2048/2048/1672 2052/2052/1675 2047/2047/1671
f 2048/2048/1672 2046/2046/1670 2052/2052/1675
f 2046/2046/1670 2049/2049/1559 2052/2052/1675
f 2047/2047/1671 2052/2052/1675 2040/2040/1664
f 2050/2050/1673 2053/2053/1676 2042/2042/1666
f 2050/2050/1673 2054/2054/1677 2053/2053/1676
f 2051/2051/1674 2042/2042/1666 2055/2055/1678
f 2042/2042/1666 2053/2053/1676 2055/2055/1678
f 2049/2049/1559 2056/2056/1679 2052/2052/1675
f 2052/2052/1675 2056/2056/1679 2040/2040/1664
f 2054/2054/1677 2057/2057/1680 2053/2053/1676
f 2054/2054/1677 2058/2058/1681 2057/2057/1680
f 2055/2055/1678 2053/2053/1676 2059/2059/1682
f 2053/2053/1676 2057/2057/1680 2059/2059/1682
f 2058/2058/1681 2060/2060/1683 2057/2057/1680
f 2058/2058/1681 2061/2061/1684 2060/2060/1683
f 2059/2059/1682 2057/2057/1680 2062/2062/1685
f 2057/2057/1680 2060/2060/1683 2062/2062/1685
f 2061/2061/1684 2063/2063/1686 2060/2060/1683
f 2061/2061/1684 2064/2064/1687 2063/2063/1686
f 2061/2061/1684 2065/2065/1553 2064/2064/1687
f 2062/2062/1685 2060/2060/1683 2066/2066/1688
f 2060/2060/1683 2063/2063/1686 2066/2066/1688
f 2065/2065/1553 2067/2067/1689 2064/2064/1687
f 2065/2065/1553 2068/2068/1567 2067/2067/1689
f 2063/2063/1686 2069/2069/1690 2066/2066/1688
f 2063/2063/1686 2064/2064/1687 2069/2069/1690
f 2069/2069/1690 2064/2064/1687 2067/2067/1689
f 2070/2070/1691 2071/2071/1692 2072/2072/1693
f 2070/2070/1691 2073/2073/1632 2071/2071/1692
f 2070/2070/1691 2072/2072/1693 2074/2074/1694
f 2070/2070/1691 2075/2075/1695 2073/2073/1632
f 2070/2070/1691 2074/2074/1694 2076/2076/1696
f 2070/2070/1691 2077/2077/1697 2075/2075/1695
f 2070/2070/1691 2076/2076/1696 2077/2077/1697
f 2071/2071/1692 2078/2078/1633 2072/2072/1693
f 2073/2073/1632 2075/2075/1695 2079/2079/1698
f 2074/2074/1694 2080/2080/1699 2076/2076/1696
f 2074/2074/1694 2072/2072/1693 2081/2081/1700
f 2077/2077/1697 2082/2082/1701 2075/2075/1695
f 2077/2077/1697 2076/2076/1696 2083/2083/1702
f 2077/2077/1697 2084/2084/1703 2082/2082/1701
f 2077/2077/1697 2083/2083/1702 2085/2085/1704
f 2077/2077/1697 2085/2085/1704 2084/2084/1703
f 2078/2078/1633 2086/2086/1705 2072/2072/1693
f 2078/2078/1633 2087/2087/1375 2086/2086/1705
f 2072/2072/1693 2086/2086/1705 2081/2081/1700
f 2079/2079/1698 2075/2075/1695 2088/2088/1706
f 2075/2075/1695 2082/2082/1701 2088/2088/1706
f 2080/2080/1699 2089/2089/1707 2076/2076/1696
f 2080/2080/1699 2090/2090/1708 2089/2089/1707
f 2076/2076/1696 2089/2089/1707 2083/2083/1702
f 2085/2085/1704 2091/2091/1709 2084/2084/1703
f 2085/2085/1704 2083/2083/1702 2092/2092/1710
f 2085/2085/1704 2093/2093/1711 2091/2091/1709
f 2085/2085/1704 2092/2092/1710 2093/2093/1711
f 2087/2087/1375 2094/2094/1712 2086/2086/1705
f 2081/2081/1700 2086/2086/1705 2095/2095/1713
f 2086/2086/1705 2094/2094/1712 2095/2095/1713
f 2082/2082/1701 2096/2096/1714 2088/2088/1706
f 2082/2082/1701 2084/2084/1703 2097/2097/1715
f 2082/2082/1701 2097/2097/1715 2096/2096/1714
f 2090/2090/1708 2098/2098/1716 2089/2089/1707
f 2090/2090/1708 2099/2099/1717 2098/2098/1716
f 2083/2083/1702 2100/2100/1582 2092/2092/1710
f 2083/2083/1702 2089/2089/1707 2101/2101/1718
f 2083/2083/1702 2101/2101/1718 2100/2100/1582
f 2089/2089/1707 2098/2098/1716 2101/2101/1718
f 2091/2091/1709 2093/2093/1711 2102/2102/1719
f 2091/2091/1709 2103/2103/1720 2084/2084/1703
f 2091/2091/1709 2102/2102/1719 2104/2104/1721
f 2091/2091/1709 2104/2104/1721 2103/2103/1720
f 2084/2084/1703 2103/2103/1720 2097/2097/1715
f 2094/2094/1712 2105/2105/1722 2095/2095/1713
f 2096/2096/1714 2097/2097/1715 2106/2106/1627
f 2099/2099/1717 2107/2107/1723 2098/2098/1716
f 2100/2100/1582 2101/2101/1718 2108/2108/1724
f 2100/2100/1582 2108/2108/1724 2109/2109/1725
f 2100/2100/1582 2109/2109/1725 2110/2110/1726
f 2101/2101/1718 2098/2098/1716 2108/2108/1724
f 2102/2102/1719 2111/2111/1727 2104/2104/1721
f 2102/2102/1719 2112/2112/1728 2111/2111/1727
f 2112/2112/1728 2106/2106/1627 2111/2111/1727
f 2103/2103/1720 2113/2113/1729 2097/2097/1715
f 2103/2103/1720 2104/2104/1721 2114/2114/1730
f 2103/2103/1720 2114/2114/1730 2113/2113/1729
f 2113/2113/1729 2106/2106/1627 2097/2097/1715
f 2113/2113/1729 2111/2111/1727 2106/2106/1627
f 2113/2113/1729 2114/2114/1730 2111/2111/1727
f 2111/2111/1727 2114/2114/1730 2104/2104/1721
f 2107/2107/1723 2115/2115/1731 2098/2098/1716
f 2098/2098/1716 2115/2115/1731 2108/2108/1724
f 2109/2109/1725 2116/2116/1732 2110/2110/1726
f 2109/2109/1725 2108/2108/1724 2117/2117/1733
f 2109/2109/1725 2118/2118/1678 2116/2116/1732
f 2109/2109/1725 2117/2117/1733 2119/2119/1674
f 2109/2109/1725 2119/2119/1674 2118/2118/1678
f 2115/2115/1731 2120/2120/1734 2108/2108/1724
f 2108/2108/1724 2120/2120/1734 2117/2117/1733
f 2110/2110/1726 2116/2116/1732 2121/2121/1735
f 2118/2118/1678 2122/2122/1682 2116/2116/1732
f 2121/2121/1735 2116/2116/1732 2123/2123/1736
f 2121/2121/1735 2123/2123/1736 2124/2124/1737
f 2116/2116/1732 2122/2122/1682 2123/2123/1736
f 2124/2124/1737 2123/2123/1736 2125/2125/1738
f 2124/2124/1737 2125/2125/1738 2126/2126/1739
f 2122/2122/1682 2127/2127/1740 2123/2123/1736
f 2123/2123/1736 2127/2127/1740 2125/2125/1738
f 2126/2126/1739 2125/2125/1738 2128/2128/1741
f 2126/2126/1739 2128/2128/1741 2129/2129/1742
f 2126/2126/1739 2129/2129/1742 2130/2130/1610
f 2127/2127/1740 2131/2131/1688 2125/2125/1738
f 2125/2125/1738 2131/2131/1688 2128/2128/1741
f 2129/2129/1742 2132/2132/1743 2130/2130/1610
f 2129/2129/1742 2128/2128/1741 2133/2133/1690
f 2129/2129/1742 2133/2133/1690 2132/2132/1743
f 2133/2133/1690 2128/2128/1741 2131/2131/1688
f 2130/2130/1610 2132/2132/1743 2134/2134/1567
f 2135/2135/1744 2136/2136/1745 2137/2137/1563
f 2135/2135/1744 2138/2138/1538 2136/2136/1745
f 2135/2135/1744 2137/2137/1563 2139/2139/1746
f 2135/2135/1744 2140/2140/1747 2138/2138/1538
f 2135/2135/1744 2139/2139/1746 2141/2141/1748
f 2135/2135/1744 2142/2142/1546 2140/2140/1747
f 2135/2135/1744 2141/2141/1748 2142/2142/1546
f 2139/2139/1746 2143/2143/1749 2141/2141/1748
f 2142/2142/1546 2141/2141/1748 2144/2144/1539
f 2143/2143/1749 2145/2145/1362 2141/2141/1748
f 2141/2141/1748 2145/2145/1362 2144/2144/1539
f 2145/2145/1362 2146/2146/1750 2144/2144/1539
f 2145/2145/1362 2147/2147/1751 2146/2146/1750
f 2144/2144/1539 2146/2146/1750 2148/2148/1528
f 2146/2146/1750 2149/2149/1752 2148/2148/1528
f 2149/2149/1752 2150/2150/1519 2148/2148/1528
f 2149/2149/1752 2151/2151/1753 2150/2150/1519
f 2151/2151/1753 2152/2152/1521 2150/2150/1519
f 2151/2151/1753 2153/2153/1523 2152/2152/1521
f 2154/2154/1754 2155/2155/1637 2156/2156/1755
f 2154/2154/1754 2157/2157/1642 2155/2155/1637
f 2154/2154/1754 2156/2156/1755 2158/2158/1652
f 2154/2154/1754 2159/2159/1647 2157/2157/1642
f 2154/2154/1754 2158/2158/1652 2160/2160/1659
f 2154/2154/1754 2161/2161/1756 2159/2159/1647
f 2154/2154/1754 2160/2160/1659 2161/2161/1756
f 2159/2159/1647 2161/2161/1756 2162/2162/1661
f 2160/2160/1659 2163/2163/1757 2161/2161/1756
f 2162/2162/1661 2161/2161/1756 2164/2164/1184
f 2161/2161/1756 2163/2163/1757 2164/2164/1184
f 2163/2163/1757 2165/2165/1758 2164/2164/1184
f 2163/2163/1757 2166/2166/1759 2165/2165/1758
f 2164/2164/1184 2165/2165/1758 2167/2167/1760
f 2166/2166/1759 2168/2168/1761 2165/2165/1758
f 2166/2166/1759 2169/2169/1762 2168/2168/1761
f 2169/2169/1762 2170/2170/1763 2168/2168/1761
f 2169/2169/1762 2171/2171/1764 2170/2170/1763
f 2171/2171/1764 2172/2172/1765 2170/2170/1763
f 2173/2173/1766 2174/2174/1767 2175/2175/1604
f 2173/2173/1766 2176/2176/1618 2174/2174/1767
f 2173/2173/1766 2175/2175/1604 2177/2177/1768
f 2173/2173/1766 2178/2178/1769 2176/2176/1618
f 2173/2173/1766 2177/2177/1768 2179/2179/1599
f 2173/2173/1766 2180/2180/1770 2178/2178/1769
f 2173/2173/1766 2179/2179/1599 2180/2180/1770
f 2178/2178/1769 2180/2180/1770 2181/2181/1371
f 2179/2179/1599 2182/2182/1593 2180/2180/1770
f 2181/2181/1371 2180/2180/1770 2183/2183/1369
f 2180/2180/1770 2182/2182/1593 2183/2183/1369
f 2182/2182/1593 2184/2184/1750 2183/2183/1369
f 2182/2182/1593 2185/2185/1588 2184/2184/1750
f 2183/2183/1369 2184/2184/1750 2186/2186/1771
f 2185/2185/1588 2187/2187/1772 2184/2184/1750
f 2185/2185/1588 2188/2188/1583 2187/2187/1772
f 2188/2188/1583 2189/2189/1753 2187/2187/1772
f 2188/2188/1583 2190/2190/1585 2189/2189/1753
f 2190/2190/1585 2191/2191/1523 2189/2189/1753
f 2192/2192/1773 2193/2193/1694 2194/2194/1700
f 2192/2192/1773 2195/2195/1774 2193/2193/1694
f 2192/2192/1773 2194/2194/1700 2196/2196/1713
f 2192/2192/1773 2197/2197/1708 2195/2195/1774
f 2192/2192/1773 2196/2196/1713 2198/2198/1775
f 2192/2192/1773 2199/2199/1717 2197/2197/1708
f 2192/2192/1773 2198/2198/1775 2199/2199/1717
f 2196/2196/1713 2200/2200/1722 2198/2198/1775
f 2199/2199/1717 2198/2198/1775 2201/2201/1776
f 2200/2200/1722 2202/2202/1253 2198/2198/1775
f 2198/2198/1775 2202/2202/1253 2201/2201/1776
f 2202/2202/1253 2203/2203/1758 2201/2201/1776
f 2202/2202/1253 2204/2204/1760 2203/2203/1758
f 2201/2201/1776 2203/2203/1758 2205/2205/1777
f 2203/2203/1758 2206/2206/1778 2205/2205/1777
f 2206/2206/1778 2207/2207/1779 2205/2205/1777
f 2206/2206/1778 2208/2208/1763 2207/2207/1779
f 2208/2208/1763 2209/2209/1733 2207/2207/1779
f 2208/2208/1763 2210/2210/1780 2209/2209/1733
o Object_7
v -0.134026 0.489740 0.231006
v -0.063502 0.490344 0.260683
v -0.132479 0.521909 0.232971
v -0.093887 0.476339 0.247008
v -0.188628 0.520387 0.192115
v -0.099072 0.460852 0.241002
v -0.186186 0.486054 0.191743
v -0.133012 0.461109 0.225742
v -0.062743 0.523763 0.259835
v -0.075478 0.465064 0.250724
v -0.063421 0.473677 0.259108
v -0.227263 0.517949 0.139305
v -0.184792 0.559523 0.188062
v -0.224421 0.558632 0.136214
v -0.096119 0.441731 0.236347
v -0.078541 0.457817 0.246219
v -0.128329 0.559915 0.229607
v -0.061488 0.560273 0.254414
v -0.223112 0.481550 0.139197
v -0.178967 0.454479 0.188705
v -0.211864 0.605772 0.127335
v -0.073748 0.448828 0.245139
v -0.126339 0.433154 0.217369
v -0.119488 0.608068 0.214673
v -0.057597 0.610395 0.235642
v -0.213008 0.446288 0.136857
v -0.172022 0.607039 0.177746
v -0.162948 0.422503 0.182764
v -0.192449 0.411248 0.131592
v 0.134025 0.489741 0.231006
v 0.132478 0.521910 0.232971
v 0.063501 0.490345 0.260683
v 0.188627 0.520389 0.192115
v 0.093886 0.476339 0.247008
v 0.186185 0.486055 0.191743
v 0.099071 0.460853 0.241002
v 0.133011 0.461110 0.225742
v 0.062742 0.523764 0.259835
v 0.184791 0.559525 0.188062
v 0.128328 0.559916 0.229607
v 0.078540 0.457818 0.246219
v 0.075477 0.465064 0.250724
v 0.178967 0.454481 0.188705
v 0.227262 0.517950 0.139305
v 0.223111 0.481552 0.139197
v 0.061487 0.560274 0.254414
v 0.224420 0.558634 0.136214
v 0.172021 0.607041 0.177746
v 0.211862 0.605773 0.127335
v 0.096118 0.441732 0.236347
v 0.063420 0.473677 0.259108
v 0.213007 0.446289 0.136857
v 0.126338 0.433154 0.217369
v 0.162948 0.422504 0.182764
v 0.119486 0.608069 0.214673
v 0.057595 0.610396 0.235642
v 0.073747 0.448829 0.245139
v 0.192449 0.411250 0.131592
vn -0.4971 -0.0981 0.8621
vn -0.3142 -0.0481 0.9481
vn -0.4835 0.0546 0.8736
vn -0.3677 -0.1699 0.9143
vn -0.7068 0.0405 0.7063
vn -0.3512 -0.2466 0.9032
vn -0.7071 -0.1400 0.6932
vn -0.4984 -0.2580 0.8277
vn -0.3048 0.0888 0.9483
vn -0.3176 -0.3499 0.8813
vn -0.3168 -0.2683 0.9097
vn -0.8725 -0.0021 0.4886
vn -0.6828 0.2301 0.6934
vn -0.8476 0.2045 0.4896
vn -0.3615 -0.3403 0.8681
vn -0.2810 -0.3122 0.9075
vn -0.4616 0.2330 0.8559
vn -0.2549 0.2668 0.9294
vn -0.8600 -0.1843 0.4758
vn -0.6759 -0.3279 0.6600
vn -0.7723 0.4518 0.4466
vn -0.2576 -0.2053 0.9442
vn -0.4648 -0.4587 0.7574
vn -0.4097 0.4735 0.7797
vn -0.2025 0.4923 0.8466
vn -0.8038 -0.3899 0.4492
vn -0.6142 0.4632 0.6389
vn -0.5871 -0.5454 0.5982
vn -0.6793 -0.6217 0.3900
vn 0.4971 -0.0981 0.8621
vn 0.4835 0.0546 0.8736
vn 0.3142 -0.0481 0.9481
vn 0.7068 0.0405 0.7063
vn 0.3677 -0.1699 0.9143
vn 0.7071 -0.1400 0.6932
vn 0.3512 -0.2466 0.9032
vn 0.4984 -0.2580 0.8277
vn 0.3048 0.0889 0.9483
vn 0.6828 0.2301 0.6934
vn 0.4616 0.2330 0.8559
vn 0.2810 -0.3122 0.9075
vn 0.3176 -0.3499 0.8813
vn 0.6759 -0.3279 0.6600
vn 0.8725 -0.0021 0.4886
vn 0.8600 -0.1843 0.4758
vn 0.2549 0.2668 0.9294
vn 0.8476 0.2045 0.4896
vn 0.6142 0.4632 0.6389
vn 0.7722 0.4518 0.4466
vn 0.3615 -0.3403 0.8681
vn 0.3168 -0.2683 0.9097
vn 0.8038 -0.3899 0.4492
vn 0.4648 -0.4587 0.7574
vn 0.5871 -0.5454 0.5982
vn 0.4097 0.4735 0.7797
vn 0.2025 0.4923 0.8466
vn 0.2576 -0.2053 0.9442
vn 0.6793 -0.6216 0.3900
vt 0.153695 -0.852670
vt 0.237529 -0.852070
vt 0.156835 -0.887190
vt 0.200599 -0.836950
vt 0.082777 -0.887190
vt 0.191557 -0.819350
vt 0.083657 -0.850680
vt 0.150715 -0.821370
vt 0.238241 -0.889220
vt 0.220990 -0.823510
vt 0.237081 -0.833430
vt 0.011759 -0.886690
vt 0.084021 -0.929280
vt 0.012912 -0.932170
vt 0.190079 -0.795540
vt 0.215727 -0.815020
vt 0.159209 -0.928200
vt 0.236955 -0.930210
vt 0.013733 -0.845900
vt 0.086400 -0.815990
vt 0.017220 -0.987010
vt 0.219601 -0.805970
vt 0.150527 -0.788250
vt 0.159657 -0.984010
vt 0.231888 -0.989440
vt 0.018629 -0.805170
vt 0.088445 -0.983890
vt 0.093808 -0.776860
vt 0.028696 -0.760560
vt 0.346300 -0.852670
vt 0.343170 -0.887190
vt 0.262470 -0.852070
vt 0.417220 -0.887190
vt 0.299400 -0.836950
vt 0.416340 -0.850680
vt 0.308440 -0.819350
vt 0.349290 -0.821370
vt 0.261760 -0.889220
vt 0.415980 -0.929280
vt 0.340790 -0.928200
vt 0.284270 -0.815020
vt 0.279010 -0.823510
vt 0.413600 -0.815990
vt 0.488240 -0.886690
vt 0.486270 -0.845900
vt 0.263040 -0.930210
vt 0.487090 -0.932170
vt 0.411560 -0.983890
vt 0.482780 -0.987010
vt 0.309920 -0.795540
vt 0.262920 -0.833430
vt 0.481370 -0.805170
vt 0.349470 -0.788250
vt 0.406190 -0.776860
vt 0.340340 -0.984010
vt 0.268110 -0.989440
vt 0.280400 -0.805970
vt 0.471300 -0.760560
s 1
usemtl Material_94
f 2211/2211/1781 2212/2212/1782 2213/2213/1783
f 2211/2211/1781 2214/2214/1784 2212/2212/1782
f 2211/2211/1781 2213/2213/1783 2215/2215/1785
f 2211/2211/1781 2216/2216/1786 2214/2214/1784
f 2211/2211/1781 2215/2215/1785 2217/2217/1787
f 2211/2211/1781 2218/2218/1788 2216/2216/1786
f 2211/2211/1781 2217/2217/1787 2218/2218/1788
f 2212/2212/1782 2219/2219/1789 2213/2213/1783
f 2212/2212/1782 2214/2214/1784 2220/2220/1790
f 2212/2212/1782 2220/2220/1790 2221/2221/1791
f 2215/2215/1785 2222/2222/1792 2217/2217/1787
f 2215/2215/1785 2213/2213/1783 2223/2223/1793
f 2215/2215/1785 2224/2224/1794 2222/2222/1792
f 2215/2215/1785 2223/2223/1793 2224/2224/1794
f 2216/2216/1786 2218/2218/1788 2225/2225/1795
f 2216/2216/1786 2226/2226/1796 2214/2214/1784
f 2216/2216/1786 2225/2225/1795 2226/2226/1796
f 2214/2214/1784 2226/2226/1796 2220/2220/1790
f 2219/2219/1789 2227/2227/1797 2213/2213/1783
f 2219/2219/1789 2228/2228/1798 2227/2227/1797
f 2213/2213/1783 2227/2227/1797 2223/2223/1793
f 2217/2217/1787 2222/2222/1792 2229/2229/1799
f 2217/2217/1787 2230/2230/1800 2218/2218/1788
f 2217/2217/1787 2229/2229/1799 2230/2230/1800
f 2224/2224/1794 2223/2223/1793 2231/2231/1801
f 2225/2225/1795 2232/2232/1802 2226/2226/1796
f 2225/2225/1795 2218/2218/1788 2233/2233/1803
f 2218/2218/1788 2230/2230/1800 2233/2233/1803
f 2228/2228/1798 2234/2234/1804 2227/2227/1797
f 2228/2228/1798 2235/2235/1805 2234/2234/1804
f 2229/2229/1799 2236/2236/1806 2230/2230/1800
f 2223/2223/1793 2237/2237/1807 2231/2231/1801
f 2223/2223/1793 2227/2227/1797 2237/2237/1807
f 2237/2237/1807 2227/2227/1797 2234/2234/1804
f 2233/2233/1803 2230/2230/1800 2238/2238/1808
f 2230/2230/1800 2236/2236/1806 2238/2238/1808
f 2236/2236/1806 2239/2239/1809 2238/2238/1808
f 2240/2240/1810 2241/2241/1811 2242/2242/1812
f 2240/2240/1810 2243/2243/1813 2241/2241/1811
f 2240/2240/1810 2242/2242/1812 2244/2244/1814
f 2240/2240/1810 2245/2245/1815 2243/2243/1813
f 2240/2240/1810 2244/2244/1814 2246/2246/1816
f 2240/2240/1810 2247/2247/1817 2245/2245/1815
f 2240/2240/1810 2246/2246/1816 2247/2247/1817
f 2241/2241/1811 2248/2248/1818 2242/2242/1812
f 2241/2241/1811 2243/2243/1813 2249/2249/1819
f 2241/2241/1811 2250/2250/1820 2248/2248/1818
f 2241/2241/1811 2249/2249/1819 2250/2250/1820
f 2244/2244/1814 2251/2251/1821 2246/2246/1816
f 2244/2244/1814 2242/2242/1812 2252/2252/1822
f 2244/2244/1814 2252/2252/1822 2251/2251/1821
f 2245/2245/1815 2247/2247/1817 2253/2253/1823
f 2245/2245/1815 2254/2254/1824 2243/2243/1813
f 2245/2245/1815 2253/2253/1823 2255/2255/1825
f 2245/2245/1815 2255/2255/1825 2254/2254/1824
f 2248/2248/1818 2250/2250/1820 2256/2256/1826
f 2249/2249/1819 2243/2243/1813 2257/2257/1827
f 2249/2249/1819 2258/2258/1828 2250/2250/1820
f 2249/2249/1819 2257/2257/1827 2259/2259/1829
f 2249/2249/1819 2259/2259/1829 2258/2258/1828
f 2257/2257/1827 2243/2243/1813 2254/2254/1824
f 2246/2246/1816 2251/2251/1821 2260/2260/1830
f 2246/2246/1816 2260/2260/1830 2247/2247/1817
f 2242/2242/1812 2261/2261/1831 2252/2252/1822
f 2253/2253/1823 2262/2262/1832 2255/2255/1825
f 2253/2253/1823 2247/2247/1817 2263/2263/1833
f 2253/2253/1823 2264/2264/1834 2262/2262/1832
f 2253/2253/1823 2263/2263/1833 2264/2264/1834
f 2263/2263/1833 2247/2247/1817 2260/2260/1830
f 2256/2256/1826 2250/2250/1820 2265/2265/1835
f 2256/2256/1826 2265/2265/1835 2266/2266/1836
f 2265/2265/1835 2250/2250/1820 2258/2258/1828
f 2251/2251/1821 2267/2267/1837 2260/2260/1830
f 2262/2262/1832 2264/2264/1834 2268/2268/1838
o Object_9
v -0.065788 0.449308 0.252440
v -0.057430 0.446583 0.258394
v -0.054564 0.449423 0.250533
v -0.051433 0.450251 0.253933
v -0.040468 0.447701 0.251398
v -0.049463 0.450957 0.246257
v -0.053264 0.449539 0.242408
v -0.042703 0.447243 0.259725
v -0.028816 0.447932 0.256362
v -0.030222 0.446057 0.265616
v -0.015153 0.447769 0.260734
v -0.045666 0.443619 0.265384
v -0.015642 0.444973 0.270170
v -0.062925 0.442656 0.254417
v -0.049557 0.437134 0.261165
v -0.034819 0.432204 0.267300
v 0.000000 0.447896 0.262964
v -0.032018 0.441257 0.271592
v -0.073748 0.448828 0.245139
v -0.051018 0.433708 0.251761
v -0.036999 0.428818 0.255722
v 0.000000 0.444815 0.271666
v -0.019183 0.429344 0.271046
v -0.064720 0.440030 0.247405
v -0.020357 0.425750 0.259230
v 0.015642 0.444973 0.270172
v 0.015153 0.447769 0.260734
v 0.000000 0.439156 0.277091
v -0.016912 0.439715 0.275450
v -0.067227 0.447576 0.198349
v -0.038583 0.432318 0.201514
v -0.000000 0.424284 0.261026
v 0.030222 0.446057 0.265626
v 0.000000 0.428805 0.272519
v -0.079143 0.461442 0.197574
v -0.052510 0.440111 0.199443
v -0.020032 0.427284 0.203116
v 0.028816 0.447932 0.256362
v 0.016912 0.439715 0.275450
v -0.000000 0.424620 0.204192
v 0.042703 0.447243 0.259725
v 0.032018 0.441257 0.271592
v 0.019183 0.429344 0.271046
v 0.020357 0.425750 0.259230
v 0.040468 0.447701 0.251398
v 0.045666 0.443616 0.265390
v 0.020031 0.427284 0.203116
v 0.034819 0.432204 0.267300
v 0.051433 0.450251 0.253933
v 0.036999 0.428818 0.255722
v 0.049463 0.450957 0.246257
v 0.049557 0.437134 0.261165
v 0.038583 0.432318 0.201514
v 0.057429 0.446583 0.258394
v 0.054563 0.449423 0.250533
v 0.051018 0.433708 0.251761
v 0.065787 0.449309 0.252440
v 0.053263 0.449540 0.242408
v 0.062925 0.442654 0.254419
v 0.052510 0.440111 0.199443
v 0.073747 0.448829 0.245139
v 0.064720 0.440030 0.247405
v 0.067227 0.447576 0.198349
v 0.079142 0.461442 0.197574
v -0.053264 0.449539 0.242408
v -0.047134 0.452125 0.249718
v -0.054564 0.449423 0.250533
v -0.049031 0.448285 0.253700
v -0.054980 0.447756 0.260015
v -0.042900 0.444642 0.268826
v -0.065788 0.449308 0.252440
v -0.037967 0.447126 0.260678
v -0.060661 0.445841 0.266715
v -0.037149 0.452100 0.256837
v -0.070277 0.448843 0.255291
v -0.073748 0.448828 0.245139
v -0.028102 0.442684 0.277223
v -0.047535 0.443431 0.276850
v -0.023269 0.451117 0.262494
v -0.078541 0.457817 0.246219
v -0.064024 0.449141 0.271938
v -0.024362 0.445079 0.266596
v -0.079143 0.461442 0.197574
v -0.073242 0.452884 0.261051
v -0.012194 0.441236 0.282324
v -0.031424 0.441373 0.287406
v -0.050506 0.446281 0.283462
v -0.009447 0.450103 0.265260
v -0.083172 0.472806 0.200585
v -0.014891 0.439913 0.295435
v -0.009800 0.443502 0.269642
v -0.034184 0.443667 0.294866
v -0.000000 0.449712 0.265920
v -0.000000 0.440784 0.283637
v -0.016049 0.442092 0.304556
v -0.000000 0.443136 0.270353
v -0.000000 0.439428 0.298305
v 0.009446 0.450103 0.265260
v 0.009799 0.443502 0.269642
v 0.014891 0.439913 0.295435
v -0.000000 0.441338 0.308069
v 0.024361 0.445079 0.266596
v 0.012193 0.441236 0.282324
v 0.016048 0.442092 0.304556
v 0.023268 0.451117 0.262494
v 0.028102 0.442684 0.277223
v 0.031424 0.441374 0.287406
v 0.034183 0.443667 0.294866
v 0.037149 0.452100 0.256837
v 0.037966 0.447127 0.260678
v 0.042900 0.444643 0.268826
v 0.047534 0.443431 0.276850
v 0.050506 0.446281 0.283462
v 0.047133 0.452125 0.249718
v 0.049030 0.448285 0.253700
v 0.060660 0.445842 0.266715
v 0.064024 0.449141 0.271938
v 0.054563 0.449423 0.250533
v 0.073241 0.452885 0.261051
v 0.054980 0.447757 0.260015
v 0.053263 0.449540 0.242408
v 0.070277 0.448844 0.255291
v 0.078540 0.457818 0.246219
v 0.065787 0.449309 0.252440
v 0.073747 0.448829 0.245139
v 0.079142 0.461442 0.197574
v 0.083171 0.472806 0.200585
v -0.083172 0.472806 0.200585
v -0.078541 0.457817 0.246219
v -0.080315 0.478417 0.208113
v -0.075478 0.465064 0.250724
v -0.073242 0.452884 0.261051
v -0.068814 0.485521 0.216935
v -0.069886 0.459539 0.264851
v -0.063421 0.473677 0.259108
v -0.064024 0.449141 0.271938
v -0.047429 0.492582 0.223519
v -0.050506 0.446281 0.283462
v -0.062968 0.456334 0.273934
v -0.057906 0.468638 0.270536
v -0.043516 0.481518 0.264655
v -0.032834 0.506479 0.228218
v -0.049851 0.453522 0.285674
v -0.029317 0.493954 0.269009
v -0.014517 0.517840 0.230639
v -0.037660 0.478386 0.274968
v -0.034184 0.443667 0.294866
v -0.044776 0.462976 0.285956
v -0.012780 0.504122 0.272469
v -0.000001 0.507342 0.273871
v -0.026099 0.488541 0.280386
v -0.016049 0.442092 0.304556
v -0.034094 0.451218 0.297515
v -0.011259 0.495773 0.283736
v -0.029289 0.474856 0.287589
v -0.000001 0.523581 0.231785
v -0.000000 0.441338 0.308069
v -0.015957 0.449727 0.307655
v -0.000001 0.497744 0.284894
v -0.021385 0.479755 0.290569
v -0.030464 0.460774 0.298125
v 0.014516 0.517840 0.230639
v -0.000000 0.449039 0.311430
v -0.000000 0.486202 0.295014
v -0.022094 0.473520 0.295090
v -0.010683 0.484520 0.293878
v 0.011258 0.495773 0.283736
v 0.012779 0.504122 0.272469
v 0.015956 0.449728 0.307655
v -0.014651 0.459319 0.306416
v -0.011320 0.472933 0.302006
v 0.026098 0.488541 0.280386
v 0.029316 0.493954 0.269009
v 0.016048 0.442092 0.304556
v -0.000000 0.459184 0.309659
v -0.000000 0.472885 0.304315
v 0.037659 0.478387 0.274968
v 0.043515 0.481518 0.264655
v 0.032833 0.506479 0.228218
v 0.010682 0.484520 0.293878
v 0.034093 0.451219 0.297515
v 0.014650 0.459319 0.306416
v 0.011319 0.472933 0.302006
v 0.021384 0.479756 0.290569
v 0.057905 0.468638 0.270536
v 0.047428 0.492583 0.223519
v 0.034183 0.443667 0.294866
v 0.030463 0.460774 0.298125
v 0.022093 0.473520 0.295090
v 0.029289 0.474856 0.287589
v 0.069885 0.459540 0.264851
v 0.063420 0.473677 0.259108
v 0.050506 0.446281 0.283462
v 0.049850 0.453522 0.285674
v 0.044775 0.462976 0.285956
v 0.075477 0.465064 0.250724
v 0.068813 0.485521 0.216935
v 0.064024 0.449141 0.271938
v 0.062968 0.456334 0.273934
v 0.080314 0.478417 0.208113
v 0.073241 0.452885 0.261051
v 0.078540 0.457818 0.246219
v 0.083171 0.472806 0.200585
v 0.000000 0.447896 0.262964
v 0.000000 0.447703 0.260091
v -0.015153 0.447769 0.260734
v 0.015153 0.447769 0.260734
v -0.014788 0.447650 0.258138
v 0.014788 0.447650 0.258138
v -0.028816 0.447932 0.256362
v 0.028816 0.447932 0.256362
v 0.000000 0.449542 0.256080
v -0.028095 0.447533 0.253750
v 0.028095 0.447533 0.253750
v -0.014136 0.449268 0.254455
v -0.040468 0.447701 0.251398
v 0.040468 0.447701 0.251398
v 0.014136 0.449268 0.254455
v -0.027444 0.449062 0.250639
v -0.038519 0.446926 0.247458
v 0.038519 0.446926 0.247458
v -0.000000 0.449590 0.241897
v -0.034094 0.448628 0.246507
v -0.049463 0.450957 0.246257
v 0.049463 0.450957 0.246257
v 0.027444 0.449062 0.250639
v -0.012167 0.449344 0.241507
v -0.025054 0.448915 0.240581
v -0.048533 0.449341 0.242037
v 0.053263 0.449540 0.242408
v 0.048533 0.449342 0.242037
v 0.034094 0.448628 0.246507
v 0.012167 0.449344 0.241507
v -0.010235 0.448501 0.229619
v -0.023566 0.448033 0.230374
v -0.036937 0.447650 0.239104
v -0.053264 0.449539 0.242408
v 0.047323 0.446715 0.234499
v 0.025054 0.448915 0.240581
v 0.040717 0.445376 0.237002
v 0.036937 0.447650 0.239104
v -0.000000 0.448729 0.229513
v -0.022782 0.445338 0.224361
v -0.035242 0.447193 0.231746
v -0.040717 0.445376 0.237002
v -0.047324 0.446715 0.234499
v 0.047133 0.452125 0.249718
v 0.045062 0.458331 0.241003
v 0.010235 0.448501 0.229619
v 0.023566 0.448033 0.230374
v 0.035242 0.447193 0.231746
v 0.039230 0.451086 0.226027
v 0.038206 0.444874 0.227823
v -0.009624 0.445851 0.223130
v -0.038206 0.444874 0.227823
v -0.047457 0.453347 0.236598
v -0.045063 0.458330 0.241003
v 0.047456 0.453347 0.236598
v 0.037149 0.452100 0.256837
v 0.009624 0.445851 0.223130
v 0.022782 0.445338 0.224361
v -0.009404 0.453477 0.221905
v -0.022413 0.452943 0.222797
v -0.039230 0.451086 0.226027
v -0.039086 0.459237 0.229451
v 0.039085 0.459237 0.229451
v 0.022129 0.465793 0.232202
v 0.038919 0.463004 0.234358
v -0.000000 0.446039 0.222888
v 0.022413 0.452943 0.222797
v -0.047134 0.452125 0.249718
v -0.022258 0.462755 0.226569
v 0.023268 0.451117 0.262494
v 0.009225 0.466786 0.231530
v 0.022257 0.462755 0.226569
v -0.000000 0.453634 0.221644
v 0.009404 0.453477 0.221905
v -0.038920 0.463004 0.234358
v -0.037149 0.452100 0.256837
v 0.009446 0.450103 0.265260
v -0.000000 0.467205 0.231669
v 0.009313 0.463372 0.225999
v -0.009314 0.463372 0.225999
v -0.022129 0.465793 0.232202
v -0.000000 0.449712 0.265920
v -0.009447 0.450103 0.265260
v -0.000000 0.463512 0.225721
v -0.023269 0.451117 0.262494
v -0.009226 0.466786 0.231530
vn -0.4116 -0.8007 0.4353
vn -0.4015 0.4678 0.7873
vn -0.8960 -0.0536 -0.4409
vn -0.0941 0.9629 0.2529
vn 0.1638 0.9865 0.0057
vn 0.0591 0.9937 -0.0953
vn 0.9399 0.3037 -0.1563
vn -0.0074 0.9450 0.3271
vn 0.0033 0.9998 0.0199
vn -0.0814 0.9068 0.4136
vn -0.0138 0.9928 0.1194
vn -0.3731 0.3530 0.8580
vn -0.0580 0.8552 0.5150
vn -0.6186 -0.4242 0.6613
vn -0.5093 -0.5695 0.6452
vn -0.3705 -0.6576 0.6560
vn -0.0000 0.9895 0.1442
vn -0.2893 0.2693 0.9186
vn -0.7726 -0.6205 0.1343
vn -0.4221 -0.8933 0.1542
vn -0.2995 -0.9422 0.1501
vn -0.0000 0.8333 0.5529
vn -0.1857 -0.7098 0.6795
vn -0.5823 -0.7987 0.1521
vn -0.1538 -0.9766 0.1501
vn 0.0579 0.8552 0.5151
vn 0.0138 0.9928 0.1193
vn -0.0000 0.1610 0.9870
vn -0.1449 0.1968 0.9697
vn -0.6219 -0.7767 -0.1002
vn -0.3653 -0.9280 -0.0728
vn -0.0000 -0.9838 0.1792
vn 0.0815 0.9067 0.4139
vn -0.0000 -0.7117 0.7025
vn -0.8702 -0.4904 -0.0474
vn -0.4522 -0.8858 -0.1038
vn -0.1888 -0.9812 -0.0393
vn -0.0033 0.9998 0.0199
vn 0.1450 0.1967 0.9697
vn -0.0000 -0.9997 -0.0232
vn 0.0074 0.9450 0.3270
vn 0.2892 0.2690 0.9187
vn 0.1857 -0.7098 0.6795
vn 0.1538 -0.9766 0.1501
vn -0.1638 0.9865 0.0057
vn 0.3733 0.3527 0.8581
vn 0.1888 -0.9812 -0.0393
vn 0.3704 -0.6577 0.6559
vn 0.0941 0.9629 0.2528
vn 0.2995 -0.9422 0.1501
vn -0.0592 0.9937 -0.0953
vn 0.5093 -0.5697 0.6450
vn 0.3653 -0.9280 -0.0728
vn 0.4015 0.4680 0.7873
vn 0.8960 -0.0536 -0.4408
vn 0.4221 -0.8934 0.1541
vn 0.4118 -0.8006 0.4353
vn -0.9399 0.3037 -0.1562
vn 0.6187 -0.4242 0.6613
vn 0.4522 -0.8858 -0.1038
vn 0.7727 -0.6204 0.1342
vn 0.5823 -0.7987 0.1519
vn 0.6219 -0.7767 -0.1002
vn 0.8702 -0.4904 -0.0473
vn 0.9398 0.3037 -0.1563
vn 0.4103 -0.8064 -0.4258
vn -0.8960 -0.0535 -0.4409
vn 0.1216 -0.8978 -0.4233
vn -0.0403 -0.9730 -0.2274
vn -0.0230 -0.9752 -0.2201
vn -0.4117 -0.8007 0.4352
vn 0.1707 -0.8326 -0.5270
vn -0.2729 -0.9619 0.0147
vn 0.2555 -0.7657 -0.5903
vn -0.4314 -0.9007 0.0517
vn -0.7727 -0.6205 0.1342
vn -0.0329 -0.9834 -0.1784
vn -0.1999 -0.9786 0.0482
vn 0.1334 -0.7554 -0.6415
vn -0.9728 -0.1413 0.1834
vn -0.6771 -0.5240 0.5167
vn 0.0733 -0.8373 -0.5419
vn -0.8702 -0.4904 -0.0473
vn -0.8540 -0.3436 0.3907
vn -0.0291 -0.9892 -0.1436
vn -0.1470 -0.9880 0.0477
vn -0.5494 -0.6126 0.5682
vn 0.0471 -0.7440 -0.6665
vn -0.9919 -0.1096 0.0647
vn -0.0892 -0.9935 0.0703
vn 0.0196 -0.8429 -0.5377
vn -0.4424 -0.6880 0.5753
vn -0.0000 -0.7392 -0.6735
vn -0.0000 -0.9910 -0.1338
vn -0.2815 -0.7253 0.6283
vn -0.0000 -0.8484 -0.5294
vn -0.0000 -0.9973 0.0732
vn -0.0471 -0.7440 -0.6665
vn -0.0196 -0.8429 -0.5377
vn 0.0893 -0.9935 0.0703
vn -0.0000 -0.7530 0.6581
vn -0.0733 -0.8373 -0.5419
vn 0.0291 -0.9892 -0.1436
vn 0.2815 -0.7253 0.6283
vn -0.1334 -0.7554 -0.6415
vn 0.0329 -0.9834 -0.1784
vn 0.1470 -0.9880 0.0477
vn 0.4423 -0.6880 0.5754
vn -0.2555 -0.7657 -0.5903
vn -0.1707 -0.8326 -0.5270
vn 0.0231 -0.9752 -0.2201
vn 0.1999 -0.9786 0.0482
vn 0.5494 -0.6126 0.5682
vn -0.4103 -0.8064 -0.4258
vn -0.1216 -0.8978 -0.4233
vn 0.2729 -0.9619 0.0147
vn 0.6770 -0.5240 0.5167
vn 0.8960 -0.0535 -0.4408
vn 0.8540 -0.3436 0.3907
vn 0.0403 -0.9730 -0.2274
vn -0.9398 0.3037 -0.1563
vn 0.4314 -0.9007 0.0517
vn 0.9728 -0.1413 0.1834
vn 0.8702 -0.4903 -0.0473
vn 0.9919 -0.1096 0.0647
vn -0.9919 -0.1095 0.0647
vn -0.9728 -0.1412 0.1834
vn -0.8834 0.4114 0.2243
vn -0.8354 0.4301 0.3421
vn -0.5613 0.7730 0.2956
vn -0.7708 0.2838 0.5703
vn -0.5697 0.7089 0.4159
vn -0.6770 -0.5240 0.5168
vn -0.5411 0.7949 0.2746
vn -0.5494 -0.6125 0.5682
vn -0.7017 0.1581 0.6947
vn -0.5509 0.5839 0.5963
vn -0.5550 0.7274 0.4035
vn -0.6228 0.7336 0.2718
vn -0.6235 0.0507 0.7802
vn -0.6157 0.6875 0.3850
vn -0.4444 0.8401 0.3110
vn -0.5814 0.6050 0.5440
vn -0.4424 -0.6880 0.5754
vn -0.5507 0.4527 0.7013
vn -0.3949 0.8080 0.4372
vn -0.0000 0.8728 0.4880
vn -0.5717 0.5822 0.5781
vn -0.2814 -0.7253 0.6283
vn -0.5577 -0.0549 0.8282
vn -0.3291 0.6756 0.6598
vn -0.5695 0.5347 0.6243
vn -0.0000 0.9330 0.3600
vn -0.0000 -0.7529 0.6581
vn -0.3562 -0.1012 0.9289
vn -0.0000 0.7098 0.7044
vn -0.5007 0.5405 0.6761
vn -0.5100 0.3312 0.7938
vn 0.4444 0.8401 0.3110
vn -0.0000 -0.1238 0.9923
vn -0.0000 0.6221 0.7829
vn -0.4932 0.4995 0.7122
vn -0.3156 0.5944 0.7396
vn 0.3291 0.6756 0.6598
vn 0.3949 0.8080 0.4372
vn 0.3562 -0.1012 0.9289
vn -0.3296 0.2731 0.9038
vn -0.3155 0.4591 0.8305
vn 0.5717 0.5822 0.5781
vn 0.6157 0.6875 0.3850
vn 0.2814 -0.7253 0.6283
vn -0.0000 0.2621 0.9650
vn -0.0000 0.4649 0.8854
vn 0.5814 0.6050 0.5440
vn 0.5550 0.7274 0.4035
vn 0.6228 0.7336 0.2718
vn 0.3156 0.5944 0.7396
vn 0.5577 -0.0549 0.8282
vn 0.3296 0.2731 0.9038
vn 0.3155 0.4591 0.8305
vn 0.5007 0.5405 0.6761
vn 0.5509 0.5839 0.5963
vn 0.5411 0.7949 0.2746
vn 0.4424 -0.6879 0.5754
vn 0.5100 0.3312 0.7938
vn 0.4932 0.4995 0.7122
vn 0.5695 0.5347 0.6243
vn 0.7708 0.2838 0.5703
vn 0.5697 0.7089 0.4159
vn 0.5494 -0.6125 0.5682
vn 0.6235 0.0507 0.7802
vn 0.5507 0.4527 0.7013
vn 0.8354 0.4301 0.3421
vn 0.5613 0.7730 0.2956
vn 0.6771 -0.5240 0.5167
vn 0.7017 0.1581 0.6947
vn 0.8834 0.4114 0.2243
vn 0.9728 -0.1412 0.1834
vn 0.9919 -0.1095 0.0647
vn -0.0000 0.9896 0.1441
vn -0.0000 0.9868 0.1617
vn -0.0138 0.9928 0.1193
vn 0.0138 0.9928 0.1192
vn -0.0385 0.9862 0.1611
vn 0.0385 0.9862 0.1611
vn -0.0033 0.9998 0.0198
vn -0.0000 0.9739 0.2268
vn -0.0751 0.9909 0.1115
vn 0.0751 0.9909 0.1115
vn -0.0632 0.9762 0.2074
vn 0.1638 0.9865 0.0056
vn -0.1638 0.9865 0.0056
vn 0.0632 0.9762 0.2074
vn -0.1349 0.9688 0.2081
vn 0.0120 0.9989 -0.0459
vn -0.0120 0.9989 -0.0459
vn -0.0000 0.9994 -0.0335
vn -0.2165 0.9694 0.1155
vn 0.0592 0.9937 -0.0954
vn -0.0592 0.9937 -0.0954
vn 0.1349 0.9688 0.2081
vn -0.0265 0.9989 -0.0378
vn -0.0509 0.9968 -0.0611
vn 0.1788 0.9381 -0.2967
vn -0.1788 0.9381 -0.2967
vn 0.2165 0.9694 0.1155
vn 0.0265 0.9989 -0.0378
vn -0.0386 0.9712 -0.2353
vn -0.0724 0.9630 -0.2597
vn -0.3176 0.9452 -0.0750
vn -0.7084 0.6088 0.3570
vn 0.0509 0.9968 -0.0611
vn 0.0516 0.9890 -0.1389
vn 0.3176 0.9452 -0.0750
vn -0.0000 0.9739 -0.2269
vn 0.0420 0.8816 0.4702
vn -0.2362 0.9421 -0.2379
vn -0.0516 0.9890 -0.1389
vn 0.7084 0.6088 0.3570
vn -0.5620 -0.8176 -0.1257
vn 0.0386 0.9712 -0.2353
vn 0.0724 0.9630 -0.2597
vn 0.2362 0.9421 -0.2379
vn -0.4710 -0.0383 0.8813
vn -0.1855 0.8614 0.4728
vn 0.0006 0.8656 0.5008
vn 0.1855 0.8614 0.4728
vn 0.7599 -0.4228 0.4938
vn 0.5620 -0.8176 -0.1257
vn -0.7599 -0.4228 0.4937
vn -0.2554 -0.7657 -0.5902
vn -0.0006 0.8656 0.5008
vn -0.0420 0.8816 0.4702
vn 0.0474 -0.1154 0.9922
vn 0.1409 -0.0952 0.9854
vn 0.4710 -0.0383 0.8813
vn 0.5068 -0.5349 0.6761
vn -0.5068 -0.5349 0.6761
vn -0.1173 -0.9926 0.0326
vn -0.4331 -0.8959 0.0987
vn -0.0000 0.8639 0.5037
vn -0.1409 -0.0952 0.9854
vn 0.1507 -0.6537 0.7416
vn -0.0598 -0.9965 0.0582
vn -0.1507 -0.6537 0.7416
vn -0.0000 -0.1169 0.9931
vn -0.0474 -0.1154 0.9922
vn 0.4331 -0.8959 0.0987
vn 0.2555 -0.7657 -0.5902
vn -0.0471 -0.7441 -0.6664
vn -0.0000 -0.9991 0.0420
vn -0.0535 -0.6518 0.7565
vn 0.0535 -0.6518 0.7565
vn 0.1173 -0.9926 0.0326
vn -0.0000 -0.7393 -0.6734
vn 0.0471 -0.7441 -0.6664
vn -0.0000 -0.6460 0.7633
vn 0.0598 -0.9965 0.0582
vt 0.427810 0.784523
vt 0.442465 0.784523
vt 0.439608 0.777344
vt 0.445635 0.777344
vt 0.459946 0.765625
vt 0.444981 0.765625
vt 0.427042 0.765625
vt 0.459586 0.777344
vt 0.474021 0.765625
vt 0.474555 0.777344
vt 0.487662 0.765625
vt 0.459764 0.784523
vt 0.488115 0.777344
vt 0.433295 0.791393
vt 0.454333 0.793189
vt 0.470620 0.793933
vt 0.500000 0.765625
vt 0.475441 0.784523
vt 0.412805 0.797150
vt 0.447784 0.804164
vt 0.464920 0.806106
vt 0.500000 0.777344
vt 0.484915 0.794386
vt 0.427430 0.800837
vt 0.481646 0.808110
vt 0.511885 0.777344
vt 0.512338 0.765625
vt 0.500000 0.784523
vt 0.488841 0.784523
vt 0.416323 0.818550
vt 0.455736 0.829306
vt 0.500000 0.808903
vt 0.525445 0.777344
vt 0.500000 0.794559
vt 0.401029 0.813915
vt 0.436819 0.824972
vt 0.477679 0.832854
vt 0.525979 0.765625
vt 0.511159 0.784523
vt 0.500000 0.833780
vt 0.540414 0.777344
vt 0.524559 0.784523
vt 0.515085 0.794386
vt 0.518354 0.808110
vt 0.540054 0.765625
vt 0.540236 0.784523
vt 0.522321 0.832854
vt 0.529380 0.793933
vt 0.554365 0.777344
vt 0.535080 0.806106
vt 0.555019 0.765625
vt 0.545667 0.793189
vt 0.544264 0.829306
vt 0.557535 0.784523
vt 0.560392 0.777344
vt 0.552216 0.804164
vt 0.572190 0.784523
vt 0.572958 0.765625
vt 0.566705 0.791393
vt 0.563181 0.824972
vt 0.587195 0.797150
vt 0.572570 0.800837
vt 0.583677 0.818550
vt 0.598971 0.813915
vt 0.418836 0.753906
vt 0.435988 0.753906
vt 0.428694 0.742187
vt 0.437153 0.742187
vt 0.437447 0.733551
vt 0.452185 0.732083
vt 0.424794 0.734920
vt 0.453315 0.742187
vt 0.436220 0.725678
vt 0.451550 0.753906
vt 0.423588 0.729748
vt 0.415000 0.736158
vt 0.469626 0.729392
vt 0.451379 0.723050
vt 0.470025 0.753906
vt 0.409875 0.730554
vt 0.435056 0.719406
vt 0.470657 0.742187
vt 0.405260 0.743700
vt 0.422586 0.723185
vt 0.487077 0.727273
vt 0.468996 0.718706
vt 0.450774 0.715910
vt 0.487605 0.753906
vt 0.398134 0.736571
vt 0.485619 0.713822
vt 0.488235 0.742187
vt 0.467887 0.711245
vt 0.500000 0.753906
vt 0.500000 0.726582
vt 0.484961 0.705094
vt 0.500000 0.742187
vt 0.500000 0.711699
vt 0.512395 0.753906
vt 0.511765 0.742187
vt 0.514381 0.713822
vt 0.500000 0.702324
vt 0.529343 0.742187
vt 0.512923 0.727273
vt 0.515039 0.705094
vt 0.529975 0.753906
vt 0.530374 0.729392
vt 0.531004 0.718706
vt 0.532113 0.711245
vt 0.548450 0.753906
vt 0.546685 0.742187
vt 0.547815 0.732083
vt 0.548621 0.723050
vt 0.549226 0.715910
vt 0.564012 0.753906
vt 0.562847 0.742187
vt 0.563780 0.725678
vt 0.564944 0.719406
vt 0.571306 0.742187
vt 0.577414 0.723185
vt 0.562553 0.733551
vt 0.581164 0.753906
vt 0.576412 0.729748
vt 0.590125 0.730554
vt 0.575206 0.734920
vt 0.585000 0.736158
vt 0.594740 0.743700
vt 0.601866 0.736571
vt 0.406693 0.641119
vt 0.415304 0.650360
vt 0.413796 0.637530
vt 0.421986 0.646674
vt 0.424938 0.660442
vt 0.427165 0.633625
vt 0.431206 0.656589
vt 0.436270 0.642809
vt 0.435064 0.668024
vt 0.447932 0.627522
vt 0.448888 0.675695
vt 0.439031 0.662765
vt 0.443969 0.651515
vt 0.454819 0.636757
vt 0.466072 0.619196
vt 0.452265 0.669990
vt 0.470986 0.629582
vt 0.485213 0.611787
vt 0.462169 0.644233
vt 0.465462 0.683288
vt 0.457830 0.662374
vt 0.488346 0.624468
vt 0.500000 0.623506
vt 0.475641 0.639536
vt 0.484599 0.687402
vt 0.467957 0.676846
vt 0.490047 0.636417
vt 0.471881 0.653079
vt 0.500000 0.609375
vt 0.500000 0.688921
vt 0.485780 0.680505
vt 0.500000 0.635848
vt 0.480054 0.650743
vt 0.472140 0.668904
vt 0.514787 0.611787
vt 0.500000 0.681638
vt 0.500000 0.648490
vt 0.479500 0.657427
vt 0.490480 0.649077
vt 0.509953 0.636417
vt 0.511654 0.624468
vt 0.514220 0.680505
vt 0.486696 0.672293
vt 0.489841 0.660662
vt 0.524359 0.639536
vt 0.529014 0.629582
vt 0.515401 0.687402
vt 0.500000 0.673270
vt 0.500000 0.661545
vt 0.537831 0.644233
vt 0.545181 0.636757
vt 0.533928 0.619196
vt 0.509520 0.649077
vt 0.532043 0.676846
vt 0.513304 0.672293
vt 0.510159 0.660662
vt 0.519946 0.650743
vt 0.556031 0.651515
vt 0.552068 0.627522
vt 0.534538 0.683288
vt 0.527860 0.668904
vt 0.520500 0.657427
vt 0.528119 0.653079
vt 0.568794 0.656589
vt 0.563730 0.642809
vt 0.551112 0.675695
vt 0.547735 0.669990
vt 0.542170 0.662374
vt 0.578014 0.646674
vt 0.572835 0.633625
vt 0.564936 0.668024
vt 0.560969 0.662765
vt 0.586204 0.637530
vt 0.575062 0.660442
vt 0.584696 0.650360
vt 0.593307 0.641119
vt 0.500000 0.987551
vt 0.500000 0.982117
vt 0.472075 0.978583
vt 0.527925 0.978583
vt 0.473879 0.974298
vt 0.526121 0.974298
vt 0.451473 0.962414
vt 0.548527 0.962414
vt 0.500000 0.974059
vt 0.454771 0.958857
vt 0.545229 0.958857
vt 0.476824 0.967976
vt 0.440169 0.942624
vt 0.559831 0.942624
vt 0.523176 0.967976
vt 0.458821 0.954869
vt 0.446470 0.940368
vt 0.553530 0.940368
vt 0.500000 0.951474
vt 0.453221 0.943900
vt 0.435812 0.926208
vt 0.564188 0.926208
vt 0.541179 0.954869
vt 0.483621 0.949218
vt 0.467758 0.942867
vt 0.443433 0.924669
vt 0.555503 0.910724
vt 0.556567 0.924669
vt 0.546779 0.943900
vt 0.516379 0.949218
vt 0.488412 0.934477
vt 0.473974 0.931970
vt 0.456250 0.933498
vt 0.444497 0.910724
vt 0.546265 0.915552
vt 0.532242 0.942867
vt 0.545376 0.927274
vt 0.543750 0.933498
vt 0.500000 0.935010
vt 0.476744 0.924247
vt 0.462716 0.928014
vt 0.454624 0.927274
vt 0.453735 0.915552
vt 0.551422 0.893984
vt 0.545352 0.902289
vt 0.511588 0.934477
vt 0.526026 0.931970
vt 0.537284 0.928014
vt 0.537080 0.916138
vt 0.537473 0.921514
vt 0.489993 0.925434
vt 0.462527 0.921514
vt 0.454059 0.909106
vt 0.454648 0.902289
vt 0.545941 0.909106
vt 0.540520 0.882889
vt 0.510007 0.925434
vt 0.523256 0.924247
vt 0.490534 0.918544
vt 0.477834 0.917670
vt 0.462920 0.916138
vt 0.463277 0.910277
vt 0.536723 0.910277
vt 0.521632 0.906748
vt 0.537223 0.906818
vt 0.500000 0.925625
vt 0.522166 0.917670
vt 0.448578 0.893984
vt 0.478273 0.910439
vt 0.525764 0.873835
vt 0.509112 0.906837
vt 0.521727 0.910439
vt 0.500000 0.918649
vt 0.509466 0.918544
vt 0.462777 0.906818
vt 0.459480 0.882889
vt 0.510566 0.869188
vt 0.500000 0.906876
vt 0.509247 0.910944
vt 0.490753 0.910944
vt 0.478368 0.906748
vt 0.500000 0.868100
vt 0.489434 0.869188
vt 0.500000 0.911066
vt 0.474236 0.873835
vt 0.490888 0.906837
s 1
usemtl Material_93_0
f 2269/2269/1839 2270/2270/1840 2271/2271/1841
f 2270/2270/1840 2272/2272/1842 2271/2271/1841
f 2272/2272/1842 2273/2273/1843 2274/2274/1844
f 2271/2271/1841 2274/2274/1844 2275/2275/1845
f 2274/2274/1844 2271/2271/1841 2272/2272/1842
f 2273/2273/1843 2276/2276/1846 2277/2277/1847
f 2273/2273/1843 2272/2272/1842 2276/2276/1846
f 2277/2277/1847 2278/2278/1848 2279/2279/1849
f 2277/2277/1847 2276/2276/1846 2278/2278/1848
f 2272/2272/1842 2270/2270/1840 2280/2280/1850
f 2276/2276/1846 2280/2280/1850 2278/2278/1848
f 2276/2276/1846 2272/2272/1842 2280/2280/1850
f 2279/2279/1849 2278/2278/1848 2281/2281/1851
f 2270/2270/1840 2269/2269/1839 2282/2282/1852
f 2280/2280/1850 2283/2283/1853 2284/2284/1854
f 2270/2270/1840 2282/2282/1852 2283/2283/1853
f 2270/2270/1840 2283/2283/1853 2280/2280/1850
f 2279/2279/1849 2281/2281/1851 2285/2285/1855
f 2278/2278/1848 2286/2286/1856 2281/2281/1851
f 2280/2280/1850 2284/2284/1854 2286/2286/1856
f 2280/2280/1850 2286/2286/1856 2278/2278/1848
f 2269/2269/1839 2287/2287/1857 2282/2282/1852
f 2283/2283/1853 2288/2288/1858 2289/2289/1859
f 2283/2283/1853 2289/2289/1859 2284/2284/1854
f 2283/2283/1853 2282/2282/1852 2288/2288/1858
f 2285/2285/1855 2281/2281/1851 2290/2290/1860
f 2286/2286/1856 2284/2284/1854 2291/2291/1861
f 2287/2287/1857 2292/2292/1862 2282/2282/1852
f 2282/2282/1852 2292/2292/1862 2288/2288/1858
f 2289/2289/1859 2293/2293/1863 2284/2284/1854
f 2284/2284/1854 2293/2293/1863 2291/2291/1861
f 2285/2285/1855 2294/2294/1864 2295/2295/1865
f 2285/2285/1855 2290/2290/1860 2294/2294/1864
f 2281/2281/1851 2296/2296/1866 2290/2290/1860
f 2290/2290/1860 2296/2296/1866 2294/2294/1864
f 2286/2286/1856 2291/2291/1861 2297/2297/1867
f 2281/2281/1851 2297/2297/1867 2296/2296/1866
f 2281/2281/1851 2286/2286/1856 2297/2297/1867
f 2287/2287/1857 2298/2298/1868 2292/2292/1862
f 2288/2288/1858 2299/2299/1869 2289/2289/1859
f 2293/2293/1863 2300/2300/1870 2291/2291/1861
f 2295/2295/1865 2294/2294/1864 2301/2301/1871
f 2296/2296/1866 2297/2297/1867 2302/2302/1872
f 2291/2291/1861 2300/2300/1870 2302/2302/1872
f 2291/2291/1861 2302/2302/1872 2297/2297/1867
f 2287/2287/1857 2303/2303/1873 2298/2298/1868
f 2292/2292/1862 2304/2304/1874 2288/2288/1858
f 2304/2304/1874 2299/2299/1869 2288/2288/1858
f 2304/2304/1874 2292/2292/1862 2298/2298/1868
f 2289/2289/1859 2305/2305/1875 2293/2293/1863
f 2289/2289/1859 2299/2299/1869 2305/2305/1875
f 2295/2295/1865 2301/2301/1871 2306/2306/1876
f 2294/2294/1864 2296/2296/1866 2307/2307/1877
f 2296/2296/1866 2302/2302/1872 2307/2307/1877
f 2300/2300/1870 2293/2293/1863 2308/2308/1878
f 2293/2293/1863 2305/2305/1875 2308/2308/1878
f 2301/2301/1871 2309/2309/1879 2306/2306/1876
f 2294/2294/1864 2310/2310/1880 2301/2301/1871
f 2294/2294/1864 2307/2307/1877 2310/2310/1880
f 2302/2302/1872 2311/2311/1881 2307/2307/1877
f 2307/2307/1877 2311/2311/1881 2310/2310/1880
f 2302/2302/1872 2300/2300/1870 2311/2311/1881
f 2308/2308/1878 2312/2312/1882 2300/2300/1870
f 2300/2300/1870 2312/2312/1882 2311/2311/1881
f 2309/2309/1879 2313/2313/1883 2306/2306/1876
f 2301/2301/1871 2314/2314/1884 2309/2309/1879
f 2301/2301/1871 2310/2310/1880 2314/2314/1884
f 2308/2308/1878 2315/2315/1885 2312/2312/1882
f 2311/2311/1881 2312/2312/1882 2316/2316/1886
f 2310/2310/1880 2311/2311/1881 2316/2316/1886
f 2310/2310/1880 2316/2316/1886 2314/2314/1884
f 2313/2313/1883 2309/2309/1879 2317/2317/1887
f 2309/2309/1879 2314/2314/1884 2317/2317/1887
f 2315/2315/1885 2318/2318/1888 2312/2312/1882
f 2312/2312/1882 2318/2318/1888 2316/2316/1886
f 2313/2313/1883 2317/2317/1887 2319/2319/1889
f 2314/2314/1884 2316/2316/1886 2320/2320/1890
f 2316/2316/1886 2318/2318/1888 2320/2320/1890
f 2315/2315/1885 2321/2321/1891 2318/2318/1888
f 2317/2317/1887 2322/2322/1892 2323/2323/1893
f 2319/2319/1889 2317/2317/1887 2323/2323/1893
f 2314/2314/1884 2322/2322/1892 2317/2317/1887
f 2314/2314/1884 2320/2320/1890 2322/2322/1892
f 2321/2321/1891 2324/2324/1894 2318/2318/1888
f 2318/2318/1888 2324/2324/1894 2320/2320/1890
f 2322/2322/1892 2325/2325/1895 2323/2323/1893
f 2319/2319/1889 2323/2323/1893 2326/2326/1896
f 2322/2322/1892 2327/2327/1897 2325/2325/1895
f 2320/2320/1890 2324/2324/1894 2327/2327/1897
f 2320/2320/1890 2327/2327/1897 2322/2322/1892
f 2321/2321/1891 2328/2328/1898 2324/2324/1894
f 2325/2325/1895 2327/2327/1897 2329/2329/1899
f 2328/2328/1898 2330/2330/1900 2324/2324/1894
f 2327/2327/1897 2330/2330/1900 2329/2329/1899
f 2327/2327/1897 2324/2324/1894 2330/2330/1900
f 2328/2328/1898 2331/2331/1901 2330/2330/1900
f 2330/2330/1900 2331/2331/1901 2329/2329/1899
f 2331/2331/1901 2332/2332/1902 2329/2329/1899
f 2333/2333/1903 2334/2334/1904 2335/2335/1905
f 2334/2334/1904 2336/2336/1906 2335/2335/1905
f 2336/2336/1906 2337/2337/1907 2335/2335/1905
f 2336/2336/1906 2338/2338/1908 2337/2337/1907
f 2335/2335/1905 2337/2337/1907 2339/2339/1909
f 2336/2336/1906 2340/2340/1910 2338/2338/1908
f 2337/2337/1907 2341/2341/1911 2339/2339/1909
f 2337/2337/1907 2338/2338/1908 2341/2341/1911
f 2336/2336/1906 2334/2334/1904 2342/2342/1912
f 2336/2336/1906 2342/2342/1912 2340/2340/1910
f 2339/2339/1909 2343/2343/1913 2344/2344/1914
f 2339/2339/1909 2341/2341/1911 2343/2343/1913
f 2338/2338/1908 2345/2345/1915 2346/2346/1916
f 2342/2342/1912 2347/2347/1917 2340/2340/1910
f 2344/2344/1914 2343/2343/1913 2348/2348/1918
f 2341/2341/1911 2346/2346/1916 2349/2349/1919
f 2338/2338/1908 2340/2340/1910 2350/2350/1920
f 2338/2338/1908 2350/2350/1920 2345/2345/1915
f 2338/2338/1908 2346/2346/1916 2341/2341/1911
f 2340/2340/1910 2347/2347/1917 2350/2350/1920
f 2344/2344/1914 2348/2348/1918 2351/2351/1921
f 2343/2343/1913 2341/2341/1911 2352/2352/1922
f 2352/2352/1922 2341/2341/1911 2349/2349/1919
f 2352/2352/1922 2348/2348/1918 2343/2343/1913
f 2345/2345/1915 2353/2353/1923 2354/2354/1924
f 2346/2346/1916 2355/2355/1925 2349/2349/1919
f 2346/2346/1916 2345/2345/1915 2354/2354/1924
f 2346/2346/1916 2354/2354/1924 2355/2355/1925
f 2347/2347/1917 2356/2356/1926 2350/2350/1920
f 2351/2351/1921 2348/2348/1918 2357/2357/1927
f 2353/2353/1923 2358/2358/1928 2354/2354/1924
f 2345/2345/1915 2350/2350/1920 2359/2359/1929
f 2350/2350/1920 2356/2356/1926 2359/2359/1929
f 2345/2345/1915 2359/2359/1929 2353/2353/1923
f 2355/2355/1925 2354/2354/1924 2360/2360/1930
f 2354/2354/1924 2358/2358/1928 2360/2360/1930
f 2356/2356/1926 2361/2361/1931 2359/2359/1929
f 2353/2353/1923 2362/2362/1932 2358/2358/1928
f 2360/2360/1930 2358/2358/1928 2363/2363/1933
f 2361/2361/1931 2364/2364/1934 2359/2359/1929
f 2353/2353/1923 2364/2364/1934 2362/2362/1932
f 2353/2353/1923 2359/2359/1929 2364/2364/1934
f 2358/2358/1928 2362/2362/1932 2365/2365/1935
f 2358/2358/1928 2365/2365/1935 2363/2363/1933
f 2361/2361/1931 2366/2366/1936 2367/2367/1937
f 2361/2361/1931 2367/2367/1937 2364/2364/1934
f 2362/2362/1932 2368/2368/1938 2365/2365/1935
f 2363/2363/1933 2365/2365/1935 2369/2369/1939
f 2366/2366/1936 2370/2370/1940 2367/2367/1937
f 2364/2364/1934 2371/2371/1941 2362/2362/1932
f 2362/2362/1932 2371/2371/1941 2368/2368/1938
f 2364/2364/1934 2367/2367/1937 2371/2371/1941
f 2365/2365/1935 2372/2372/1942 2369/2369/1939
f 2365/2365/1935 2368/2368/1938 2372/2372/1942
f 2366/2366/1936 2373/2373/1943 2370/2370/1940
f 2367/2367/1937 2374/2374/1944 2371/2371/1941
f 2367/2367/1937 2370/2370/1940 2374/2374/1944
f 2368/2368/1938 2371/2371/1941 2375/2375/1945
f 2371/2371/1941 2374/2374/1944 2375/2375/1945
f 2372/2372/1942 2368/2368/1938 2376/2376/1946
f 2368/2368/1938 2375/2375/1945 2376/2376/1946
f 2373/2373/1943 2377/2377/1947 2378/2378/1948
f 2373/2373/1943 2378/2378/1948 2370/2370/1940
f 2374/2374/1944 2379/2379/1949 2380/2380/1950
f 2374/2374/1944 2380/2380/1950 2375/2375/1945
f 2370/2370/1940 2378/2378/1948 2379/2379/1949
f 2370/2370/1940 2379/2379/1949 2374/2374/1944
f 2376/2376/1946 2375/2375/1945 2381/2381/1951
f 2375/2375/1945 2380/2380/1950 2381/2381/1951
f 2377/2377/1947 2382/2382/1952 2383/2383/1953
f 2378/2378/1948 2383/2383/1953 2379/2379/1949
f 2378/2378/1948 2377/2377/1947 2383/2383/1953
f 2380/2380/1950 2384/2384/1954 2385/2385/1955
f 2380/2380/1950 2385/2385/1955 2381/2381/1951
f 2380/2380/1950 2379/2379/1949 2384/2384/1954
f 2382/2382/1952 2386/2386/1956 2383/2383/1953
f 2385/2385/1955 2384/2384/1954 2387/2387/1957
f 2379/2379/1949 2388/2388/1958 2384/2384/1954
f 2379/2379/1949 2383/2383/1953 2388/2388/1958
f 2382/2382/1952 2389/2389/1959 2386/2386/1956
f 2387/2387/1957 2384/2384/1954 2390/2390/1960
f 2383/2383/1953 2386/2386/1956 2388/2388/1958
f 2387/2387/1957 2390/2390/1960 2391/2391/1961
f 2384/2384/1954 2392/2392/1895 2390/2390/1960
f 2388/2388/1958 2386/2386/1956 2392/2392/1895
f 2388/2388/1958 2392/2392/1895 2384/2384/1954
f 2391/2391/1961 2390/2390/1960 2393/2393/1899
f 2390/2390/1960 2392/2392/1895 2393/2393/1899
f 2391/2391/1961 2393/2393/1899 2394/2394/1962
f 2391/2391/1961 2394/2394/1962 2395/2395/1963
f 2396/2396/1964 2397/2397/1965 2398/2398/1966
f 2397/2397/1965 2399/2399/1967 2398/2398/1966
f 2397/2397/1965 2400/2400/1922 2399/2399/1967
f 2398/2398/1966 2399/2399/1967 2401/2401/1968
f 2400/2400/1922 2402/2402/1969 2399/2399/1967
f 2401/2401/1968 2399/2399/1967 2403/2403/1970
f 2399/2399/1967 2402/2402/1969 2403/2403/1970
f 2400/2400/1922 2404/2404/1971 2402/2402/1969
f 2401/2401/1968 2403/2403/1970 2405/2405/1972
f 2404/2404/1971 2406/2406/1973 2407/2407/1974
f 2404/2404/1971 2407/2407/1974 2402/2402/1969
f 2403/2403/1970 2402/2402/1969 2408/2408/1975
f 2402/2402/1969 2407/2407/1974 2408/2408/1975
f 2405/2405/1972 2409/2409/1976 2410/2410/1977
f 2403/2403/1970 2408/2408/1975 2409/2409/1976
f 2403/2403/1970 2409/2409/1976 2405/2405/1972
f 2406/2406/1973 2411/2411/1978 2407/2407/1974
f 2410/2410/1977 2412/2412/1979 2413/2413/1980
f 2410/2410/1977 2409/2409/1976 2412/2412/1979
f 2408/2408/1975 2414/2414/1981 2409/2409/1976
f 2409/2409/1976 2414/2414/1981 2412/2412/1979
f 2406/2406/1973 2415/2415/1982 2411/2411/1978
f 2407/2407/1974 2411/2411/1978 2416/2416/1983
f 2408/2408/1975 2416/2416/1983 2414/2414/1981
f 2408/2408/1975 2407/2407/1974 2416/2416/1983
f 2413/2413/1980 2417/2417/1984 2418/2418/1985
f 2412/2412/1979 2419/2419/1986 2417/2417/1984
f 2412/2412/1979 2414/2414/1981 2419/2419/1986
f 2412/2412/1979 2417/2417/1984 2413/2413/1980
f 2415/2415/1982 2420/2420/1987 2421/2421/1988
f 2411/2411/1978 2421/2421/1988 2416/2416/1983
f 2411/2411/1978 2415/2415/1982 2421/2421/1988
f 2418/2418/1985 2417/2417/1984 2422/2422/1989
f 2417/2417/1984 2419/2419/1986 2422/2422/1989
f 2414/2414/1981 2423/2423/1990 2419/2419/1986
f 2414/2414/1981 2416/2416/1983 2423/2423/1990
f 2413/2413/1980 2418/2418/1985 2424/2424/1991
f 2420/2420/1987 2425/2425/1992 2426/2426/1993
f 2420/2420/1987 2426/2426/1993 2421/2421/1988
f 2422/2422/1989 2427/2427/1994 2418/2418/1985
f 2419/2419/1986 2428/2428/1995 2422/2422/1989
f 2419/2419/1986 2423/2423/1990 2428/2428/1995
f 2416/2416/1983 2421/2421/1988 2429/2429/1996
f 2421/2421/1988 2426/2426/1993 2429/2429/1996
f 2416/2416/1983 2429/2429/1996 2423/2423/1990
f 2424/2424/1991 2418/2418/1985 2430/2430/1997
f 2425/2425/1992 2431/2431/1998 2426/2426/1993
f 2427/2427/1994 2422/2422/1989 2432/2432/1999
f 2428/2428/1995 2433/2433/2000 2434/2434/2001
f 2428/2428/1995 2423/2423/1990 2433/2433/2000
f 2422/2422/1989 2434/2434/2001 2432/2432/1999
f 2422/2422/1989 2428/2428/1995 2434/2434/2001
f 2423/2423/1990 2429/2429/1996 2433/2433/2000
f 2418/2418/1985 2435/2435/2002 2436/2436/2003
f 2418/2418/1985 2436/2436/2003 2430/2430/1997
f 2427/2427/1994 2435/2435/2002 2418/2418/1985
f 2427/2427/1994 2432/2432/1999 2435/2435/2002
f 2425/2425/1992 2437/2437/2004 2431/2431/1998
f 2426/2426/1993 2431/2431/1998 2438/2438/2005
f 2429/2429/1996 2438/2438/2005 2433/2433/2000
f 2429/2429/1996 2426/2426/1993 2438/2438/2005
f 2434/2434/2001 2439/2439/2006 2432/2432/1999
f 2433/2433/2000 2438/2438/2005 2439/2439/2006
f 2433/2433/2000 2439/2439/2006 2434/2434/2001
f 2436/2436/2003 2440/2440/2007 2441/2441/2008
f 2436/2436/2003 2441/2441/2008 2430/2430/1997
f 2436/2436/2003 2435/2435/2002 2440/2440/2007
f 2425/2425/1992 2442/2442/2009 2437/2437/2004
f 2431/2431/1998 2443/2443/2010 2438/2438/2005
f 2438/2438/2005 2443/2443/2010 2439/2439/2006
f 2432/2432/1999 2439/2439/2006 2444/2444/2011
f 2439/2439/2006 2443/2443/2010 2444/2444/2011
f 2441/2441/2008 2445/2445/2012 2446/2446/2013
f 2430/2430/1997 2441/2441/2008 2447/2447/2014
f 2441/2441/2008 2440/2440/2007 2445/2445/2012
f 2441/2441/2008 2446/2446/2013 2447/2447/2014
f 2435/2435/2002 2432/2432/1999 2448/2448/2015
f 2442/2442/2009 2449/2449/2016 2437/2437/2004
f 2431/2431/1998 2450/2450/2017 2443/2443/2010
f 2431/2431/1998 2437/2437/2004 2450/2450/2017
f 2444/2444/2011 2451/2451/2018 2432/2432/1999
f 2443/2443/2010 2451/2451/2018 2444/2444/2011
f 2443/2443/2010 2450/2450/2017 2451/2451/2018
f 2432/2432/1999 2451/2451/2018 2448/2448/2015
f 2440/2440/2007 2435/2435/2002 2452/2452/2019
f 2435/2435/2002 2448/2448/2015 2452/2452/2019
f 2445/2445/2012 2453/2453/2020 2446/2446/2013
f 2447/2447/2014 2446/2446/2013 2454/2454/2021
f 2442/2442/2009 2455/2455/2022 2449/2449/2016
f 2437/2437/2004 2456/2456/2023 2450/2450/2017
f 2437/2437/2004 2449/2449/2016 2456/2456/2023
f 2451/2451/2018 2450/2450/2017 2457/2457/2024
f 2448/2448/2015 2451/2451/2018 2457/2457/2024
f 2448/2448/2015 2457/2457/2024 2452/2452/2019
f 2450/2450/2017 2456/2456/2023 2457/2457/2024
f 2440/2440/2007 2458/2458/2025 2445/2445/2012
f 2457/2457/2024 2458/2458/2025 2452/2452/2019
f 2452/2452/2019 2458/2458/2025 2440/2440/2007
f 2457/2457/2024 2456/2456/2023 2458/2458/2025
f 2453/2453/2020 2459/2459/2026 2460/2460/2027
f 2446/2446/2013 2453/2453/2020 2460/2460/2027
f 2446/2446/2013 2460/2460/2027 2454/2454/2021
f 2455/2455/2022 2461/2461/2028 2462/2462/2029
f 2455/2455/2022 2462/2462/2029 2449/2449/2016
f 2445/2445/2012 2458/2458/2025 2463/2463/2030
f 2449/2449/2016 2463/2463/2030 2456/2456/2023
f 2456/2456/2023 2463/2463/2030 2458/2458/2025
f 2449/2449/2016 2462/2462/2029 2463/2463/2030
f 2445/2445/2012 2463/2463/2030 2453/2453/2020
f 2459/2459/2026 2464/2464/2031 2460/2460/2027
f 2454/2454/2021 2460/2460/2027 2465/2465/2032
f 2460/2460/2027 2464/2464/2031 2465/2465/2032
f 2461/2461/2028 2466/2466/2033 2467/2467/2034
f 2467/2467/2034 2462/2462/2029 2461/2461/2028
f 2467/2467/2034 2453/2453/2020 2463/2463/2030
f 2467/2467/2034 2466/2466/2033 2459/2459/2026
f 2467/2467/2034 2463/2463/2030 2462/2462/2029
f 2467/2467/2034 2459/2459/2026 2453/2453/2020
f 2464/2464/2031 2468/2468/2035 2465/2465/2032
f 2466/2466/2033 2469/2469/1957 2459/2459/2026
f 2459/2459/2026 2469/2469/1957 2464/2464/2031
f 2468/2468/2035 2470/2470/2036 2471/2471/2037
f 2470/2470/2036 2464/2464/2031 2469/2469/1957
f 2464/2464/2031 2470/2470/2036 2468/2468/2035
f 2472/2472/2038 2473/2473/2039 2474/2474/2040
f 2472/2472/2038 2475/2475/2041 2473/2473/2039
f 2474/2474/2040 2473/2473/2039 2476/2476/2042
f 2475/2475/2041 2477/2477/2043 2473/2473/2039
f 2474/2474/2040 2476/2476/2042 2478/2478/1847
f 2475/2475/2041 2479/2479/2044 2477/2477/2043
f 2473/2473/2039 2480/2480/2045 2476/2476/2042
f 2473/2473/2039 2477/2477/2043 2480/2480/2045
f 2478/2478/1847 2476/2476/2042 2481/2481/2046
f 2479/2479/2044 2482/2482/2047 2477/2477/2043
f 2480/2480/2045 2483/2483/2048 2476/2476/2042
f 2476/2476/2042 2483/2483/2048 2481/2481/2046
f 2478/2478/1847 2481/2481/2046 2484/2484/2049
f 2479/2479/2044 2485/2485/2050 2482/2482/2047
f 2477/2477/2043 2486/2486/2051 2480/2480/2045
f 2477/2477/2043 2482/2482/2047 2486/2486/2051
f 2483/2483/2048 2487/2487/2052 2481/2481/2046
f 2484/2484/2049 2481/2481/2046 2488/2488/2053
f 2485/2485/2050 2489/2489/2054 2482/2482/2047
f 2480/2480/2045 2490/2490/2055 2483/2483/2048
f 2480/2480/2045 2486/2486/2051 2490/2490/2055
f 2487/2487/2052 2491/2491/2056 2481/2481/2046
f 2481/2481/2046 2491/2491/2056 2488/2488/2053
f 2484/2484/2049 2488/2488/2053 2492/2492/2057
f 2485/2485/2050 2493/2493/2058 2489/2489/2054
f 2482/2482/2047 2494/2494/2059 2486/2486/2051
f 2483/2483/2048 2490/2490/2055 2495/2495/2060
f 2487/2487/2052 2483/2483/2048 2496/2496/2061
f 2483/2483/2048 2495/2495/2060 2496/2496/2061
f 2487/2487/2052 2496/2496/2061 2491/2491/2056
f 2488/2488/2053 2497/2497/2062 2492/2492/2057
f 2493/2493/2058 2498/2498/1896 2499/2499/2063
f 2493/2493/2058 2499/2499/2063 2489/2489/2054
f 2482/2482/2047 2500/2500/2064 2494/2494/2059
f 2482/2482/2047 2489/2489/2054 2500/2500/2064
f 2486/2486/2051 2501/2501/2065 2490/2490/2055
f 2495/2495/2060 2490/2490/2055 2502/2502/2066
f 2496/2496/2061 2495/2495/2060 2503/2503/2067
f 2495/2495/2060 2502/2502/2066 2503/2503/2067
f 2491/2491/2056 2496/2496/2061 2504/2504/2068
f 2491/2491/2056 2504/2504/2068 2488/2488/2053
f 2497/2497/2062 2505/2505/1845 2492/2492/2057
f 2498/2498/1896 2506/2506/2069 2499/2499/2063
f 2494/2494/2059 2507/2507/2070 2486/2486/2051
f 2486/2486/2051 2507/2507/2070 2501/2501/2065
f 2494/2494/2059 2500/2500/2064 2507/2507/2070
f 2489/2489/2054 2508/2508/2071 2509/2509/2072
f 2489/2489/2054 2499/2499/2063 2508/2508/2071
f 2500/2500/2064 2509/2509/2072 2507/2507/2070
f 2500/2500/2064 2489/2489/2054 2509/2509/2072
f 2499/2499/2063 2506/2506/2069 2508/2508/2071
f 2490/2490/2055 2510/2510/2073 2502/2502/2066
f 2503/2503/2067 2502/2502/2066 2511/2511/2074
f 2496/2496/2061 2512/2512/2075 2504/2504/2068
f 2503/2503/2067 2511/2511/2074 2512/2512/2075
f 2503/2503/2067 2512/2512/2075 2496/2496/2061
f 2488/2488/2053 2504/2504/2068 2513/2513/2076
f 2504/2504/2068 2512/2512/2075 2513/2513/2076
f 2488/2488/2053 2513/2513/2076 2497/2497/2062
f 2505/2505/1845 2497/2497/2062 2514/2514/2077
f 2497/2497/2062 2513/2513/2076 2514/2514/2077
f 2498/2498/1896 2515/2515/1952 2516/2516/2078
f 2501/2501/2065 2517/2517/2079 2490/2490/2055
f 2490/2490/2055 2517/2517/2079 2510/2510/2073
f 2507/2507/2070 2518/2518/2080 2501/2501/2065
f 2501/2501/2065 2518/2518/2080 2517/2517/2079
f 2509/2509/2072 2519/2519/2081 2507/2507/2070
f 2507/2507/2070 2519/2519/2081 2518/2518/2080
f 2509/2509/2072 2508/2508/2071 2519/2519/2081
f 2506/2506/2069 2520/2520/2082 2521/2521/2083
f 2508/2508/2071 2506/2506/2069 2521/2521/2083
f 2508/2508/2071 2521/2521/2083 2519/2519/2081
f 2502/2502/2066 2510/2510/2073 2522/2522/2084
f 2502/2502/2066 2522/2522/2084 2511/2511/2074
f 2512/2512/2075 2511/2511/2074 2523/2523/2085
f 2513/2513/2076 2523/2523/2085 2514/2514/2077
f 2513/2513/2076 2512/2512/2075 2523/2523/2085
f 2505/2505/1845 2524/2524/2086 2525/2525/2087
f 2498/2498/1896 2516/2516/2078 2526/2526/2088
f 2506/2506/2069 2526/2526/2088 2520/2520/2082
f 2506/2506/2069 2498/2498/1896 2526/2526/2088
f 2515/2515/1952 2527/2527/2089 2516/2516/2078
f 2517/2517/2079 2528/2528/2090 2510/2510/2073
f 2518/2518/2080 2529/2529/2091 2517/2517/2079
f 2519/2519/2081 2521/2521/2083 2529/2529/2091
f 2521/2521/2083 2520/2520/2082 2529/2529/2091
f 2519/2519/2081 2529/2529/2091 2518/2518/2080
f 2517/2517/2079 2529/2529/2091 2528/2528/2090
f 2522/2522/2084 2530/2530/2092 2531/2531/2093
f 2511/2511/2074 2531/2531/2093 2532/2532/2094
f 2514/2514/2077 2523/2523/2085 2532/2532/2094
f 2514/2514/2077 2524/2524/2086 2505/2505/1845
f 2511/2511/2074 2522/2522/2084 2531/2531/2093
f 2511/2511/2074 2532/2532/2094 2523/2523/2085
f 2514/2514/2077 2532/2532/2094 2524/2524/2086
f 2525/2525/2087 2524/2524/2086 2533/2533/2095
f 2532/2532/2094 2531/2531/2093 2533/2533/2095
f 2532/2532/2094 2533/2533/2095 2524/2524/2086
f 2526/2526/2088 2516/2516/2078 2534/2534/2096
f 2526/2526/2088 2534/2534/2096 2520/2520/2082
f 2527/2527/2089 2535/2535/2097 2536/2536/2098
f 2516/2516/2078 2536/2536/2098 2534/2534/2096
f 2516/2516/2078 2527/2527/2089 2536/2536/2098
f 2510/2510/2073 2537/2537/2099 2522/2522/2084
f 2522/2522/2084 2537/2537/2099 2530/2530/2092
f 2510/2510/2073 2528/2528/2090 2537/2537/2099
f 2529/2529/2091 2520/2520/2082 2538/2538/2100
f 2520/2520/2082 2534/2534/2096 2538/2538/2100
f 2529/2529/2091 2538/2538/2100 2528/2528/2090
f 2505/2505/1845 2525/2525/2087 2539/2539/1904
f 2531/2531/2093 2530/2530/2092 2540/2540/2101
f 2531/2531/2093 2540/2540/2101 2533/2533/2095
f 2535/2535/2097 2541/2541/1943 2542/2542/2102
f 2527/2527/2089 2541/2541/1943 2535/2535/2097
f 2536/2536/2098 2535/2535/2097 2543/2543/2103
f 2534/2534/2096 2536/2536/2098 2543/2543/2103
f 2534/2534/2096 2543/2543/2103 2538/2538/2100
f 2537/2537/2099 2544/2544/2104 2530/2530/2092
f 2528/2528/2090 2538/2538/2100 2545/2545/2105
f 2537/2537/2099 2545/2545/2105 2544/2544/2104
f 2537/2537/2099 2528/2528/2090 2545/2545/2105
f 2538/2538/2100 2543/2543/2103 2545/2545/2105
f 2525/2525/2087 2533/2533/2095 2546/2546/2106
f 2533/2533/2095 2540/2540/2101 2546/2546/2106
f 2539/2539/1904 2525/2525/2087 2547/2547/2107
f 2525/2525/2087 2546/2546/2106 2547/2547/2107
f 2542/2542/2102 2548/2548/2108 2549/2549/2109
f 2541/2541/1943 2548/2548/2108 2542/2542/2102
f 2535/2535/2097 2542/2542/2102 2550/2550/2110
f 2545/2545/2105 2550/2550/2110 2544/2544/2104
f 2543/2543/2103 2535/2535/2097 2550/2550/2110
f 2543/2543/2103 2550/2550/2110 2545/2545/2105
f 2530/2530/2092 2544/2544/2104 2551/2551/2111
f 2530/2530/2092 2551/2551/2111 2540/2540/2101
f 2546/2546/2106 2552/2552/2112 2547/2547/2107
f 2540/2540/2101 2551/2551/2111 2552/2552/2112
f 2540/2540/2101 2552/2552/2112 2546/2546/2106
f 2549/2549/2109 2553/2553/2113 2554/2554/2114
f 2553/2553/2113 2549/2549/2109 2548/2548/2108
f 2542/2542/2102 2549/2549/2109 2555/2555/2115
f 2544/2544/2104 2550/2550/2110 2555/2555/2115
f 2550/2550/2110 2542/2542/2102 2555/2555/2115
f 2544/2544/2104 2555/2555/2115 2551/2551/2111
f 2547/2547/2107 2552/2552/2112 2556/2556/1917
f 2554/2554/2114 2557/2557/2116 2549/2549/2109
f 2557/2557/2116 2555/2555/2115 2549/2549/2109
f 2557/2557/2116 2551/2551/2111 2555/2555/2115
f 2557/2557/2116 2556/2556/1917 2552/2552/2112
f 2557/2557/2116 2554/2554/2114 2556/2556/1917
f 2557/2557/2116 2552/2552/2112 2551/2551/2111
o Object_11
v -0.000001 0.507342 0.273871
v -0.012780 0.504122 0.272469
v -0.011259 0.495773 0.283736
v -0.014517 0.511195 0.259705
v -0.000001 0.497744 0.284894
v -0.000001 0.516936 0.260853
v 0.011258 0.495773 0.283736
v 0.014516 0.511196 0.259705
v 0.012779 0.504122 0.272469
v -0.026099 0.488541 0.280386
v -0.029316 0.494053 0.268976
v -0.000000 0.486202 0.295014
v 0.029315 0.494053 0.268976
v 0.026098 0.488541 0.280386
v -0.032834 0.499834 0.257284
v -0.021385 0.479755 0.290569
v -0.037660 0.478386 0.274968
v -0.029289 0.474856 0.287589
v 0.010682 0.484520 0.293878
v -0.010683 0.484520 0.293878
v 0.011319 0.472933 0.302006
v -0.011320 0.472933 0.302006
v -0.000000 0.472885 0.304315
v 0.032833 0.499834 0.257284
v 0.021384 0.479756 0.290569
v 0.037659 0.478387 0.274968
v 0.029289 0.474856 0.287589
v -0.043516 0.481518 0.264655
v -0.047429 0.485938 0.252586
v -0.022094 0.473520 0.295090
v -0.044776 0.462976 0.285956
v -0.030464 0.460774 0.298125
v -0.000000 0.459184 0.309659
v 0.022093 0.473520 0.295090
v 0.014650 0.459319 0.306416
v 0.043515 0.481518 0.264655
v 0.047428 0.485938 0.252586
v -0.063421 0.473677 0.259108
v -0.068814 0.478876 0.246002
v -0.057906 0.468638 0.270536
v -0.014651 0.459319 0.306416
v -0.034094 0.451218 0.297515
v -0.015957 0.449727 0.307655
v 0.030463 0.460774 0.298125
v -0.000000 0.449039 0.311430
v 0.015956 0.449728 0.307655
v 0.063420 0.473677 0.259108
v 0.068813 0.478877 0.246002
v 0.044775 0.462976 0.285956
v 0.057905 0.468638 0.270536
v -0.075478 0.465064 0.250724
v -0.080315 0.470982 0.238632
v -0.062968 0.456334 0.273934
v -0.069886 0.459539 0.264851
v -0.016557 0.442092 0.304556
v -0.049851 0.453522 0.285674
v -0.034184 0.443667 0.294866
v -0.000000 0.441338 0.308069
v 0.034093 0.451219 0.297515
v 0.016556 0.442092 0.304556
v 0.075477 0.465064 0.250724
v 0.080314 0.470983 0.238632
v 0.062968 0.456334 0.273934
v 0.069885 0.459540 0.264851
v -0.078541 0.458279 0.246332
v -0.083172 0.464132 0.233423
v -0.064024 0.449141 0.271938
v -0.073242 0.452884 0.261051
v -0.050506 0.446281 0.283462
v 0.034183 0.443667 0.294866
v 0.078540 0.458280 0.246332
v 0.083171 0.464132 0.233423
v 0.049850 0.453522 0.285674
v 0.073241 0.452885 0.261051
v 0.064024 0.449141 0.271938
v 0.050506 0.446281 0.283462
v -0.069529 0.448379 0.255725
v -0.073748 0.448828 0.245139
v -0.067627 0.447109 0.253846
v -0.078541 0.458279 0.246332
v -0.059713 0.444718 0.260929
v -0.073242 0.452884 0.261051
v -0.060598 0.445724 0.266746
v -0.075951 0.455653 0.231024
v -0.047171 0.442110 0.268958
v -0.064024 0.449141 0.271938
v -0.083172 0.464132 0.233423
v -0.047790 0.443024 0.276538
v -0.032962 0.439471 0.276952
v -0.032158 0.440944 0.286403
v -0.018340 0.437594 0.283020
v -0.050506 0.446281 0.283462
v -0.017429 0.439380 0.293858
v -0.000000 0.436834 0.285433
v -0.034184 0.443667 0.294866
v -0.000000 0.438833 0.296568
v 0.017428 0.439380 0.293858
v 0.018339 0.437594 0.283020
v -0.016557 0.442092 0.304556
v 0.032158 0.440944 0.286403
v 0.032961 0.439471 0.276952
v -0.000000 0.441338 0.308069
v 0.016556 0.442092 0.304556
v 0.047789 0.443025 0.276538
v 0.047170 0.442110 0.268958
v 0.034183 0.443667 0.294866
v 0.060597 0.445725 0.266746
v 0.059713 0.444719 0.260929
v 0.050506 0.446281 0.283462
v 0.069528 0.448379 0.255725
v 0.067626 0.447109 0.253846
v 0.064024 0.449141 0.271938
v 0.073747 0.448829 0.245139
v 0.073241 0.452885 0.261051
v 0.078540 0.458280 0.246332
v 0.075951 0.455654 0.231024
v 0.083171 0.464132 0.233423
v -0.036999 0.428818 0.255722
v -0.020357 0.425750 0.259230
v -0.034554 0.433934 0.267460
v -0.020272 0.426928 0.233343
v -0.048526 0.437322 0.261135
v -0.036892 0.431353 0.231346
v -0.051018 0.433708 0.251761
v -0.019697 0.431551 0.271800
v -0.000000 0.424828 0.234035
v -0.000000 0.424284 0.261026
v -0.062167 0.442237 0.253054
v -0.047171 0.442110 0.268958
v -0.059713 0.444718 0.260929
v -0.051175 0.436877 0.229660
v -0.000000 0.430479 0.274041
v -0.032962 0.439471 0.276952
v -0.018340 0.437594 0.283020
v 0.020357 0.425750 0.259230
v 0.020272 0.426929 0.233343
v -0.067627 0.447109 0.253846
v -0.064720 0.440030 0.247405
v -0.073748 0.448828 0.245139
v -0.000000 0.436834 0.285433
v 0.019696 0.431551 0.271800
v 0.018339 0.437594 0.283020
v 0.036999 0.428818 0.255722
v 0.036892 0.431353 0.231346
v -0.066029 0.445541 0.229762
v -0.075951 0.455653 0.231024
v 0.032961 0.439471 0.276952
v 0.034553 0.433934 0.267460
v 0.051018 0.433708 0.251761
v 0.051174 0.436878 0.229660
v 0.047170 0.442110 0.268958
v 0.048526 0.437322 0.261135
v 0.064720 0.440030 0.247405
v 0.066029 0.445542 0.229762
v 0.059713 0.444719 0.260929
v 0.062166 0.442237 0.253054
v 0.073747 0.448829 0.245139
v 0.075951 0.455654 0.231024
v 0.067626 0.447109 0.253846
vn -0.0000 0.8042 0.5944
vn -0.3868 0.7564 0.5275
vn -0.3291 0.6756 0.6598
vn -0.4149 0.7544 0.5087
vn -0.0000 0.7098 0.7044
vn -0.0000 0.8050 0.5933
vn 0.3291 0.6756 0.6598
vn 0.4149 0.7544 0.5087
vn 0.3868 0.7564 0.5275
vn -0.5712 0.5816 0.5792
vn -0.5970 0.6358 0.4892
vn -0.0000 0.6221 0.7829
vn 0.5970 0.6358 0.4892
vn 0.5712 0.5816 0.5792
vn -0.5949 0.6413 0.4845
vn -0.5007 0.5405 0.6761
vn -0.5816 0.6044 0.5444
vn -0.5695 0.5347 0.6243
vn 0.3156 0.5944 0.7396
vn -0.3156 0.5944 0.7396
vn 0.3155 0.4591 0.8305
vn -0.3155 0.4591 0.8305
vn -0.0000 0.4649 0.8854
vn 0.5949 0.6414 0.4845
vn 0.5007 0.5405 0.6761
vn 0.5816 0.6044 0.5444
vn 0.5695 0.5347 0.6243
vn -0.5558 0.6747 0.4857
vn -0.5396 0.7128 0.4481
vn -0.4932 0.4995 0.7122
vn -0.5507 0.4527 0.7013
vn -0.5100 0.3312 0.7938
vn -0.0000 0.2621 0.9650
vn 0.4932 0.4995 0.7122
vn 0.3296 0.2731 0.9038
vn 0.5558 0.6747 0.4857
vn 0.5396 0.7128 0.4480
vn -0.5653 0.6512 0.5063
vn -0.6075 0.6132 0.5050
vn -0.5509 0.5839 0.5963
vn -0.3296 0.2731 0.9038
vn -0.5597 -0.0526 0.8270
vn -0.3523 -0.0926 0.9313
vn 0.5100 0.3312 0.7938
vn -0.0000 -0.1238 0.9923
vn 0.3523 -0.0926 0.9313
vn 0.5653 0.6512 0.5063
vn 0.6075 0.6132 0.5050
vn 0.5507 0.4527 0.7013
vn 0.5509 0.5839 0.5963
vn -0.8196 0.3371 0.4634
vn -0.8506 0.2671 0.4529
vn -0.7018 0.1581 0.6947
vn -0.7708 0.2838 0.5703
vn -0.2845 -0.7062 0.6483
vn -0.6235 0.0507 0.7802
vn -0.4538 -0.6710 0.5863
vn -0.0000 -0.7461 0.6658
vn 0.5597 -0.0526 0.8270
vn 0.2845 -0.7062 0.6483
vn 0.8196 0.3371 0.4634
vn 0.8506 0.2671 0.4529
vn 0.7017 0.1581 0.6947
vn 0.7708 0.2838 0.5703
vn -0.9456 -0.2230 0.2370
vn -0.9328 -0.3009 0.1982
vn -0.6817 -0.5166 0.5181
vn -0.8578 -0.3454 0.3807
vn -0.5550 -0.5950 0.5814
vn 0.4538 -0.6710 0.5863
vn 0.9456 -0.2230 0.2369
vn 0.9328 -0.3009 0.1983
vn 0.6235 0.0507 0.7802
vn 0.8578 -0.3454 0.3806
vn 0.6817 -0.5166 0.5181
vn 0.5550 -0.5950 0.5813
vn -0.5905 -0.7882 0.1735
vn -0.7856 -0.6151 0.0676
vn -0.5191 -0.8212 0.2370
vn -0.9456 -0.2230 0.2369
vn -0.4433 -0.8549 0.2696
vn -0.4075 -0.8939 0.1866
vn -0.7795 -0.6164 -0.1116
vn -0.3608 -0.8773 0.3165
vn -0.9328 -0.3010 0.1982
vn -0.3082 -0.9304 0.1984
vn -0.2841 -0.8988 0.3339
vn -0.2403 -0.9479 0.2090
vn -0.1628 -0.9329 0.3213
vn -0.1394 -0.9661 0.2171
vn -0.0000 -0.9461 0.3240
vn -0.0000 -0.9790 0.2040
vn 0.1394 -0.9661 0.2171
vn 0.1628 -0.9329 0.3213
vn -0.2844 -0.7063 0.6483
vn 0.2403 -0.9479 0.2090
vn 0.2841 -0.8988 0.3339
vn -0.0000 -0.7462 0.6657
vn 0.2844 -0.7063 0.6483
vn 0.3082 -0.9304 0.1984
vn 0.3608 -0.8773 0.3165
vn 0.4075 -0.8939 0.1866
vn 0.4433 -0.8549 0.2696
vn 0.5550 -0.5950 0.5814
vn 0.5905 -0.7882 0.1735
vn 0.5191 -0.8212 0.2370
vn 0.7856 -0.6151 0.0676
vn 0.8578 -0.3454 0.3807
vn 0.7795 -0.6164 -0.1116
vn 0.9328 -0.3009 0.1982
vn -0.3018 -0.9354 0.1843
vn -0.1601 -0.9655 0.2052
vn -0.3384 -0.8122 0.4752
vn -0.1624 -0.9847 -0.0638
vn -0.4508 -0.7620 0.4648
vn -0.2908 -0.9503 -0.1113
vn -0.4255 -0.8896 0.1659
vn -0.1935 -0.8676 0.4581
vn -0.0000 -0.9994 -0.0349
vn -0.0000 -0.9757 0.2191
vn -0.5588 -0.7054 0.4362
vn -0.3608 -0.8773 0.3166
vn -0.4433 -0.8548 0.2697
vn -0.3996 -0.9026 -0.1601
vn -0.0000 -0.8882 0.4594
vn -0.2841 -0.8987 0.3340
vn -0.1628 -0.9329 0.3214
vn 0.1601 -0.9655 0.2052
vn 0.1624 -0.9847 -0.0638
vn -0.5191 -0.8212 0.2371
vn -0.5969 -0.7854 0.1638
vn -0.7855 -0.6151 0.0675
vn 0.1935 -0.8676 0.4581
vn 0.1628 -0.9328 0.3214
vn 0.3018 -0.9354 0.1843
vn 0.2908 -0.9503 -0.1114
vn -0.6088 -0.7644 -0.2124
vn 0.2841 -0.8987 0.3340
vn 0.3384 -0.8122 0.4752
vn 0.4255 -0.8896 0.1659
vn 0.3996 -0.9026 -0.1601
vn 0.4508 -0.7620 0.4649
vn 0.5969 -0.7854 0.1638
vn 0.6088 -0.7644 -0.2124
vn 0.4433 -0.8548 0.2697
vn 0.5588 -0.7053 0.4362
vn 0.7855 -0.6151 0.0675
vn 0.5192 -0.8211 0.2371
vt 0.500000 0.623506
vt 0.488346 0.624468
vt 0.490047 0.636417
vt 0.485213 0.611787
vt 0.500000 0.635848
vt 0.500000 0.609375
vt 0.509953 0.636417
vt 0.514787 0.611787
vt 0.511654 0.624468
vt 0.475641 0.639536
vt 0.470986 0.629582
vt 0.500000 0.648490
vt 0.529014 0.629582
vt 0.524359 0.639536
vt 0.466072 0.619196
vt 0.480054 0.650743
vt 0.462169 0.644233
vt 0.471881 0.653079
vt 0.509520 0.649077
vt 0.490480 0.649077
vt 0.510159 0.660662
vt 0.489841 0.660662
vt 0.500000 0.661545
vt 0.533928 0.619196
vt 0.519946 0.650743
vt 0.537831 0.644233
vt 0.528119 0.653079
vt 0.454819 0.636757
vt 0.447932 0.627522
vt 0.479500 0.657427
vt 0.457830 0.662374
vt 0.472140 0.668904
vt 0.500000 0.673270
vt 0.520500 0.657427
vt 0.513304 0.672293
vt 0.545181 0.636757
vt 0.552068 0.627522
vt 0.436270 0.642809
vt 0.427165 0.633625
vt 0.443969 0.651515
vt 0.486696 0.672293
vt 0.467957 0.676846
vt 0.485780 0.680505
vt 0.527860 0.668904
vt 0.500000 0.681638
vt 0.514220 0.680505
vt 0.563730 0.642809
vt 0.572835 0.633625
vt 0.542170 0.662374
vt 0.556031 0.651515
vt 0.421986 0.646674
vt 0.413796 0.637530
vt 0.439031 0.662765
vt 0.431206 0.656589
vt 0.484599 0.687402
vt 0.452265 0.669990
vt 0.465462 0.683288
vt 0.500000 0.688921
vt 0.532043 0.676846
vt 0.515401 0.687402
vt 0.578014 0.646674
vt 0.586204 0.637530
vt 0.560969 0.662765
vt 0.568794 0.656589
vt 0.415304 0.650360
vt 0.406693 0.641119
vt 0.435064 0.668024
vt 0.424938 0.660442
vt 0.448888 0.675695
vt 0.534538 0.683288
vt 0.584696 0.650360
vt 0.593307 0.641119
vt 0.547735 0.669990
vt 0.575062 0.660442
vt 0.564936 0.668024
vt 0.551112 0.675695
vt 0.423588 0.729748
vt 0.415000 0.736158
vt 0.424794 0.734920
vt 0.409875 0.730554
vt 0.437447 0.733551
vt 0.422586 0.723185
vt 0.436220 0.725678
vt 0.405260 0.743700
vt 0.452185 0.732083
vt 0.435056 0.719406
vt 0.398134 0.736571
vt 0.451379 0.723050
vt 0.469626 0.729392
vt 0.468996 0.718706
vt 0.487077 0.727273
vt 0.450774 0.715910
vt 0.485619 0.713822
vt 0.500000 0.726582
vt 0.467887 0.711245
vt 0.500000 0.711699
vt 0.514381 0.713822
vt 0.512923 0.727273
vt 0.484961 0.705094
vt 0.531004 0.718706
vt 0.530374 0.729392
vt 0.500000 0.702324
vt 0.515039 0.705094
vt 0.548621 0.723050
vt 0.547815 0.732083
vt 0.532113 0.711245
vt 0.563780 0.725678
vt 0.562553 0.733551
vt 0.549226 0.715910
vt 0.576412 0.729748
vt 0.575206 0.734920
vt 0.564944 0.719406
vt 0.585000 0.736158
vt 0.577414 0.723185
vt 0.590125 0.730554
vt 0.594740 0.743700
vt 0.601866 0.736571
vt 0.464920 0.806106
vt 0.481646 0.808110
vt 0.470620 0.793933
vt 0.477679 0.832854
vt 0.454333 0.793189
vt 0.455736 0.829306
vt 0.447784 0.804164
vt 0.484915 0.794386
vt 0.500000 0.833780
vt 0.500000 0.808903
vt 0.433295 0.791393
vt 0.459764 0.784523
vt 0.442465 0.784523
vt 0.436819 0.824972
vt 0.500000 0.794559
vt 0.475441 0.784523
vt 0.488841 0.784523
vt 0.518354 0.808110
vt 0.522321 0.832854
vt 0.427810 0.784523
vt 0.427430 0.800837
vt 0.412805 0.797150
vt 0.500000 0.784523
vt 0.515085 0.794386
vt 0.511159 0.784523
vt 0.535080 0.806106
vt 0.544264 0.829306
vt 0.416323 0.818550
vt 0.401029 0.813915
vt 0.524559 0.784523
vt 0.529380 0.793933
vt 0.552216 0.804164
vt 0.563181 0.824972
vt 0.540236 0.784523
vt 0.545667 0.793189
vt 0.572570 0.800837
vt 0.583677 0.818550
vt 0.557535 0.784523
vt 0.566705 0.791393
vt 0.587195 0.797150
vt 0.598971 0.813915
vt 0.572190 0.784523
s 1
usemtl Material_93_1
f 2558/2558/2117 2559/2559/2118 2560/2560/2119
f 2558/2558/2117 2561/2561/2120 2559/2559/2118
f 2558/2558/2117 2560/2560/2119 2562/2562/2121
f 2558/2558/2117 2563/2563/2122 2561/2561/2120
f 2558/2558/2117 2562/2562/2121 2564/2564/2123
f 2558/2558/2117 2565/2565/2124 2563/2563/2122
f 2558/2558/2117 2564/2564/2123 2566/2566/2125
f 2558/2558/2117 2566/2566/2125 2565/2565/2124
f 2559/2559/2118 2567/2567/2126 2560/2560/2119
f 2559/2559/2118 2561/2561/2120 2568/2568/2127
f 2559/2559/2118 2568/2568/2127 2567/2567/2126
f 2562/2562/2121 2569/2569/2128 2564/2564/2123
f 2562/2562/2121 2560/2560/2119 2569/2569/2128
f 2566/2566/2125 2570/2570/2129 2565/2565/2124
f 2566/2566/2125 2564/2564/2123 2571/2571/2130
f 2566/2566/2125 2571/2571/2130 2570/2570/2129
f 2561/2561/2120 2572/2572/2131 2568/2568/2127
f 2567/2567/2126 2573/2573/2132 2560/2560/2119
f 2567/2567/2126 2568/2568/2127 2574/2574/2133
f 2567/2567/2126 2575/2575/2134 2573/2573/2132
f 2567/2567/2126 2574/2574/2133 2575/2575/2134
f 2569/2569/2128 2576/2576/2135 2564/2564/2123
f 2569/2569/2128 2560/2560/2119 2577/2577/2136
f 2569/2569/2128 2578/2578/2137 2576/2576/2135
f 2569/2569/2128 2577/2577/2136 2579/2579/2138
f 2569/2569/2128 2580/2580/2139 2578/2578/2137
f 2569/2569/2128 2579/2579/2138 2580/2580/2139
f 2560/2560/2119 2573/2573/2132 2577/2577/2136
f 2565/2565/2124 2570/2570/2129 2581/2581/2140
f 2571/2571/2130 2564/2564/2123 2582/2582/2141
f 2571/2571/2130 2583/2583/2142 2570/2570/2129
f 2571/2571/2130 2582/2582/2141 2584/2584/2143
f 2571/2571/2130 2584/2584/2143 2583/2583/2142
f 2564/2564/2123 2576/2576/2135 2582/2582/2141
f 2572/2572/2131 2585/2585/2144 2568/2568/2127
f 2572/2572/2131 2586/2586/2145 2585/2585/2144
f 2568/2568/2127 2585/2585/2144 2574/2574/2133
f 2575/2575/2134 2587/2587/2146 2573/2573/2132
f 2575/2575/2134 2574/2574/2133 2588/2588/2147
f 2575/2575/2134 2589/2589/2148 2587/2587/2146
f 2575/2575/2134 2588/2588/2147 2589/2589/2148
f 2577/2577/2136 2587/2587/2146 2579/2579/2138
f 2577/2577/2136 2573/2573/2132 2587/2587/2146
f 2578/2578/2137 2580/2580/2139 2590/2590/2149
f 2578/2578/2137 2591/2591/2150 2576/2576/2135
f 2578/2578/2137 2590/2590/2149 2592/2592/2151
f 2578/2578/2137 2592/2592/2151 2591/2591/2150
f 2582/2582/2141 2591/2591/2150 2584/2584/2143
f 2582/2582/2141 2576/2576/2135 2591/2591/2150
f 2580/2580/2139 2579/2579/2138 2590/2590/2149
f 2581/2581/2140 2570/2570/2129 2593/2593/2152
f 2581/2581/2140 2593/2593/2152 2594/2594/2153
f 2570/2570/2129 2583/2583/2142 2593/2593/2152
f 2586/2586/2145 2595/2595/2154 2585/2585/2144
f 2586/2586/2145 2596/2596/2155 2595/2595/2154
f 2574/2574/2133 2597/2597/2156 2588/2588/2147
f 2574/2574/2133 2585/2585/2144 2597/2597/2156
f 2585/2585/2144 2595/2595/2154 2597/2597/2156
f 2589/2589/2148 2598/2598/2157 2587/2587/2146
f 2589/2589/2148 2588/2588/2147 2599/2599/2158
f 2589/2589/2148 2600/2600/2159 2598/2598/2157
f 2589/2589/2148 2599/2599/2158 2600/2600/2159
f 2579/2579/2138 2598/2598/2157 2590/2590/2149
f 2579/2579/2138 2587/2587/2146 2598/2598/2157
f 2592/2592/2151 2601/2601/2160 2591/2591/2150
f 2592/2592/2151 2590/2590/2149 2602/2602/2161
f 2592/2592/2151 2603/2603/2162 2601/2601/2160
f 2592/2592/2151 2602/2602/2161 2603/2603/2162
f 2598/2598/2157 2600/2600/2159 2602/2602/2161
f 2598/2598/2157 2602/2602/2161 2590/2590/2149
f 2591/2591/2150 2601/2601/2160 2584/2584/2143
f 2594/2594/2153 2593/2593/2152 2604/2604/2163
f 2594/2594/2153 2604/2604/2163 2605/2605/2164
f 2583/2583/2142 2584/2584/2143 2606/2606/2165
f 2583/2583/2142 2607/2607/2166 2593/2593/2152
f 2583/2583/2142 2606/2606/2165 2607/2607/2166
f 2593/2593/2152 2607/2607/2166 2604/2604/2163
f 2584/2584/2143 2601/2601/2160 2606/2606/2165
f 2596/2596/2155 2608/2608/2167 2595/2595/2154
f 2596/2596/2155 2609/2609/2168 2608/2608/2167
f 2597/2597/2156 2610/2610/2169 2588/2588/2147
f 2597/2597/2156 2595/2595/2154 2611/2611/2170
f 2597/2597/2156 2611/2611/2170 2610/2610/2169
f 2595/2595/2154 2608/2608/2167 2611/2611/2170
f 2599/2599/2158 2612/2612/2171 2600/2600/2159
f 2599/2599/2158 2588/2588/2147 2613/2613/2172
f 2599/2599/2158 2614/2614/2173 2612/2612/2171
f 2599/2599/2158 2613/2613/2172 2614/2614/2173
f 2588/2588/2147 2610/2610/2169 2613/2613/2172
f 2603/2603/2162 2602/2602/2161 2615/2615/2174
f 2603/2603/2162 2616/2616/2175 2601/2601/2160
f 2603/2603/2162 2615/2615/2174 2617/2617/2176
f 2603/2603/2162 2617/2617/2176 2616/2616/2175
f 2615/2615/2174 2602/2602/2161 2600/2600/2159
f 2615/2615/2174 2600/2600/2159 2612/2612/2171
f 2601/2601/2160 2616/2616/2175 2606/2606/2165
f 2605/2605/2164 2604/2604/2163 2618/2618/2177
f 2605/2605/2164 2618/2618/2177 2619/2619/2178
f 2607/2607/2166 2606/2606/2165 2620/2620/2179
f 2607/2607/2166 2621/2621/2180 2604/2604/2163
f 2607/2607/2166 2620/2620/2179 2621/2621/2180
f 2604/2604/2163 2621/2621/2180 2618/2618/2177
f 2609/2609/2168 2622/2622/2181 2608/2608/2167
f 2609/2609/2168 2623/2623/2182 2622/2622/2181
f 2611/2611/2170 2624/2624/2183 2610/2610/2169
f 2611/2611/2170 2608/2608/2167 2625/2625/2184
f 2611/2611/2170 2625/2625/2184 2624/2624/2183
f 2625/2625/2184 2608/2608/2167 2622/2622/2181
f 2614/2614/2173 2613/2613/2172 2626/2626/2185
f 2626/2626/2185 2610/2610/2169 2624/2624/2183
f 2626/2626/2185 2613/2613/2172 2610/2610/2169
f 2617/2617/2176 2627/2627/2186 2616/2616/2175
f 2619/2619/2178 2618/2618/2177 2628/2628/2187
f 2619/2619/2178 2628/2628/2187 2629/2629/2188
f 2606/2606/2165 2630/2630/2189 2620/2620/2179
f 2606/2606/2165 2616/2616/2175 2630/2630/2189
f 2616/2616/2175 2627/2627/2186 2630/2630/2189
f 2621/2621/2180 2631/2631/2190 2618/2618/2177
f 2621/2621/2180 2620/2620/2179 2632/2632/2191
f 2621/2621/2180 2632/2632/2191 2631/2631/2190
f 2631/2631/2190 2628/2628/2187 2618/2618/2177
f 2627/2627/2186 2633/2633/2192 2630/2630/2189
f 2633/2633/2192 2632/2632/2191 2620/2620/2179
f 2633/2633/2192 2620/2620/2179 2630/2630/2189
f 2634/2634/2193 2635/2635/2194 2636/2636/2195
f 2634/2634/2193 2637/2637/2196 2635/2635/2194
f 2634/2634/2193 2636/2636/2195 2638/2638/2197
f 2634/2634/2193 2639/2639/2184 2637/2637/2196
f 2634/2634/2193 2638/2638/2197 2640/2640/2198
f 2634/2634/2193 2640/2640/2198 2639/2639/2184
f 2635/2635/2194 2637/2637/2196 2641/2641/2199
f 2638/2638/2197 2642/2642/2200 2640/2640/2198
f 2639/2639/2184 2640/2640/2198 2643/2643/2183
f 2637/2637/2196 2644/2644/2201 2641/2641/2199
f 2642/2642/2200 2645/2645/2202 2640/2640/2198
f 2642/2642/2200 2646/2646/2203 2645/2645/2202
f 2640/2640/2198 2645/2645/2202 2643/2643/2183
f 2646/2646/2203 2647/2647/2204 2645/2645/2202
f 2646/2646/2203 2648/2648/2205 2647/2647/2204
f 2643/2643/2183 2645/2645/2202 2649/2649/2185
f 2645/2645/2202 2647/2647/2204 2649/2649/2185
f 2648/2648/2205 2650/2650/2206 2647/2647/2204
f 2648/2648/2205 2651/2651/2207 2650/2650/2206
f 2649/2649/2185 2647/2647/2204 2652/2652/2173
f 2647/2647/2204 2650/2650/2206 2652/2652/2173
f 2651/2651/2207 2653/2653/2208 2650/2650/2206
f 2651/2651/2207 2654/2654/2209 2653/2653/2208
f 2651/2651/2207 2655/2655/2210 2654/2654/2209
f 2652/2652/2173 2650/2650/2206 2656/2656/2211
f 2650/2650/2206 2653/2653/2208 2656/2656/2211
f 2655/2655/2210 2657/2657/2212 2654/2654/2209
f 2655/2655/2210 2658/2658/2213 2657/2657/2212
f 2653/2653/2208 2659/2659/2214 2656/2656/2211
f 2653/2653/2208 2654/2654/2209 2660/2660/2215
f 2653/2653/2208 2660/2660/2215 2659/2659/2214
f 2658/2658/2213 2661/2661/2216 2657/2657/2212
f 2658/2658/2213 2662/2662/2217 2661/2661/2216
f 2654/2654/2209 2663/2663/2186 2660/2660/2215
f 2654/2654/2209 2657/2657/2212 2663/2663/2186
f 2662/2662/2217 2664/2664/2218 2661/2661/2216
f 2662/2662/2217 2665/2665/2219 2664/2664/2218
f 2657/2657/2212 2666/2666/2220 2663/2663/2186
f 2657/2657/2212 2661/2661/2216 2666/2666/2220
f 2665/2665/2219 2667/2667/2221 2664/2664/2218
f 2665/2665/2219 2668/2668/2222 2667/2667/2221
f 2661/2661/2216 2669/2669/2191 2666/2666/2220
f 2661/2661/2216 2664/2664/2218 2669/2669/2191
f 2668/2668/2222 2670/2670/2223 2667/2667/2221
f 2664/2664/2218 2671/2671/2224 2669/2669/2191
f 2664/2664/2218 2667/2667/2221 2671/2671/2224
f 2670/2670/2223 2672/2672/2187 2667/2667/2221
f 2670/2670/2223 2673/2673/2225 2672/2672/2187
f 2667/2667/2221 2672/2672/2187 2671/2671/2224
f 2673/2673/2225 2674/2674/2226 2672/2672/2187
f 2675/2675/2227 2676/2676/2228 2677/2677/2229
f 2675/2675/2227 2678/2678/2230 2676/2676/2228
f 2675/2675/2227 2677/2677/2229 2679/2679/2231
f 2675/2675/2227 2680/2680/2232 2678/2678/2230
f 2675/2675/2227 2679/2679/2231 2681/2681/2233
f 2675/2675/2227 2681/2681/2233 2680/2680/2232
f 2676/2676/2228 2682/2682/2234 2677/2677/2229
f 2676/2676/2228 2678/2678/2230 2683/2683/2235
f 2676/2676/2228 2684/2684/2236 2682/2682/2234
f 2676/2676/2228 2683/2683/2235 2684/2684/2236
f 2679/2679/2231 2685/2685/2237 2681/2681/2233
f 2679/2679/2231 2677/2677/2229 2686/2686/2238
f 2679/2679/2231 2687/2687/2239 2685/2685/2237
f 2679/2679/2231 2686/2686/2238 2687/2687/2239
f 2680/2680/2232 2681/2681/2233 2688/2688/2240
f 2682/2682/2234 2684/2684/2236 2689/2689/2241
f 2682/2682/2234 2690/2690/2242 2677/2677/2229
f 2682/2682/2234 2689/2689/2241 2691/2691/2243
f 2682/2682/2234 2691/2691/2243 2690/2690/2242
f 2690/2690/2242 2686/2686/2238 2677/2677/2229
f 2683/2683/2235 2692/2692/2244 2684/2684/2236
f 2683/2683/2235 2693/2693/2245 2692/2692/2244
f 2685/2685/2237 2687/2687/2239 2694/2694/2246
f 2685/2685/2237 2695/2695/2247 2681/2681/2233
f 2685/2685/2237 2694/2694/2246 2696/2696/2248
f 2685/2685/2237 2696/2696/2248 2695/2695/2247
f 2681/2681/2233 2695/2695/2247 2688/2688/2240
f 2689/2689/2241 2697/2697/2207 2691/2691/2243
f 2689/2689/2241 2684/2684/2236 2698/2698/2249
f 2689/2689/2241 2699/2699/2250 2697/2697/2207
f 2689/2689/2241 2698/2698/2249 2699/2699/2250
f 2684/2684/2236 2692/2692/2244 2698/2698/2249
f 2693/2693/2245 2700/2700/2251 2692/2692/2244
f 2693/2693/2245 2701/2701/2252 2700/2700/2251
f 2696/2696/2248 2702/2702/2253 2695/2695/2247
f 2696/2696/2248 2703/2703/2199 2702/2702/2253
f 2702/2702/2253 2688/2688/2240 2695/2695/2247
f 2699/2699/2250 2698/2698/2249 2704/2704/2254
f 2692/2692/2244 2700/2700/2251 2705/2705/2255
f 2692/2692/2244 2705/2705/2255 2698/2698/2249
f 2698/2698/2249 2705/2705/2255 2704/2704/2254
f 2701/2701/2252 2706/2706/2256 2700/2700/2251
f 2701/2701/2252 2707/2707/2257 2706/2706/2256
f 2705/2705/2255 2708/2708/2217 2704/2704/2254
f 2705/2705/2255 2700/2700/2251 2709/2709/2258
f 2705/2705/2255 2709/2709/2258 2708/2708/2217
f 2700/2700/2251 2706/2706/2256 2709/2709/2258
f 2707/2707/2257 2710/2710/2259 2706/2706/2256
f 2707/2707/2257 2711/2711/2260 2710/2710/2259
f 2708/2708/2217 2709/2709/2258 2712/2712/2261
f 2706/2706/2256 2710/2710/2259 2713/2713/2262
f 2706/2706/2256 2713/2713/2262 2709/2709/2258
f 2709/2709/2258 2713/2713/2262 2712/2712/2261
f 2711/2711/2260 2714/2714/2263 2710/2710/2259
f 2711/2711/2260 2715/2715/2225 2714/2714/2263
f 2710/2710/2259 2714/2714/2263 2713/2713/2262
f 2712/2712/2261 2713/2713/2262 2716/2716/2264
f 2716/2716/2264 2713/2713/2262 2714/2714/2263
